ticket_id,customer_name,contact_number,review,timestamp,category,priority,department
TCK-v1.0-00666,Isha Chauhan,+918065612481,"Hey, I am really frustrated. My sms's are just not going out or coming in for the past few hours. I tried restarting my phone, checking balance, even reinsertin the SIM, but nothing works. I also saw a weird charge on my bill for an sms pack I never bought – maybe it's related? Please fix this ASAP, I need to stay in touch for work.",2026-05-19T03:30:30.367012,Technical,Critical,Technical
TCK-v1.0-00384,Rohan Patel,+919988013361,"Hello, I topped up my prepaid account today and the amount was deducted from my bank, but when I check the balance it still shows the old amount. I tried reloading again but it says insufficient balance. Can you please check what's happening? Thanks.",2026-06-25T23:19:02.864904,Billing,Medium,Finance
TCK-v1.0-01719,Arjun Malhotra,+918011686854,"I cancelled my postpaid plan last week and was told I'd get the refund within 5 days. It's been 10 days now and still no money in my account. Please check and process it soon, otherwise I will have to raise a complaint.",2026-04-07T13:36:18.214020+00:00,Refund,Medium,Refunds
TCK-v1.0-01636,Vikram Kapoor,+919734266179,"Hey team, my internet has been down for the last 3 days in my area (sector 12, Delhi). I tried restarting the router, but still no signal. Some neighbours have service, so not sure if it's just my line. Please check and fix soon.",2026-04-18T09:31:19.660534+00:00,Technical,Medium,Technical
TCK-v1.0-01219,Karan Mehta,+919626247317,"Hi, I was wondering why the promotional data pack I saw on your website isn’t showing up in the app. Could you please check? No rush, just need clarification.",2026-03-31T08:53:43.122131+00:00,General,Low,General Support
TCK-v1.0-TOPUP-00046,Isha Desai,+919667707122,"I just checked my latest bill and it shows I was charged for a 5GB data plan even though I am on the 1GB plan. This extra Rs.500 is unacceptable. Please correct it immediately and refund the amount, otherwise I will have to switch provider. I need this sorted today!",2026-07-21T08:32:00.166708+00:00,Billing,Critical,Refunds
TCK-v1.0-01514,Neha Malhotra,+919750229612,"Hey, I just checked my account and the address and name shown are wrong. I need it fixed asap because I'm getting bills sent to wrong place and I might miss important notifications. Please correct it quickly!",2026-03-10T03:23:17.029128+00:00,Account,High,Account
TCK-v1.0-01051,Isha Patel,+919016719022,"Hey team, I noticed I was charged twice for my June data pack – both Rs. 499 entries appear on my bill. Not sure if it’s a system glitch or some mix‑up, but could you please check and correct the duplicate charge? Thanks!",2026-03-26T18:47:00.653604+00:00,Billing,Low,Refunds
TCK-v1.0-01773,Neha Desai,+918006665800,"Sir, I need clear info about the new data+call combo plan you advertised on the app. Also, my last bill still shows an extra Rs. 99 charge that I can't locate. Please send me the plan benefits and correct the bill if needed. Thanks.",2026-06-15T21:39:47.816110+00:00,General,Medium,General Support
TCK-v1.0-01632,Vikram Nair,+919865965756,"Hey, I just saw Rs.500 deducted from my bank for my monthly bill, but the app still shows my balance as unpaid. I need this fixed ASAP, otherwise my service might get cut. Please look into it urgently!",2026-03-05T08:31:12.980606+00:00,Billing,Critical,Finance
TCK-v1.0-01804,Suresh Nair,+919002654235,"Hey, I tried to recharge my prepaid number today but the amount got deducted from my bank, yet my balance still shows zero. The app says payment failed. Can someone sort this out? I need my data soon, but I don't want to be charged twice. Thanks.",2026-07-24T03:33:04.888462+00:00,Billing,Medium,Finance
TCK-v1.0-00613,Pooja Iyer,+919965650455,I am really upset. My latest bill shows Rs.1499 but my plan is supposed to be Rs.999. I have been paying the lower amount for months and now this sudden jump is not acceptable. Please fix this ASAP!,2026-05-31T02:28:16.452657,Billing,High,Finance
TCK-v1.0-00127,Meera Reddy,+919052717744,"Hey, I think my address and email on my account are not quite right. I tried to change it via the app but it kept showing old details. Could you please check and update my registered info when you get a chance? No rush, just want everything correct for future bills.",2026-03-19T15:08:45.657774,Account,Low,Account
TCK-v1.0-01427,Sneha Desai,+917024493534,"Sir, my 4G data stopped working since yesterday evening. I tried turning airplane mode on/off, resetting network settings and even restarted the phone, but still no internet. It’s affecting my work, please fix asap. My number is active, just the data is dead.",2026-04-11T12:18:12.490585+00:00,Technical,High,Technical
TCK-v1.0-01031,Arjun Reddy,+917012236231,"I tried to change my address on the portal but it keeps showing old info, and now my new SIM hasn't activated yet. Also, I noticed a small extra charge of Rs. 29 on my last bill. Please fix my profile and let me know about the charge.",2026-05-03T14:45:48.696483+00:00,Account,Medium,Account
TCK-v1.0-00963,Meera Mehta,+919828413908,"I got a new SIM and tried to transfer the number to my name, but the system still shows the old owner's details. Called support twice and they only reset the OTP, nothing changes. This is messing up my banking OTPs and work calls. Please sort the ownership tranfer ASAP!",2026-08-12T00:42:07.738862,Account,High,Technical
TCK-v1.0-01550,Pooja Malhotra,+919084161692,"I just checked my latest bill and it shows I was charged for the premium data plan even though I am still on the basic 5GB pack. I never switched anything, but the amount is about ₹500 extra. Please look into this and correct it, I need the extra amount refunded ASAP. This is getting frustrating.",2026-04-01T18:25:22.147987+00:00,Billing,High,Refunds
TCK-v1.0-01559,Suresh Reddy,+919682911467,"I tried to recharge my prepaid number yesterday, but the amount got deducted twice and my balance still shows zero. The app says payment successful but I can't use data. Please sort this out soon, I'm stuck and need my phone for work. Let me know what to do.",2026-04-06T14:26:11.430608+00:00,Billing,High,Finance
TCK-v1.0-00669,Kavya Rao,+919777242954,"Hi, I want to know more about the new data add‑on plan you launched – like how many GB and the monthly charge. Also, I think I was promised a small refund on my last bill for an overcharge but haven't seen it yet. Could you pls clarify both? Thanks.",2026-06-28T14:30:41.532097,General,Low,Refunds
TCK-v1.0-00966,Sanjay Malhotra,+919942346199,"Hello, I have been trying to find out about the latest data pack offers but the website keeps showing old info. I need the correct details ASAP because my current plan is expiring soon and I don't want any service disruption. Please get back to me quickly.",2026-05-30T11:42:11.328207,General,High,General Support
TCK-v1.0-00790,Rohan Chauhan,+919858025662,"I tried to update my address on the portal but it still shows the old one. I called your support and they said it would be fixed in 24 hrs, yet nothing changed. I need the new address for my SIM delivery, so please sort this out ASAP, I'm getting worried.",2026-07-20T12:35:17.482745,Account,High,Account
TCK-v1.0-00974,Divya Joshi,+919840907426,"Namaste, I just checked my account and my name is spelled wrong (it shows as Rohan Singh instead of Rohit Singh) and the address is still the old one from 2020. This is blocking me from getting a new SIM. Also, I saw a random Rs.200 charge on my last bill that I don't recognize. Please correct my profile urgently and clarify the extra charge. Thanks!",2026-08-07T23:42:34.733142,Account,High,Account
TCK-v1.0-00185,Vikram Nair,+919841574733,"I was checking my latest bill and it shows I was charged for 5GB extra data even though my plan is only 2GB. I think there is a mistake, but also I noticed my caller tune didn’t get updated after I tried to change it last week. Can you please look into the billing issue first? Thanks.",2026-04-02T08:11:01.049352,Billing,Low,Finance
TCK-v1.0-01015,Ananya Desai,+919686801128,"Hey, my SMS are stuck! I send messages to my family but they never get delivered, and I also don't receive any incoming texts. It's been like 2 days and I can't even confirm appointments. Please fix ASAP, this is affecting my work.",2026-08-08T16:44:48.053588+00:00,Technical,High,Technical
TCK-v1.0-01885,Rohan Chauhan,+919693676320,"I tried logging into the portal today but it just keeps loading and then shows an error. Not sure if it's my account or the website. Could you look into it when you get a chance? It's not affecting my service right now, just a bit inconvenient.",2026-07-22T22:26:40.779029+00:00,Account,Low,Account
TCK-v1.0-01438,Ananya Joshi,+917046804436,"I tried updating my address and email on the portal but it still shows the old info. Got a call from support saying they'd sort it, yet after two days nothing changed. I'm not sure if I did something wrong or the system is glitchy – please fix the registered details soon.",2026-03-23T08:18:51.420228+00:00,Account,Medium,Account
TCK-v1.0-00286,Divya Iyer,+919602410386,"Dear support, I tried to change my address and email in the portal but it still shows my old details. I called the helpline twice, got a genric reply and now my bills are going to the wrong address. Plz fix this ASAP, I cannot wait any longer as I might miss important notifications.",2026-02-19T05:15:02.970235,Account,High,Account
TCK-v1.0-01099,Ritu Rao,+919099809402,"Hey, I saw Rs. 499 was taken from my account today for my monthly plan but when I check the app it still shows my previous balance and the new bill is not applied. Maybe it’s a delay, but could you please confirm the payment went through? Thanks.",2026-06-09T05:50:34.945755+00:00,Billing,Low,Finance
TCK-v1.0-00109,Suresh Mehta,+918056984789,"Hey, I just got my latest bill and I'm kinda confused – it shows Rs.2450 while I usually pay around Rs.1200. I think there's some extra charge I didn't use. Can you pls check and let me know what's up? Thanks.",2026-04-29T13:08:20.779290,Billing,Medium,Finance
TCK-v1.0-00415,Karan Desai,+919056512694,"I tried to topup my prepaid number through the app yesterday, but the transaction got stuck at 'processing' and later showed as failed. Money was deducted from my bank, yet my balance is still zero. I need this amount back asap. Also, my internet speed has been super slow lately, hardly getting 4G even though my plan says 4G. Please sort the refund first and tell me when it'll be processed.",2026-06-11T23:20:14.037576,Refund,High,Refunds
TCK-v1.0-00817,Kavya Bhat,+919849828246,"Hey, I just got my new SIM yesterday and now my phone keeps saying 'No Service' even after restarting. I tried inserting it in another phone and same thing, maybe the network registration is not done properly? Could it be a billing hold? I'm not sure, but I'd love if you could check the SIM activation. Thanks.",2026-04-21T07:36:21.886697,Technical,Medium,Technical
TCK-v1.0-00122,Pooja Patel,+919606071596,"I was checking my last month bill and saw I was charged twice for the same data pack – Rs.199 appears two times. I called the helpline but they said they need my last payment receipt which I never got in the email. Also, my internet speed has been a bit slow these days, but that's not the main issue. Please fix the double charge soon.",2026-03-24T04:08:39.610346,Billing,Medium,Finance
TCK-v1.0-01859,Suresh Gupta,+919810310518,"I checked my latest bill and there's an extra ₹500 charge I never incurred. I also noticed my data speed has been sluggish these days, but I'm not sure if that's related. Please explain the extra amount and adjust it. Thanks.",2026-06-20T03:25:02.145322+00:00,Billing,Medium,Finance
TCK-v1.0-01753,Aditya Joshi,+919715521667,"Hey, I tried logging into my account many times and now it's saying it's locked. I think I might have messed up the password, but I need to access my bill and recharge. Can you please unlock it? It's kinda urgent but I can wait a bit.",2026-06-10T15:38:29.092527+00:00,Account,Medium,Account
TCK-v1.0-01158,Priya Joshi,+917035841687,"I just got my latest bill and it shows extra Rs. 500 for data I never used. Please check and adjust. This is causing me trouble, kindly fix soon.",2026-03-30T19:54:53.493801+00:00,Billing,Medium,Finance
TCK-v1.0-00087,Sanjay Kapoor,+919858657809,"I have been trying to log in to my account portal since yesterday but every time I get a ‘service unavailable’ error or just a blank screen. I need to check my recent bill and update my address, but the site just freezes and I can't do anything. I called the helpline and they told me to try later – that’s not helping at all. This is really impacting my work and I can’t make any payments. Please sort this out ASAP, it’s urgent!",2026-07-31T09:07:27.563740,Account,Critical,Account
TCK-v1.0-00616,Rahul Iyer,+919987923264,"Hi, I was checking my account and I couldn't find the list of recharge plans. Can u tell me what options are available? Also, if there is any special pack for data+calls? I don't know if this is a big issue but I'd appreciate some guidance. Thanks!",2026-03-29T01:28:20.135713,General,Low,Account
TCK-v1.0-01883,Arjun Chauhan,+919673872148,"Hey team, I keep trying to find the best recharge plans on your app but it's all jumbled. Can you tell me which options are available for data and talk, and if any special offers are running? Need this sorted soon so I can keep using my phone.",2026-03-02T15:26:37.793044+00:00,General,Medium,General Support
TCK-v1.0-01147,Suresh Verma,+919026801824,"I tried to open the app today and it keeps saying my login details are wrong, even though I haven't changed anything. Maybe it's a glitch? I could use some help, but it's not urgent.",2026-07-06T22:54:03.978809+00:00,Account,Low,Account
TCK-v1.0-01191,Divya Iyer,+919740892687,"I just checked my latest bill and I'm being charged for a 2GB data plan, but I'm actually on a 1GB plan. This extra Rs.500 is unacceptable. Please correct the invoice immediately.",2026-08-05T16:56:48.101166+00:00,Billing,High,Finance
TCK-v1.0-01072,Neha Gupta,+918016117240,"I recharged my number 5k yesterday but the amount is still pending and my data is not working. Please process the refund asap, I need the money for other bills. This is getting annoying.",2026-08-06T17:48:57.519543+00:00,Refund,Medium,Refunds
TCK-v1.0-00291,Meera Sharma,+919952135680,"Hey team, I tried updating my address in the app but it keeps showing the old one. I called support and they said it'll be fixed, but after 3 days nothing changed. Please help me get my new adress saved, I need it for the billing statements. Thanks.",2026-02-25T07:15:12.571897,Account,Medium,Account
TCK-v1.0-01313,Vikram Kapoor,+919631585149,"My phone keeps droppng calls and the data speed is super sloo in my area. Even after moving around, I still get no signal, and I can't even open WhatsApp. Please fix ASAP, this is affecting my work.",2026-06-21T22:59:57.872411+00:00,Technical,High,Technical
TCK-v1.0-00445,Rohan Kapoor,+919643347228,"Hi team, lately my phone has been showing very weak siganl in my neighbourhood, even when I step out of my house the bars drop to 1 or 0. Calls drop after a few seconds and mobile data is painfully slow. It's not happening all the time, but most days it's bad enough that I can't stream or make important calls. Could you please look into the tower or network issue? Thanks.",2026-07-05T16:21:28.200046,Technical,Medium,Technical
TCK-v1.0-01160,Meera Mehta,+919680002578,"I recently bought a new SIM and asked the shop to trasfer my old number to it, but still getting messages saying my old SIM is active. Also, I tried to set up my data plan but the app keeps crashing. Please sort out the number transfer soon.",2026-04-23T23:54:56.011863+00:00,Account,Medium,Account
TCK-v1.0-01673,Rohan Nair,+919883285691,I just checked my latest bill and there is an extra Rs 500 charge for data that I never used. Please explain and correct it ASAP. This is unacceptable.,2026-05-31T05:33:26.827748+00:00,Billing,High,Finance
TCK-v1.0-00756,Sneha Sharma,+919660954317,"Hello, I tried to update my address and email on your portal but it keeps showing error. I called support and they said it was fixed, but the old info is still there. This is causing trouble for my bills and important documents. Please sort this out quickly, I can't wait any longer.",2026-06-17T06:33:58.753804,Account,High,Account
TCK-v1.0-01850,Priya Rao,+919764139537,"I topped up my phone this morning but the amount hasn't reflected even after 2 hours. I need the balance for important calls, and the app keeps showing a failed transaction. Please fix this ASAP, it's affecting my work. I've already tried restarting the app, no luck.",2026-05-09T15:24:45.632589+00:00,Billing,High,Finance
TCK-v1.0-01953,Sneha Reddy,+919654527111,"Hey, I noticed my last two bills have extra chargez that I don't recognise. The amount keeps going up even though I didnt use extra data or int'l calls. I thought my plan was fixed. Can someone check what's happening? Please help sort this out.",2026-07-26T22:30:23.566526+00:00,Billing,Medium,Finance
TCK-v1.0-00791,Ritu Iyer,+919616323467,"I asked for a refund a week ago after my prepaid plan got auto‑renewed by mistake. Still haven't seen any money in my account. I understand these things take time, but a quick update would be nice.",2026-07-07T21:35:20.519366,Refund,Low,Refunds
TCK-v1.0-00363,Meera Joshi,+918048837550,"I was shocked to see my March bill – I am on the 499 per month unlimited data plan but the invoice shows Rs 749 with extra 2GB data charges. I asked the chatbot and got a generic reply, still no correction. Also, my internet speed has been fluctuating lately, sometimes dropping to 2G. Please fix the bill and give me the extra amount back. I need this resolved ASAP.",2026-06-21T02:18:08.985132,Billing,High,Refunds
TCK-v1.0-00285,Kavya Sharma,+919985050641,"Namaste, I am interested in your latest 1.5GB data plann. Please share the monthly cost and if there are any extra charges. Thank you.",2026-06-26T00:15:01.539107,General,Low,General Support
TCK-v1.0-00168,Priya Verma,+919667735925,"My internet keeps droppng every few hours for the past week and the speed is way lower than promised. I have tried restarting the router many times but nothing changes. Also I saw an extra charge on my last bill for a ""value added service"" I never used, not sure if that’s related. Please look into this.",2026-05-27T17:10:35.264398,Technical,Medium,Technical
TCK-v1.0-00325,Sanjay Sharma,+919653074505,"Sir/Madam, I tried to login to my account many times today and after entering the wrong password 3 times it says my account is locked. I can’t even reset it now. Please unlock it ASAP—I need to check my latest bill and pay b4 the due date. This is really frustrating.",2026-06-01T07:16:47.023186,Account,High,Account
TCK-v1.0-00572,Aditya Desai,+919920309376,"Sir/Madam, I checked my account details on the app and the adress and email shown are wrong. I never changed them, please fix the profile info ASAP as it's affecting my bills.",2026-07-31T23:26:40.621728,Account,Medium,Account
TCK-v1.0-01762,Arjun Mehta,+919099757113,"Hey, my 4G just stopped working in our colony since morning. I tried restarting, moving around, even switching SIMs but still no signal. Others nearby are facing same thing. Can you please check what's going on? It's getting frustrating as I need to work from home. Thanks.",2026-08-18T17:39:03.449106+00:00,Technical,Medium,Technical
TCK-v1.0-00847,Vikram Reddy,+919090472927,"I tried logging into the app several times today and now it says my account is locked. I don't know if I typed the password wrong or if there's a glitch, but I can't access my balance or make any calls. I have an important meeting tomorrow and need this sorted ASAP. Please unlock it right away, this is really urgent!",2026-02-20T01:37:45.863434,Account,Critical,Account
TCK-v1.0-TOPUP-00035,Isha Verma,+918043592564,"Hi, I’ve been using your broadband for 6 months and lately the speed drops a lot. I tried contacting support but got no clear answer. Could you please check if any refund is applicable for the downtime? Thanks.",2026-03-12T06:29:14.991996+00:00,General,Medium,Refunds
TCK-v1.0-01044,Karan Reddy,+919045494808,"Hey team, my broadband has been crawling for the past few days. I’m trying to stream videos and even simple browsing feels like waiting for a snail. I’ve rebooted the router multiple times but still get 0.5-1 Mbps, far less than my plan. Please look into it urgently, this is affecting my work.",2026-07-01T01:46:37.013301+00:00,Technical,High,Technical
TCK-v1.0-01912,Rahul Kapoor,+919823281206,"I signed up for the 199/ month unlimited data plan, but this month's bill shows 299 and extra charges for services I never used. I called support earlier and they said it's correct, but I cant find any usage that matches. Please check and correct the invoice soon, this is getting frustrating.",2026-04-25T13:28:13.099467+00:00,Billing,High,Finance
TCK-v1.0-01690,Rahul Bhat,+919906788317,"Sir, I just got my June bill and it shows Rs. 2,500 while I only used 100 minutes and no extra services. I tried checking the portal but the data usage section is missing, so I can't verify. Please fix the amount and also tell me why the app isn't showing my usage. This is confusing and I need a clear answer.",2026-07-23T23:34:33.847635+00:00,Billing,Medium,Finance
TCK-v1.0-01685,Aditya Desai,+919891826199,"Hey, I think the network has gone poof in my area for a couple of days now. Some friends say they get signal, but I'm stuck with 0 bars near my house. Not urgent, maybe it's a local tower thing, but would be nice if you could check. Thanks.",2026-08-03T14:34:27.515857+00:00,Technical,Low,Technical
TCK-v1.0-00395,Arjun Gupta,+919036452577,"Sir, I tried logging into my account several times and now it says it's locked. I think I entered the OTP incorrectly a few times. Could you please unlock it? I need to check my data usage and maybe upgrade my plan. Not a big emergency, but I would appreciate it if it can be fixed soon.",2026-04-25T05:19:22.766267,Account,Medium,Account
TCK-v1.0-01269,Rahul Kapoor,+919823281206,"I keep getting call drops on my 4G network every evening, but I can still use data for a while. It's annoying but not breaking anything. Please look into it.",2026-04-24T13:57:18.952406+00:00,Technical,Low,Technical
TCK-v1.0-00507,Manoj Joshi,+919968602592,"I got my new SIM last week, but even after inserting it my phone shows ""No Service"" and I can't register on the network. I tried restarting, re‑inserting, and even toggling airplane mode, but nothing works. Could you please look into this? It's getting annoying but not an emergency.",2026-07-07T12:24:04.091784,Technical,Medium,Technical
TCK-v1.0-00831,Pooja Kapoor,+919753566905,"I have been facing internet drops on my connection for the past few weeks. Every time I call support they say they will look into it, but nothing changes. It's annoying but I can manage with mobile data for now, so I’m not in a rush.",2026-05-25T13:36:56.611050,Technical,Low,Technical
TCK-v1.0-01733,Rahul Kapoor,+919744432830,"Hey, I'm having trouble with my messages – sometimes they don't go out and I hardly get any incoming texts. It hasn't stopped anything important, but it's annoying. Can you check if there's something wrong with my network?",2026-03-18T15:37:10.374905+00:00,Technical,Low,Technical
TCK-v1.0-00295,Kavya Bhat,+918067066253,I just got my latest bill and i see extra Rs. 500 that i never used. I think there is some mistake with the data pack charges. Please check and correct it soon. This is really bothering me.,2026-07-01T08:15:37.318067,Billing,High,Finance
TCK-v1.0-00807,Ritu Rao,+919092419562,"Hi, I recently got a new phone and asked the shop to transfer my existing number to the new SIM but it still shows as inactive while the old SIM works. I called support and they said the transfer is pending, but it's already been 3 days. I can't receive OTPs for banking and it’s getting really frustrating. Please sort this out asap.",2026-05-24T11:36:01.409886,Account,High,Account
TCK-v1.0-00916,Divya Reddy,+919830587210,"Hey, I just logged into my account and noticed my name and address are wrong. It's messing up my service and I can't even check my bill properly. Please sort this out right away, it's really urgent!",2026-05-20T05:40:16.199677,Account,Critical,Account
TCK-v1.0-01014,Rahul Malhotra,+919001640052,"I have been trying to understand why my data speed drops after 6pm every day. The app shows full balance but browsing becomes painfully slow. I called earlier and got a generic answer, still no change. Can someone explain if there is a network issue or if I need a different plan? Thanks.",2026-03-07T19:44:46.793454+00:00,General,Medium,General Support
TCK-v1.0-01171,Divya Sharma,+919865712082,"I was checking the app for any new data packs and saw a banner about a 2GB extra offer, but when I tried to subscribe it says not available for my number. Could you please clarify if this promo is still running or only for new customers? Thanks.",2026-05-05T07:55:31.885399+00:00,General,Low,General Support
TCK-v1.0-00713,Divya Verma,+919086326667,"Hey team, I was browsing the app and saw some tempting data packs but I'm not sure which one suits me best. Could you tell me if there are any ongoing offers for unlimited calls + 1.5GB data that are still active? Also, I heard about a festive bonus – is that still available? I'd appreciate a quick clarification so I can decide, thanks.",2026-04-06T19:32:25.089342,General,Medium,General Support
TCK-v1.0-01275,Rohan Chauhan,+919765512567,"Hey, I was checking the app for recharge options and I couldn't find any prepaid packs for my plan. Could you add more choices? It's not urgent, just a bit confusing.",2026-06-05T14:57:44.707317+00:00,General,Low,General Support
TCK-v1.0-01619,Rahul Rao,+919615679334,"I just checked my profile on your portal and my address is still showing my old one even after I updated it last week. This is causing my bills to go to the wrong place. Please fix it ASAP, I'm really annoyed.",2026-02-25T01:30:20.298210+00:00,Account,High,Account
TCK-v1.0-00173,Isha Nair,+917001624565,I was checking my latest bill and saw an extra Rs.500 charge that I never made. I think it might be a mistake. Please look into it and correct it when you can.,2026-08-06T04:10:43.752934,Billing,Low,Finance
TCK-v1.0-01419,Priya Kapoor,+917001326773,"Hello, I saw that my last bill charged me for a 5GB plan even though I am on the 2GB plan. Please fix the amount for next month. Not urgent, just want it correct. Thanks!",2026-05-09T02:17:52.700105+00:00,Billing,Low,Finance
TCK-v1.0-01810,Aditya Verma,+919723884969,"Hey, I asked for my refund last week after my prepaid pak got cancelled, but I still haven’t seen any money in my account. Can you check? It’s not urgent, just wanted to know when it’ll happen.",2026-05-08T18:33:50.930823+00:00,Refund,Low,Refunds
TCK-v1.0-01195,Meera Joshi,+919813983735,"Hey, my phone keeps dropping calls and data is super slow in my area, especially after sunset. I think something's wrong with the tower. I also noticed my bill showed extra data charges, not sure if related. Please look into this ASAP.",2026-06-02T03:56:59.887760+00:00,Technical,High,Technical
TCK-v1.0-00022,Ananya Iyer,+919864746872,"I got a new sim last week but even after inserting it, my phone shows no service and the registartion on the network just won’t happen. I tried restarting, re‑inserting the sim and even visited the nearest store; they said everything is fine on their side. Still I can’t make calls or use data. Maybe it’s my phone, maybe it’s the sim – please help sort this out soon.",2026-06-30T07:04:35.898430,Technical,Medium,Technical
TCK-v1.0-01065,Sneha Kapoor,+919027484677,"Hello, I tried to change my address in the MyAccount portal but it keeps showing old info. I called support, they said it'll be fixed in 48 hrs but nothing changed. Please update my registered address ASAP, it's affecting my bills. Thanks.",2026-06-16T13:48:30.003782+00:00,Account,Medium,Account
TCK-v1.0-TOPUP-00056,Vikram Iyer,+919600293962,"I asked for a refund on my last prepaid recharge two weeks ago and still see no money back. Every call to your support ends with a promise, but nothing changes. This delay is affecting my cash flow. Please process it immediately, I can't wait any longer.",2026-04-24T01:33:38.930267+00:00,Refund,High,Finance
TCK-v1.0-TOPUP-00005,Isha Verma,+918043592564,"Hey, I tried to check my data balance via the USSD code but it keeps showing an error. Can you tell me how to get the correct balance? Also, is there any way to get a quick refund if I was wrongly charged for extra data last month? Please help.",2026-03-12T06:23:12.728212+00:00,General,Medium,Refunds
TCK-v1.0-01455,Aarav Bhat,+919671657262,"I recently bought a new SIM and the old number still shows up on my account, while the new one is not activated. I tried contacting support but keep getting transferred. Please sort this out quickly, I'm missing important calls.",2026-04-07T07:19:55.261545+00:00,Account,High,Account
TCK-v1.0-01233,Arjun Rao,+919634216073,"Hello, my mobile calls keep dropping after a few seconds, even when I have good signal. I tried restarting, switching SIM, but still same. It's getting really annoying because I miss important work calls. Please fix it soon, I can't keep dealing with this.",2026-06-27T21:55:17.780434+00:00,Technical,High,Technical
TCK-v1.0-TOPUP-00070,Neha Iyer,+919818685397,"Hi, I cancelled my prepaid plan a week ago and was told the Rs. 299 would be credited back within 5 days. Still nothing shows up. It's not a huge deal, but please check when you get a chance. Thanks.",2026-05-15T14:36:01.507631+00:00,Refund,Low,Finance
TCK-v1.0-00745,Arjun Kapoor,+919774355379,"I recently bought a new phone and tried to shift my old number to the new SIM, but the system says the SIM is still linked to my previous address. I called support and they kept putting me on hold, and now I'm stuck without any connectivity. Please sort this out asap, I need the SIM transferred before I travel tomorrow. This is getting really frustrating!",2026-05-25T16:33:35.838364,Account,High,Account
TCK-v1.0-00719,Arjun Rao,+918020089434,"Sir/Madam, I'm really stuck – I keep trying to login to my account on your portal but it just keeps saying 'invalid credentials' even though I haven't changed my password. I tried resetting it, but the reset link never arrives on my email. This is affecting my ability to check my bill and recharge, so please look into it ASAP. Thanks.",2026-05-01T00:32:35.167703,Account,High,Account
TCK-v1.0-01720,Aarav Rao,+918099861622,"I topped up Rs.500 today through UPI but my balance still shows zero. I tried calling support and got a busy tone, plus my internet speed is lagging a lot since yesterday. Please sort the recharge and let me know why my data is slow.",2026-03-26T09:36:19.579266+00:00,Billing,Medium,Finance
TCK-v1.0-00113,Kavya Reddy,+919060494519,"My phone keeps dropping calls after the first minute, especially when I'm on the road. It's kinda annoying but not urgent, just wanted to let you know.",2026-04-10T10:08:29.323903,Technical,Low,Technical
TCK-v1.0-01475,Sanjay Bhat,+919080715451,"Hello, I was checking my latest bill and noticed I was charged extra Rs.150 for data that I never used. Maybe it's a mistake? Please look into it when you can. Thanks.",2026-05-07T11:20:49.817484+00:00,Billing,Low,Finance
TCK-v1.0-01444,Rahul Rao,+919948734714,"I tried to recharge my prepaid number yesterday but the amount got deducted from my bank, and I still got a 'payment failed' message. My balance is still zero and I can't make calls. Please look into this and process a refund soon.",2026-06-19T19:19:15.100347+00:00,Billing,Medium,Refunds
TCK-v1.0-00385,Kavya Kapoor,+919012075011,"I just checked my latest bill and it's showing Rs. 3,500 instead of my usual Rs. 1,299. There is a charge for ""international roaming"" that I never used. Can you please look into this and fix it? Thanks.",2026-08-04T11:19:06.171681,Billing,Medium,Finance
TCK-v1.0-00333,Rahul Iyer,+919657437489,"Hey, I tried to topup my prepaid number today but the payment got stuck at Rs.499 and my bank shows it deducted, while my balance still shows zero. I need that money back ASAP! Also, I noticed my last bill had an extra Rs.120 charge that I never used. Please sort the refund quickly, this is really frustrating.",2026-05-07T22:17:02.372614,Refund,High,Refunds
TCK-v1.0-01940,Rahul Joshi,+919651370985,"Hey, I have been trying to use data and calls since morning but there is no signal at all in my area (Sector 5, Bhopal). I checked with neighbours, same issue. Please fix soon, it's affecting my work. Thanks.",2026-03-16T04:29:48.969553+00:00,Technical,Medium,Technical
TCK-v1.0-00671,Rohan Chauhan,+919942069694,"Sir/Madam, my latest invoice shows Rs.1500 even though my plan is Rs.999. I think there's a billing mismatch and I'm being overcharged. Please sort this out asap, otherwise I may have to switch providers.",2026-07-10T14:30:43.862775,Billing,High,Finance
TCK-v1.0-01037,Divya Kapoor,+919800330923,"I noticed my latest bill has been charged for a higher plan even though I never switched. Looks like a mistake, could you please check and adjust? Not a huge issue, just want it right.",2026-07-16T12:46:02.957180+00:00,Billing,Low,Finance
TCK-v1.0-01180,Meera Reddy,+919687833918,I signed up for the 299/month data plan but this month my bill shows 399 and I also got a weird extra charge for 'service fee'. I checked my app and it still says I'm on the cheaper plan. Can you please sort this out? It's confusing but not an emergency.,2026-04-25T11:56:02.150516+00:00,Billing,Medium,Finance
TCK-v1.0-00499,Isha Chauhan,+919923306046,"I asked for a refund for the extra charges on my last bill on 10 June and still nothing has been credited. It's been over two weeks, I keep calling and they just say ""wait"" each time. This is very frustrating, please release my money ASAP!",2026-06-21T17:23:32.992454,Refund,Critical,Refunds
TCK-v1.0-01898,Meera Rao,+919890586518,"I tried logging in to my app multiple times and now it says my account is locked. Not sure if it's a billing thing or a technical glitch, but I can't access my number details. Please help unlock it soon.",2026-03-07T01:27:24.878251+00:00,Account,Medium,Account
TCK-v1.0-00209,Divya Nair,+919027086688,"I tried logging into my account portal today but it says my credentails are wrong even though I didn't change anything. I tried resetting the password but the reset link never comes to my email. Please look into it, I'm kinda stuck.",2026-07-14T04:11:59.611469,Account,Medium,Account
TCK-v1.0-00548,Pooja Gupta,+919969097384,"Hey, my mobile data has been down since morning and I cant browse anything. I tried restarting, toggling airplane mode and even reseating the SIM but still nothing. This is affecting my work calls and client demos, need it fixed ASAP else I will lose business. Please look into this immediately.",2026-05-03T23:25:49.119828,Technical,Critical,Technical
TCK-v1.0-00640,Meera Joshi,+919818773477,I just saw my latest bill and it shows Rs1200 while my plan is only Rs799. There seems to be an extra charge for something I never used. Please check and correct it.,2026-04-10T08:29:21.495538,Billing,Medium,Finance
TCK-v1.0-01704,Neha Desai,+918042209690,"Hey team, I noticed I was charged twice for my last month’s bill. Not a big deal, just wanted it fixed when you get time. Please check my account and correct it.",2026-07-03T08:35:21.738077+00:00,Billing,Low,Finance
TCK-v1.0-01732,Sneha Sharma,+917058994417,"Hey, my calls keep dropping after a few seconds, especially on my mobile data network. It happens both in the city and at home. I've tried restarting my phone but no luck. Please look into it soon.",2026-08-02T17:37:09.092246+00:00,Technical,Medium,Technical
TCK-v1.0-00044,Divya Verma,+919087083172,"Hey, I just got my latest bill and I see extra Rs. 500 that I never used. I think there is a mistake in the data usage charge. Plz check and fix it. Thank you.",2026-04-20T19:05:32.229115,Billing,Medium,Finance
TCK-v1.0-00926,Aarav Rao,+919738303419,"Hey team, I noticed my last invoice doesn't match my plan. I'm on the 299/month unlimited plan but the bill shows an extra ₹150 charge for data that I never used. Could you please look into it? It's not super urgent, just want it cleared.",2026-03-26T15:40:42.687091,Billing,Low,Finance
TCK-v1.0-00705,Aditya Verma,+919766572934,"Hey, I was checking the app and saw some promos but the details are confusing. Can you tell me which data packs are currently on discount and if there are any extra benefits for existing postpaid customers? I haven't got a clear list yet. Thanks!",2026-02-21T17:32:02.847616,General,Medium,General Support
TCK-v1.0-01415,Suresh Gupta,+919810310518,"Hey, my 4G signal drops to zero whenever I’m on the highway or even near home after the recent tower upgrade. Calls keep dropping and video calls freeze. I’ve tried restarting, but nothing helps. Please look into this, it’s getting really annoying.",2026-06-19T19:17:28.701261+00:00,Technical,Medium,Technical
TCK-v1.0-00724,Rohan Reddy,+918086988649,"Hey team, I'm facing an issue with my SMS - I cant send messages and incoming texts just don't show up. The network bars look fine and I've restarted the phone a couple of times, but still nothing. It's getting a bit annoying, could you please look into it?",2026-04-11T20:32:47.327839,Technical,Medium,Technical
TCK-v1.0-00624,Sneha Gupta,+919983389888,"Hey team, I topped up my prepaid account on 12th March through UPI but the amount of ₹500 still hasn't shown up, and I was told it would reflect instantly. I called support and they said they'd reverse it, but it's been 48 hrs and still no credit. Meanwhile, my data speed has been dropping a lot lately, especially during evenings. Please sort out the refund asap, I'm running low on balance and need to use my phone for work. Thanks.",2026-02-19T13:28:44.174528,Refund,High,Refunds
TCK-v1.0-01637,Sanjay Mehta,+917068058911,"Sir, my 4G signal is almost zero in my home area, even after moving router. Calls drop and data speeds are crawling. It's been two days and I can't work properly. Please send a technician ASAP.",2026-06-16T06:31:21.069092+00:00,Technical,High,Technical
TCK-v1.0-01894,Aditya Reddy,+919764641708,"I topped up my prepaid account yesterday, the amount was debited from my bank, but my balance still shows zero. I checked the app and also called support, but nothing changed. Please look into this soon.",2026-08-06T00:27:16.198748+00:00,Billing,Medium,Finance
TCK-v1.0-00763,Priya Sharma,+919949685498,"Hello, I made a payment of Rs. 1499 on 3rd July to renew my postpaid plan but the amount is still showing as pending and I haven't got the reversal for the double charge i saw. I tried calling the helpline but they put me on hold for ages and didn't solve anything. Also my internet speed has been dropping a lot these days, but that's not the main issue. Please sort out the refund asap, I'm paying my bills on time.",2026-07-11T12:34:15.647763,Refund,High,Refunds
TCK-v1.0-01232,Sneha Reddy,+919086923226,"I paid my postpaid bill yesterday, Rs.1200 was debited from my UPI, but the portal still shows outstanding balance. I tried calling support but got a busy tone, and my data speed is also super slow today. Please fix the billing glitch ASAP, I need the service for work.",2026-08-12T06:55:16.541223+00:00,Billing,Critical,Finance
TCK-v1.0-00397,Rohan Desai,+919808099693,"I tried logging into my MyJio portal for the 3rd time today, but it just keeps saying 'Server Error' and I can't see my latest bill. I also noticed my loyalty points haven't updated after my recent recharge. This is really frustrating because I need to update my address before the next billing cycle. Please fix the portal ASAP!",2026-08-07T23:19:45.702493,Account,High,Account
TCK-v1.0-00045,Manoj Mehta,+917057986872,"Sir/Madam, I have been trying to log in to my account portal for the past couple of days but it just keeps showing an error page. I even cleared cache and tried from my phone and laptop, still nothing. I need to check my plan details and maybe update my address, so please help. Thanks.",2026-04-18T02:05:33.362801,Account,Medium,Account
TCK-v1.0-00407,Manoj Sharma,+917020242869,"Hi, I was wondering if there are any new data or talktime offers coming up soon? I haven't seen anything on the app and I thought maybe I'm missing something. Could you let me know what promos are available? Thanks.",2026-03-25T20:19:59.132282,General,Low,General Support
TCK-v1.0-01294,Priya Joshi,+919721456232,"I recently bought a new phone and want to transfer my existing SIM to it. The app says my SIM is locked to my old number and I can't change it. I called support, they said they'd check, but it's been 3 days and still no update. Please help transfer my SIM quickly.",2026-04-02T00:59:15.676901+00:00,Account,Medium,Account
TCK-v1.0-00172,Manoj Chauhan,+919939500479,"I did a recharge on my prepaid number yesterday using my credit card and got a ‘payment successful’ message, but the balance is still zero. The app shows it as pending for like 30 minutes now and I can’t use data for work. Please check this quickly, I need a solution asap.",2026-03-02T19:10:42.321425,Billing,High,Finance
TCK-v1.0-00799,Rohan Patel,+917037274220,"Namaste, I tried to log in to my account a couple of times and now it says it's locked. It's not urgent, just need a quick fix to get it unlocked. Can you tell me the steps?",2026-03-15T13:35:46.242472,Account,Low,Technical
TCK-v1.0-00634,Sanjay Nair,+919694738646,"I tried to topup my prepaid number yesterday but the payment got stuck at 'processing' and now it shows as failed. The amount ₹199 has been deducted from my bank but I haven't got any credit. Please refund it. Also, I tried to update my email in the app and it keeps saying 'server error' – maybe you can check that too.",2026-06-30T14:29:13.072608,Refund,Medium,Finance
TCK-v1.0-01927,Arjun Desai,+919666270289,"I was looking at my latest bill and it shows I'm on the 299/month plan, but I'm being charged 399. I thought I upgraded last month, but maybe something went wrong. Please sort this out ASAP, it's affecting my budget. Thanks.",2026-05-27T08:29:00.643615+00:00,Billing,High,Finance
TCK-v1.0-00533,Neha Reddy,+919038179217,"Hello, I was checking the latest recharge offers on the app and saw a 1.5GB extra data pack but couldn't find the fine print about its validity. Also, when I tried to update my contact info the app froze for a few seconds. Could you please clarify the offer details and let me know if there's a fix for the app lag? Thanks",2026-07-24T02:25:07.041588,General,Low,Technical
TCK-v1.0-00446,Priya Kapoor,+919757784872,"Hello, I have a new SIM that I put in my phone yesterday but it still shows 'No Service' and won't register on the network. I tried restarting, re‑inserting, even moving to another location but nothing changes. Also, when I opened the MyPlan app to check if there's any pending update, the app crashes every time I click on the 'Top Up' button – not sure if that is linked. Not a huge emergency, I can manage for a couple of days, but I would like it fixed soon. Thanks!",2026-02-19T23:21:29.647214,Technical,Low,Technical
TCK-v1.0-01923,Sneha Kapoor,+919027484677,"Hello, my area (Bandra West) has been without any mobile signal for the past three days. Calls drop instantly and data is dead, even after restarting phone. I understand issues happen, but it's affecting my work. Please look into it soon. Thanks.",2026-06-17T21:28:52.810030+00:00,Technical,Medium,Technical
TCK-v1.0-00813,Aditya Kapoor,+919817130232,"I cancelled my prepaid pack on 5th June and was told the Rs.500 would be credited back within a week. It's now been more than ten days and I still haven’t seen any refund. I’ve called the helpline twice and got the usual “we’ll look into it”, but nothing changed. Please sort this out quickly, it’s getting frustrating.",2026-07-25T11:36:14.689184,Refund,High,Refunds
TCK-v1.0-00769,Aarav Mehta,+919824739500,"Hey, my new SIM card was activated a few days ago but I'm still not getting any network. I tried restarting the phone, re‑inserting the SIM, even went to Settings > Mobile Networks and set it to automatic, but it still shows ""No Service"". Can you please check if my SIM is properly registered? It's getting annoying but not an emergency.",2026-06-28T10:34:36.770839,Technical,Medium,Technical
TCK-v1.0-00312,Isha Desai,+919862962015,"I made the payment on 10th June and saw a reversal notice, but my account still shows the amount pending and I haven't got the money back yet. Could you pls check what's going on? It's a bit annoying but not urgent.",2026-06-26T10:16:07.238557,Refund,Medium,Refunds
TCK-v1.0-00612,Ritu Bhat,+919618637599,"Hello, I just got my latest bill and I see I was charged Rs. 799 for extra data that I never used. I tried to check my usage in the app but it shows zero extra usage. Also, my internet keeps dropping after 5 PM which is quite annoying. Please correct the bill and let me know why the data charge appeared. Thanks.",2026-04-09T15:28:15.329433,Billing,Medium,Finance
TCK-v1.0-01502,Karan Joshi,+919935290422,"I asked for a refund for the extra charge on my last bill a week ago, but nothing has shown up yet. Please check and process it soon, I need the money back. Thanks.",2026-04-02T19:22:35.260147+00:00,Refund,Medium,Finance
TCK-v1.0-00650,Rohan Bhat,+919083440496,"My phone just won't send SMS and incoming texts are not coming through either. I tried restarting, but still nothing. Please check the network, it's getting annoying.",2026-06-20T21:29:46.465879,Technical,Medium,Technical
TCK-v1.0-00409,Meera Verma,+919092984257,"Hey team, my sms are not sending and I cant receive any msg on my phone. I even restarted the device, checked network bars and tried SIM swap but still nothing. It's been a whole day and I need it for work, so please look into this asap.",2026-03-17T22:20:03.617261,Technical,High,Technical
TCK-v1.0-00457,Neha Malhotra,+919720881474,"Hey team, I think there's some mix up with my recent bill – I see the same data pack charged twice. Not sure if it's a system glitch or maybe something changed on my account. Could you please check and adjust the amount? Thanks!",2026-06-28T05:22:01.580501,Billing,Medium,Finance
TCK-v1.0-01189,Priya Gupta,+918006738302,"I see I was charged twice for my March prepaid recharge, Rs. 499 each, and the extra amount still shows as pending. Also, my SMS alerts stopped last week so I didn't even notice earlier. Please fix the duplicate billing and reactivate the alerts. I need the money back soon, but it's not an emergency.",2026-04-11T18:56:44.981680+00:00,Billing,Medium,Finance
TCK-v1.0-00583,Karan Nair,+919831277220,"Sir/Madam, I attempted to change my registered address through the app yestarday, but even after submitting the request it still shows the old one. I also called customer care and they said it would be updated in 24hrs, yet nothing changed. Could you please look into this and fix it? Thanks.",2026-08-03T20:27:10.237645,Account,Medium,Account
TCK-v1.0-00987,Suresh Nair,+919002654235,"Hey, my account details are all messed up. My name shows as Rajesh Kumar instead of Ramesh, and the address is wrong too. I need this fixed ASAP because I'm unable to get my bills and services. This is causing a lot of trouble, please correct it immediately!",2026-07-23T01:42:58.480037+00:00,Account,Critical,Account
TCK-v1.0-00389,Ritu Gupta,+919968424508,"Hey, I've been trying to use mobile data since yesterday but it just keeps dropping or shows ""no internet"" even though I have balance. I even restarted the phone, toggled airplane mode, but still same. Could be a network issue or maybe my plan? Please check.",2026-03-28T12:19:10.506289,Technical,Medium,Technical
TCK-v1.0-00203,Ritu Iyer,+917063375243,"Sir/Madam, my account got locked after I entered wrong OTP three times, and now I cannot login to check my data usage. I need it unlocked ASAP because I have an important call tomorrow. Also, I noticed my last bill has an extra Rs. 150 charge which I don’t understand. Please sort this out quickly.",2026-07-20T15:11:50.592133,Account,High,Account
TCK-v1.0-00483,Meera Desai,+917033146591,"Hello, I recently got a new phone and want to move my old number to the new SIM. I tried the online transfer but it keeps saying my ID is not verified. I called support and they asked me to send some documets which I already uploaded yesterday. Not sure what’s wrong, could you please check and let me know? Thanks.",2026-07-19T19:23:06.971170,Account,Low,Account
TCK-v1.0-00230,Aditya Mehta,+917086101581,"Sir/Madam, I am facing big trouble with SMS – I cant send any messages and incoming texts just dont show up on my phone. It started a couple of days back after a network glitch and now my work chats are totally blocked. Please fix it quickly, this is really affecting my job!",2026-03-17T21:12:53.904194,Technical,High,Technical
TCK-v1.0-TOPUP-00027,Priya Verma,+919663095552,"I was shocked to see two separate charges of Rs. 799 on my credit card for the same month. This duplicate billing is cutting my budget, and I need it fixed immediately. Please reverse the extra amount and confirm, otherwise I’ll have to switch provider.",2026-03-12T13:25:16.734660+00:00,Billing,Critical,Refunds
TCK-v1.0-01375,Meera Mehta,+919680002578,"Sir/Madam, I got charged twice for my March postpaid bill – Rs. 1,299 each – and the extra amount still shows as pending. Also, my 4G data speed dropped after the last recharge and I can’t find the new data pack details in the app. Please sort the duplicate charge fast, and tell me why my data is slow.",2026-04-24T08:04:23.785058+00:00,Billing,High,Finance
TCK-v1.0-01029,Manoj Mehta,+917057986872,"Hey, my network has gone dead in my area for the past 2 days. No calls, no data, even the signal bars stay at zero. This is affecting my work and I need a fix ASAP, otherwise I’ll have to switch providers. Please look into this immediately!",2026-04-18T13:45:38.050334+00:00,Technical,Critical,Technical
TCK-v1.0-01192,Sanjay Rao,+917056624628,"I am really frustrated, my SMS's are not sending or even getting delivered to anyone. I tried restarting phone and checking network, still nothing. This is affecting my work, please fix ASAP!",2026-04-18T20:56:50.097194+00:00,Technical,High,Technical
TCK-v1.0-00132,Meera Sharma,+919051518644,"Sir/Madam, my brodband connection keeps dropping every few minutes for the past week, even after I rebooted the router many times. I called support three times and they just told me to wait, but nothing changed. On top of that, I still haven't got the new SIM I ordered last month, though they said it would be delivered by now. Please fix the internet ASAP, I'm working from home and can't afford more downtime.",2026-03-01T21:08:53.163958,Technical,High,Technical
TCK-v1.0-00492,Pooja Kapoor,+919738404608,"Sir/Madam, I am trying to open my account portal but it keeps showing an error page. I have tried on both mobile data and Wi‑Fi, cleared cache, even restarted my phone, but still nothing. Could you please look into it? It's not urgent as I can manage with the app for now, but I would like to get it fixed soon. Thanks!",2026-06-07T09:23:18.864455,Account,Low,Account
TCK-v1.0-00345,Sanjay Mehta,+917042104478,"Sir/Madam, I tried logging into my account this morning but it keeps saying my password is wrong even though I'm sure it's correct. I also attempted to reset the OTP but never receive the code on my phone. It's a bit frustrating as I need to check my usage and pay the bill, but I'm not sure if the issue is on my end or yours. Kindly look into it and let me know what can be done. Thanks!",2026-03-18T00:17:21.462090,Account,Medium,Account
TCK-v1.0-01383,Isha Reddy,+919658441986,"Hey, my 4G data stopped working since this morning. I tried restarting, toggling airplane mode, even reinstalling the SIM but still zero speed. I need it for work calls and cannot wait. Please fix ASAP, it's really affecting my job.",2026-05-09T01:04:43.244377+00:00,Technical,Critical,Technical
TCK-v1.0-00495,Vikram Nair,+918082629251,"Sir/Madam, I just did a net banking payment for my phone bill and the amount got deducted from my bank, but the app still shows the old due amount. Kindly look into it and update my balance, thanks!",2026-03-27T23:23:24.398340,Billing,Medium,Finance
TCK-v1.0-01028,Divya Verma,+919087083172,"Maine apni profile check ki, address aur DOB dono galat dikh rahe hain. Is wajah se bill galat address pe ja raha hai aur mujhe kaafi pareshani ho rahi hai. Kripya jaldi se sahi karein.",2026-04-21T06:45:37.007752+00:00,Account,Medium,Account
TCK-v1.0-01655,Ananya Joshi,+919933095849,"I just got my March bill and it shows extra Rs. 1,200 for data I never used. I also tried to update my address on the app but it keeps crashing, so I can't even send the correct details. Please fix the overcharge ASAP.",2026-04-03T22:32:37.774239+00:00,Billing,High,Finance
TCK-v1.0-01660,Rahul Reddy,+919045892975,"I need to update my address and email on my account right away. My current details are wrong and I'm getting bills sent to the wrong place. I've tried the app but it keeps showing old info. Please fix this ASAP, it's affecting my service and I can't wait any longer.",2026-02-26T02:32:44.522659+00:00,Account,High,Account
TCK-v1.0-01616,Vikram Sharma,+919987509977,"I just checked my latest bill and there's an extra Rs. 500 charge that I never used. I asked the IVR but it kept looping and I couldn't reach a rep. Also my data speed has been lagging since yesterday. Please fix the wrong charge ASAP, I need the correct amount before I pay. This is really frustrating!",2026-08-15T03:29:53.305789+00:00,Billing,High,Finance
TCK-v1.0-00153,Arjun Patel,+919854479627,"Mujhe kal recharge karne ke baad paisa do baar kat gaya aur balance zero hi dikha raha hai. Please extra amount ko jaldi se refund kar do, ye bahut pareshani ka kaam hai.",2026-05-20T02:09:49.484209,Refund,High,Refunds
TCK-v1.0-00262,Rahul Reddy,+919045892975,"I have been trying to update my address and email on your portal for the past few days but it just keeps showing an error. Now my broadband is down and I can't work, which is killing my business. Please sort this out immediately, I need my service restored and the correct details saved!",2026-02-24T15:14:05.533559,Account,Critical,Technical
TCK-v1.0-01891,Aarav Reddy,+919766889373,"I topped up my number 5 minutes ago but the amount still shows as pending on the app. I even tried the same UPI link again and it says payment successful, yet I can't use data. Also, the promotional SMS I was promised never came, so I'm not sure if I qualify for the bonus. Please sort this out soon.",2026-06-10T22:27:09.962669+00:00,Billing,Medium,Finance
TCK-v1.0-01282,Aarav Nair,+918049972787,"Hello, I topped up my prepaid account today and Rs.500 was instantly deducted from my bank, but the balance still shows zero. I checked the transaction history and it's there, yet I can't make calls. Please look into this soon. Thanks",2026-05-22T01:58:08.086131+00:00,Billing,Medium,Finance
TCK-v1.0-01202,Suresh Nair,+919002654235,"Hello, I need to change my address and email on my account. I tried doing it through the app but it keeps showing error. Please help me update the registered info soon. Thanks.",2026-07-23T09:53:08.573578+00:00,Account,Medium,Account
TCK-v1.0-00792,Suresh Nair,+917038743027,"Hey, I got a new SIM yesterday but my phone keeps showing ""No Service"" even after I tried restarting and re‑inserting. I even went to the store and they said it should register within an hour but it’s been 2 days now. Can someone check why my network registration is not happening? It’s not an emergency but I’m stuck without data for work.",2026-08-01T04:35:33.784141,Technical,Medium,Technical
TCK-v1.0-00177,Meera Malhotra,+917025952694,"Sir, my internet keeps dropping after every few minutes for the past week. Sometimes I get no signal at all, and even after restarting the router, it comes back after a while. I also sometimes get a weird error message on the app. Not sure if it's my line or something else, but it's really affecting my work. Please look into this ASAP.",2026-03-19T06:10:49.530997,Technical,High,Technical
TCK-v1.0-00749,Pooja Gupta,+919894337504,"Hey, I want to know what recharge plans are available right now – like any combo offers for talktime and data. Also, I tried checking my data usage on the app but it shows 0 MB, maybe just a glitch. Please let me know the options, thanks!",2026-04-12T18:33:47.737497,General,Low,General Support
TCK-v1.0-00487,Ritu Gupta,+919988487920,"I noticed my account shows that Rs. 799 was deducted yesterday but the recharge still hasn't updated on my balance. It might be a glitch, but I'd appreciate if someone could check when possible. No big rush, just want to make sure it's not a recurring issue.",2026-05-12T22:23:11.132338,Billing,Low,Finance
TCK-v1.0-01534,Manoj Sharma,+918059296222,"Hey, I'm not sure which prepaid plan is best for my 2G usage. I checked the website but it's confusing. Can someone explain the data limits and call minutes for the new XYZ plan? I need it soon because my current balance is low. Thanks.",2026-02-22T08:24:35.420500+00:00,General,Medium,General Support
TCK-v1.0-00246,Meera Malhotra,+919979660334,"Namaste, I was looking at the recent offers on my app and saw a 2GB extra data pack mentioned, but when I tried to select it, it just disappeared. Is that promo still running or has it ended? Could you let me know if there’s any other current deal for me? Thanks!",2026-02-18T14:13:39.377689,General,Low,General Support
TCK-v1.0-00470,Karan Gupta,+917039288619,"I was checking the new plan details on the app and it mentions 1.5GB daily data, but my usage screen only shows 1GB. Also, I couldn't find any info about rollover data in the FAQ. Could you please clarify what's actually included in the plan? I'm not in a hurry, just want to know before I upgrade.",2026-05-17T19:22:23.494584,General,Low,General Support
TCK-v1.0-00231,Arjun Bhat,+919604661839,"Hey, I was trying to find the best recharge packs on your app but it's kinda confusing. Some offers disappear and I cant tell if they're still valid. Can u tell me what options i have for a 500 rupees recharge? Also, is there any special data pack for evenings? Please help.",2026-04-06T11:12:54.984866,General,Medium,General Support
TCK-v1.0-01977,Ananya Gupta,+919773322141,"Hey, my mobile signal is terrible in my area – even a simple call drops after a few seconds. I live in Sector 12, Delhi and have been facing this for a week. Please fix it soon, it's affecting my work.",2026-04-11T18:31:54.898095+00:00,Technical,High,Technical
TCK-v1.0-01215,Pooja Chauhan,+917071331509,"I noticed I was charged twice for last month’s data pack, but maybe I missed something. Could you check and adjust if needed? It’s not a big deal, just want the correct amount.",2026-03-30T04:53:36.165242+00:00,Billing,Low,Finance
TCK-v1.0-01786,Neha Rao,+918049147660,"I tried to top‑up my prepaid number yesterday but the payment got stuck and my balance is still zero. The amount was deducted from my bank, but I got no credit. Please process the refund soon. Thanks.",2026-04-19T22:40:42.019728+00:00,Refund,Medium,Refunds
TCK-v1.0-01234,Pooja Nair,+919033036541,"Hey, my phone stopped sending and receiving SMS since this morning. I try to text my friends and even the OTPs never come through. Restarting the phone didn't help. Please check the network or fix it soon, it's getting annoying.",2026-06-08T00:55:19.396843+00:00,Technical,Medium,Technical
TCK-v1.0-01292,Suresh Nair,+918040640909,"My calls keep dropping every few minutes, even when I’m on a stable network. I tried restarting my phone but still same issue. It’s getting frustrating, especially during work calls. Please look into it soon.",2026-04-13T02:59:00.022854+00:00,Technical,Medium,Technical
TCK-v1.0-01012,Aditya Bhat,+917049808412,"I was trying to check the coverage map on your app and it keeps loading forever. Not sure if it's a bug or just my phone, but it makes it hard to know if I can use data in my area. Can someone look into it? Thanks.",2026-06-12T00:44:44.455036+00:00,General,Low,General Support
TCK-v1.0-01381,Ritu Reddy,+918078652785,"I keep trying to log into my account on the website but it says error, and even the app shows same. I think maybe my account is locked? Please help quickly, I need to check my data usage.",2026-04-01T01:04:39.436994+00:00,Account,High,Account
TCK-v1.0-00234,Vikram Nair,+919865965756,"I topped up my prepaid number Rs.1499 on 12th July but the amount still hasn't reflected and the refund I was promised for the duplicate charge is still pending. I called your helpline and was told it would be cleared in 24 hrs, but it's been 3 days now. Also, my data speed has been super slow since yesterday, maybe unrelated but it's getting frustrating. Please sort out the refund ASAP.",2026-03-03T21:12:58.493123,Refund,High,Refunds
TCK-v1.0-00886,Manoj Nair,+918033567086,"Hi, I wanted to know what all benefits are included in the new 1.5GB daily data plan you advertised on the app. The description there is vague – does it include unlimited WhatsApp and YouTube? Also, I tried to change my address in the profile but it keeps showing the old one, maybe a bug? Please help.",2026-03-06T15:39:02.691429,General,Low,General Support
TCK-v1.0-00732,Aditya Desai,+919712094818,"I was chargeed double for my last month’s bill – it shows ₹2200 instead of the ₹1100 I should have paid. This is really frustrating, please sort it out asap!",2026-07-27T10:33:06.368099,Billing,High,Finance
TCK-v1.0-01654,Aditya Nair,+919717133959,"I paid my last month bill using UPI today but the amount got deducted from my bank, yet my account still shows unpaid. It's been 4 hours and nothing changed. Please sort this out soon, I need the service to stay active.",2026-03-10T14:32:36.584684+00:00,Billing,Medium,Finance
TCK-v1.0-00442,Divya Reddy,+919744964759,"I have been trying to log in to my account portal for the past 4 hours and every time it says 'invalid credntials' even though I never changed my password. I cleared cache, tried from my phone and laptop, still same issue – I can't even see my data usage or pay the bill. On top of that I keep getting random SMS about a 'new plan' I never subscribed to. Please fix this ASAP!",2026-04-06T02:21:19.612259,Account,Critical,Account
TCK-v1.0-00707,Divya Gupta,+917000545228,"I paid for an extra data pakage on 12th June and the amount was deducted from my credit card, but the pack never got activated. The app said the payment reversal would happen, yet I still see the charge and no credit added. It's been a few days now, can you please check and sort it out?",2026-08-09T14:32:05.408467,Refund,Medium,Refunds
TCK-v1.0-00924,Sanjay Bhat,+919620563411,"Namaste, I have a sim that is currently in my name but I want to transfer it to my brother’s name. The online portal keeps showing an error and I’m not sure if I’m doing something wrong. I tried contacting support but got put on hold for long. Could you please guide me on how to complete the transfer? Thanks.",2026-07-29T05:40:31.769395,Account,Low,Account
TCK-v1.0-01283,Ritu Rao,+917067533963,"Sir/Madam, I was billed Rs 299 extra for a plan I never upgraded, and the app still shows my old plan. Also, my 4G speed has been dropping lately, but I think that’s separate. Please adjust the charge and confirm the correct plan. Thanks.",2026-05-05T10:58:16.642746+00:00,Billing,Medium,Finance
TCK-v1.0-01835,Arjun Rao,+919634216073,"Hey, I just checked my latest bill and it's way higher than usual. Not sure why I'm being charged extra for data I never used. Could you please look into it? I need this sorted asap.",2026-06-28T15:34:58.855508+00:00,Billing,High,Finance
TCK-v1.0-01658,Rahul Kapoor,+919667116845,"Hey, I tried logging into my account portal today but it just keeps loading forever. I think maybe the site is down or my password reset isn’t working. Not urgent, I can wait, but could you check? Thanks.",2026-04-24T12:32:42.055427+00:00,Account,Low,Account
TCK-v1.0-01562,Arjun Malhotra,+918035841438,"I switched my sim to a new number but my old account still shows up in the app, and I'm being billed for two lines. I tried updating the ownership online but it keeps giving an error. Please sort this out fast, I'm losing money and can't use my data properly.",2026-06-09T23:26:15.198631+00:00,Account,High,Account
TCK-v1.0-01152,Priya Verma,+919667735925,"I tried to recharge my prepaid number yesterday, the amount was deducted from my bank but my balance still shows zero. I checked the app, it says payment pending but I got an SMS that it was successful. Can you please sort this out? I need my data soon.",2026-05-28T04:54:27.263552+00:00,Billing,Medium,Finance
TCK-v1.0-00304,Sneha Bhat,+917051569154,"I cancelled my postpaid plan last week and was promised the pending amount would be refunded within 5 working days. Still nothing has come in my bank account. I called customer care twice and got different replies – one said it’s processed, another said they need more docs. I’m getting annoyed, please sort this out quickly, I need that money back.",2026-05-27T12:15:53.054699,Refund,High,Refunds
TCK-v1.0-01190,Divya Bhat,+918095995342,"Bhai, my new SIM still shows ""no service"" even after 2 days, I tried restarting the phone but network won’t register. Also, I saw my data usage showing an extra 1GB I didn’t use, can you check? Please fix ASAP.",2026-03-01T11:56:46.265051+00:00,Technical,High,Technical
TCK-v1.0-00081,Sneha Kapoor,+919027484677,"I have been trying to log into my account portal since yesterday, but every time I enter my credentials it just shows 'Error loading page' and I can't see my bills or recharge. I already cleared cache, tried different browsers and even switched to mobile data, but nothing works. This is stopping me from paying my bill and I need it fixed ASAP. Please look into this immediately!",2026-06-16T02:06:50.983322,Account,Critical,Account
TCK-v1.0-TOPUP-00022,Vikram Malhotra,+918066282953,"I topped up my prepaid number yesterday but the amount didn't reflect. I tried contacting support, got put on hold, and now it's been 48 hrs. Please process the refund fast, I need the money for my bills. It's getting frustrating",2026-02-20T14:24:58.445443+00:00,Refund,High,Finance
TCK-v1.0-00968,Kavya Gupta,+917055172084,"Hi team, I was browsing your portal and saw a promo on 5GB extra data for just Rs199 – could you tell me if that's still up for my postpaid plan? Also, I think a small refund of Rs150 from a previous overcharge hasn't hit my bank yet. Just checking, thanks!",2026-03-20T03:42:20.928928,General,Low,Refunds
TCK-v1.0-00191,Karan Rao,+919852742054,"I cancelled my 4G postpaid plan on 12th June and was assured the prepaid amount would be credited within 5 days. It's now been over a week and I still haven't seen any refund. I called support, they said it's under process, but I'm also seeing a charge on my bill for the same month which is confusing. Please sort this out quickly, I need the money back.",2026-03-24T19:11:30.775628,Refund,High,Refunds
TCK-v1.0-01571,Isha Nair,+917001624565,"Hey, I just checked my latest bill and I've been charged twice for the same data pack. This is the second month it happened! Please sort it out ASAP, I can't keep paying extra. I'm really upset.",2026-08-07T15:27:12.386261+00:00,Billing,High,Finance
TCK-v1.0-00811,Meera Chauhan,+918052450864,"Hi, I think there is some mistake in my profile. My address shows as 12/3, Delhi while I actually live at 45/2, Mumbai. Could you plz correct it? Not a big rush, just want it right for future bills. Thanks!",2026-08-11T09:36:08.340790,Account,Low,Account
TCK-v1.0-00542,Suresh Chauhan,+919935494651,"Hey team, I tried to topup my prepaid number today but the payment got declined and the amount is still showing as deducted from my bank. I need the money back asap, else my data will be cut off and I cant work. Please look into it urgently.",2026-03-21T16:25:29.171686,Refund,High,Refunds
TCK-v1.0-01965,Kavya Nair,+919860529751,"Hey, my new SIM card is not getting registered on the network. I can see bars but no data and calls drop after a few minutes. I tried restarting the phone, but nothing changes. Please look into it when you can. Not urgent, just a bit annoying.",2026-04-30T08:31:11.363643+00:00,Technical,Low,Technical
TCK-v1.0-00900,Rahul Verma,+919708916498,"I made a payment yesterday and the amount still shows as pending on my app. I was told it would reflect instantly, but now my balance is wrong and I might get a late fee. Can you please look into this and reverse the charge? I also noticed a weird charge on my last bill, not sure if it’s related.",2026-06-26T02:39:46.067180,Refund,High,Refunds
TCK-v1.0-00692,Kavya Nair,+917008108186,"Yaar, I'm really fed up – my broadband keeps dropping every 10-15 minutes for the past three days. I've rebooted the router many times, but the connection still dies, and my work video calls are getting messed up. Please fix this ASAP, it's affecting my job!",2026-05-04T13:31:30.365677,Technical,Critical,Technical
TCK-v1.0-01204,Neha Bhat,+918095931034,"Hey, my SMS are stuck! I try to send messages to my friends and they never go through, and I’m not getting any incoming texts either. I’ve restarted my phone many times, but still nothing. This is affecting my work, please fix ASAP!",2026-07-29T04:53:11.477384+00:00,Technical,High,Technical
TCK-v1.0-01513,Ritu Rao,+919099809402,"Hey, my calls keep dropping every few minutes. I was on a video call with my sister and it just cut off, then when I tried again same thing. I reset the router, turned phone off/on, but still happening. Not sure if it's network or my device. Please look into it soon.",2026-06-10T05:23:15.491318+00:00,Technical,Medium,Technical
TCK-v1.0-00460,Isha Patel,+918095005281,"Sir/Madam, I did a netbanking payment for my monthly bill today and the amount got deducted from my bank, but my account still shows unpaid. This is causing me a lot of inconvenience. Kindly check and credit my account ASAP.",2026-07-16T01:22:06.607622,Billing,High,Finance
TCK-v1.0-00823,Ananya Sharma,+919816691836,"Sir, I was wondering if you could tell me the process to change my plan to the new data pack. I tried checking the app but it's a bit confusing. Plz let me know the steps. Thanks.",2026-07-06T03:36:46.019109,General,Low,General Support
TCK-v1.0-00509,Aarav Joshi,+919040777809,"I did a topup for my prepaid number yesterday but the rechrge never showed up in my balence. I called support and they said it should be processed soon, yet it's still zero. Not sure if it's a system glitch or my payment didn't go through. Please look into it and refund the amount if needed. Thanks!",2026-04-13T09:24:06.832721,Refund,Medium,Refunds
TCK-v1.0-00455,Vikram Sharma,+919761872346,"Sir/Madam, I canceld my postpaid connection on 12th June after confirming the cancellation and was told the amount would be credited within 5 working days. It's now 20th June and I still haven't seen any refund. I have called the helpline twice and got different answers. Please sort this out quickly, otherwise I will have to lodge a complaint. Thanks",2026-08-14T13:21:59.452831,Refund,High,Refunds
TCK-v1.0-01042,Rahul Joshi,+919087769453,"Hey, I’ve been trying to send texts all day and none are going through, and I’m not getting any incoming SMS either. It was fine yesterday, but now my phone just shows ‘failed to send’ each time. Please look into this quickly, it’s affecting my work.",2026-07-26T19:46:32.287397+00:00,Technical,High,Technical
TCK-v1.0-00257,Ananya Joshi,+919933095849,"Hello, I tried to updte my address and email on the portal but it keeps showing the old info. I even called support and they said it'll be fixed in 24 hrs, but nothing changed yet. Please sort this out soon, thanks.",2026-04-02T11:13:57.394067,Account,Medium,Account
TCK-v1.0-01725,Rohan Gupta,+919636785082,"Hello, I have a couple of doubts about my current plan. Sometimes the internet feels a bit slower and I'm not sure if I'm being charged extra for anything I didn't use. Could you please explain the details? Thanks.",2026-08-02T18:36:43.490691+00:00,General,Low,General Support
TCK-v1.0-00746,Vikram Kapoor,+919897002687,"Bhai, since yesterday evening my network is totally down in my area (Sector 5, Pune). Calls get dropped instantly, data never loads and even SMS won't send. I need it for work and urgent family matters, so this is causing massive trouble. Please fix it ASAP, this is unacceptable.",2026-05-08T23:33:36.926000,Technical,Critical,Technical
TCK-v1.0-01541,Aditya Joshi,+919810432898,"Hey, I applied for a refund last week after the extra charge on my bill, but I haven't seen anything yet. Could you check what's going on? I also noticed my data usage looks off, but the main thing is the money. Please let me know when it'll be credited. Thanks.",2026-05-03T00:24:44.462494+00:00,Refund,Low,Refunds
TCK-v1.0-00104,Karan Joshi,+919935290422,"Hi, I topped up my account via UPI on 12th June and the amount got deducted, but I was told the reversal would be done in 24 hrs. It’s been almost a week now and the amount is still showing up on my bill. Can you please look into it and process the refund when you get a chance? Thanks.",2026-04-01T08:07:49.321983,Refund,Low,Finance
TCK-v1.0-00754,Divya Sharma,+919768750635,"Hello, I was wondering if there are any new prepaid rechrge offers or data packs available for me this month? I saw some ads on TV but couldn't find them on the app. Please let me know the details. Thanks!",2026-07-27T22:33:55.647290,General,Medium,General Support
TCK-v1.0-00198,Manoj Chauhan,+919839718707,"I logged in to update my profile and noticed my name is spelled wrong and the address is still the old one. I tried fixing it through the app but it just reloads the same details. This is causing confusion with my bills and I need it corrected ASAP, please help!",2026-07-15T00:11:44.900051,Account,High,Account
TCK-v1.0-01176,Karan Verma,+917066851612,"Hey, my 4G data has been dropping constantly since yesterday. I tried turning airplane mode on/off, restarting, even reinserted SIM but still gets stuck at 'connecting'. I'm stuck without internet for work and it's getting really frustrating. Please fix ASAP.",2026-07-13T12:55:49.470511+00:00,Technical,High,Technical
TCK-v1.0-01617,Ritu Mehta,+919600848408,"Sir/Madam, my mobile signal has been terrible for the past three days – I keep dropping calls and 4G just shows 'no service' even at home. I need it for work, so this is really hurting my productivity. Please send a technician ASAP, I can't afford any more missed calls.",2026-02-21T06:29:58.212689+00:00,Technical,Critical,Technical
TCK-v1.0-00350,Vikram Iyer,+919018914117,"Hey, I just checked my latest bill and there is an extra Rs. 450 that I don't recognise. Maybe it's some data overuse or a service I never used, but I haven't changed my plan. Could you please look into it? If it's a mistake, I'd like the amount adjusted. Thanks.",2026-06-27T21:17:46.985545,Billing,Low,Refunds
TCK-v1.0-01320,Arjun Patel,+919876226838,"Hey, I topped up my number yesterday but the amount still shows zero on my account. I tried the same card again and it says payment successful, yet I can't use data. Please check why the recharge didn't go through, maybe it's a billing glitch. Need this fixed soon.",2026-03-27T15:00:39.784107+00:00,Billing,High,Finance
TCK-v1.0-01449,Suresh Kapoor,+919816272046,"I recently asked to change the name on my SIM after my wife got a new number, but the system still shows my old details. It’s been a week and nothing changed. Also, I sometimes get a brief drop in 4G while streaming, but it’s not a big deal. Please sort the ownership thing when you can.",2026-05-27T21:19:36.541444+00:00,Account,Low,Account
TCK-v1.0-01399,Sneha Sharma,+918043321819,"I keep trying to login to my account on your portal but it always says ""invalid credentials"" even though I’m sure the password is correct. I even tried resetting it but never get the OTP. This is urgent, I need to check my plan and bill. Please fix ASAP.",2026-05-03T02:16:22.381165+00:00,Account,High,Account
TCK-v1.0-01688,Ritu Reddy,+919037474112,I just got my latest bill and there is an extra Rs. 500 charge that I never used. Please check and correct it. It's been bothering me for a week.,2026-02-24T18:34:31.494512+00:00,Billing,Medium,Finance
TCK-v1.0-00287,Aditya Desai,+919891826199,"I paid my bill online this morning and the amount got deducted from my bank, but my account still shows unpaid and data is blocked. Please sort this out quickly, it's really frustrating!",2026-08-02T03:15:06.247981,Billing,High,Finance
TCK-v1.0-01996,Priya Desai,+919059640165,"Hey bhai, can you tell me which recharge options are there for my prepaid number? The app only shows a couple and I think there are more offers out there. Just need a quick list, thanks!",2026-04-09T12:32:53.602260+00:00,General,Low,General Support
TCK-v1.0-00973,Isha Chauhan,+919846117295,"Sir/Ma'am, my 4G stopped working since yesterday evening in my locality (Sector 12, Gurgaon). I keep getting 'No Service' even after restarting phone and trying SIM in another device. This is affecting my work calls and video meetings. Please fix it ASAP!",2026-03-19T04:42:33.515654,Technical,High,Technical
TCK-v1.0-TOPUP-00025,Suresh Reddy,+917003156967,"Bhai, I tried to top‑up but the app only shows the prepaid packs, where are the postpaid or data‑only options? Also, after my last rechrge my balance stayed same and I got a random SMS about a charge I didn't make. Need clarification asap, not super urgent but please fix.",2026-07-15T13:25:07.550021+00:00,General,Medium,Finance
TCK-v1.0-00586,Karan Desai,+918053153136,"Sir, my broadband speed has been really slow lately – often just 2-3 Mbps when I'm paying for 20 Mbps. I've rebooted the router several times but nothing changes. It's affecting my work from home, please check the line soon. Thanks!",2026-06-27T04:27:13.725450,Technical,Medium,Technical
TCK-v1.0-01698,Divya Nair,+917003965223,"I updated my address in the portal yesterday, but when I check now it's still showing the old one. My bills are being sent to the wrong location and I can't get any confirmation. This is urgent, please correct my registered info immediately!",2026-03-20T17:34:47.331730+00:00,Account,High,Account
TCK-v1.0-01093,Suresh Mehta,+918056984789,"My internet keeps dropping every few minutes for the past week, and I have to restart the router each time. Also, I noticed my last bill has an extra charge I don't understand, but I'm more worried about the unstable connection because I work from home. Please fix it soon.",2026-04-30T00:49:59.698471+00:00,Technical,Medium,Technical
TCK-v1.0-01752,Pooja Rao,+918056110022,"Hey, I was wondering if you could tell me the steps to change my SIM from 4G to 5G on my current plan. I couldn't find it on the app, so just a quick guide would be great. Thanks!",2026-05-26T16:38:28.438592+00:00,General,Low,General Support
TCK-v1.0-01574,Meera Mehta,+919680002578,"Hey, my account got locked after a few wrong PIN tries and now I can't even check my data usage or recharge. I tried resetting but the system just says 'account locked'. Not sure if it's a security thing or a bug. Please help me unlock it quickly, I need to use my phone for work.",2026-04-24T23:27:16.060950+00:00,Account,Medium,Account
TCK-v1.0-00424,Meera Gupta,+919669042681,"Hello, I was checking the app and noticed there are some new data packs and combo offers. Could you please share the details and eligibility criteria? I'm not in a rush, just want to know what's available before I decide to upgrade. Thanks!",2026-03-27T14:20:49.102082,General,Low,General Support
TCK-v1.0-01024,Ananya Joshi,+917046804436,"Hey team, my internet keeps dropping every few hours for the past week. I tried rebooting the router and even called earlier, but the problem is still there. It’s getting frustrating, though I can manage some work offline. Please look into it soon, otherwise I may have to think about switching.",2026-03-22T08:45:29.840877+00:00,Technical,Medium,Technical
TCK-v1.0-TOPUP-00063,Kavya Verma,+918013443007,"I was on the 399/ month plan but my bill shows ₹799 this month! This is totally wrong and I need the extra amount refunded ASAP, otherwise I won't be able to pay my rent. Please fix it now.",2026-03-14T10:34:37.973987+00:00,Billing,Critical,Refunds
TCK-v1.0-00850,Vikram Kapoor,+918063013674,"I topped up my account yesterday and Rs.500 was deducted from my bank, but my telecom balance still shows zero. I tried checking the app and even called support but kept getting a busy tone. Can someone please look into why the payment isn’t reflecting? It’s getting frustrating.",2026-02-21T21:37:49.014506,Billing,Medium,Finance
TCK-v1.0-01397,Sneha Sharma,+918043321819,"Hey, I recently got a new phone and tried moving my old SIM to it, but the system keeps saying the SIM is still linked to my previous device. Not sure if I need to do something else or if it's a mistake. Can someone check my account and help me sort this out? Thanks.",2026-05-02T11:12:49.912402+00:00,Account,Low,Account
TCK-v1.0-01607,Divya Nair,+919027086688,"I got a new SIM today but my old number still shows up as my own. I asked the shop to transfer ownership, but the portal still says it’s linked to the previous account. Can you please sort this? I’m not sure if I need to do something else. Thanks.",2026-07-15T15:29:34.182444+00:00,Account,Medium,Account
TCK-v1.0-00649,Karan Reddy,+919685294563,"Sir/Madam, my internet keeps dropping every few minutes for the past week. I have tried rebootting the router, calling support twice and they just reset the line, but after a couple of hours it dies again. This is affecting my work from home and kids' online classes. Please fix this ASAP, I'm really fed up. If not resolved quickly, I may have to switch provider.",2026-04-11T20:29:39.243585,Technical,Critical,Technical
TCK-v1.0-00869,Divya Nair,+918014651113,I tried to recharge my prepaid number using netbanking yesterday but the amount got deducted from my account and my balance still shows zero. The app says rechrge failed. Please look into it and credit back the money. Thanks.,2026-07-25T11:38:25.899956,Billing,Medium,Finance
TCK-v1.0-00738,Arjun Nair,+919610339937,"Sir, my mobile calls keep dropping after a few minutes, especially when I talk to relatives. It’s not always happening, sometimes the call stays fine, so I’m not sure if it’s my handset or the network. Could you check if there’s any issue on your side? I’m not in a rush, just want it to work properly.",2026-04-09T00:33:23.547522,Technical,Low,Technical
TCK-v1.0-00898,Rahul Bhat,+919003381059,"Sir/Madam, I was checking the latest mobile plans on your website and got a bit confused. Some of the data bundles seem to overlap and the pricing isn’t clear – is the 1.5GB plan with unlimited calls same as the 2GB one? Also, I saw a promo about free OTT subscriptions but can’t find the details. Could you please clarify what exactly is included in each plan? I don’t need anything urgent, just want to make an informed choice before I switch. Thanks!",2026-05-15T06:39:32.127906,General,Low,General Support
TCK-v1.0-01244,Manoj Mehta,+917057986872,"Hey team, I tried to recharge my prepaid number yesterday but the payment got declined and still shows as pending in the app. I haven't got any balance and it's been 2 days. Can you please check and refund the amount? Thanks.",2026-04-18T21:55:36.520402+00:00,Refund,Medium,Refunds
TCK-v1.0-00710,Sneha Bhat,+917008121352,"I tried to pay my postpaid bill using the UPI app yesterda, but the transaction got stuck and shows as pending. Money got deducted from my bank yet the payment didn't go through. I called your support twice, they said they'd check and get back but it's been 3 days and still no refund. Please sort this out soon, need the amount back as it's affecting my other payments.",2026-06-03T18:32:11.170997,Refund,Medium,Refunds
TCK-v1.0-01038,Sneha Joshi,+919974529912,"Hey, my phone keeps dropping signal after I moved to my new flat in Delhi. In most places I get just one bar and calls cut off. Not urgent but hoping you can look into it.",2026-05-31T00:46:12.557555+00:00,Technical,Low,Technical
TCK-v1.0-01906,Ananya Gupta,+919974989413,"Hey, my 4G keeps dropping every time I step out of my house in Bhopal. I tried restarting, re‑inserting SIM, but still no signal. It's been like this for three days, affecting my work calls. Please look into it soon.",2026-06-05T04:27:58.671162+00:00,Technical,Medium,Technical
TCK-v1.0-01256,Aarav Bhat,+919671657262,"I just got a new SIM but it never registers on the network. I've tried restarting my phone, re-inserting the card, and even waiting for hours, but still shows 'No Service'. This is affecting my work, please fix ASAP!",2026-04-06T15:56:27.346136+00:00,Technical,High,Technical
TCK-v1.0-01831,Rahul Malhotra,+919001640052,"Mujhe aaj se portal access nahi ho raha hai, baar baar error aa raha hai, main apne bill aur services check nahi kar pa raha. Customer care ko call kiya, lekin koi solution nahi mila. Please fix ASAP, it's urgent.",2026-03-08T21:34:53.862051+00:00,Account,Critical,Account
TCK-v1.0-01197,Sanjay Chauhan,+917054458771,"Sir, my 4G data has been down since yesterday evening, I keep getting 'network unavailable' even after restart. Meanwhile I also noticed my last bill shows extra 200₹ for extra data I never used. Please fix the data ASAP, I'm stuck without internet for work. Thanks.",2026-04-19T17:57:02.051427+00:00,Technical,High,Technical
TCK-v1.0-01186,Pooja Patel,+919986823004,"Hey, my phone keeps cutting off mid‑call for the last few days. Sometimes it works, sometimes I hear static before it drops. I tried restarting but no luck. Not sure if it's my plan or network issue. Can someone check?",2026-04-21T06:56:41.038173+00:00,Technical,Medium,Technical
TCK-v1.0-00696,Kavya Mehta,+919806102776,"Hello, I was checking my account and got a bit confused about the plan details. The website says I have 1.5GB extra data but I’m not sure what that means or if it rolls over each month. Also, can I shift to a cheaper pack without any hidden fees? Please let me know when you get a chance. Thanks!",2026-03-01T17:31:43.487691,General,Low,General Support
TCK-v1.0-00155,Ananya Sharma,+919997021355,"Sir/Ma'am, I just got my latest bill and it's saying I'm on the 299₹ plan but I'm being charged 499₹ for some extra data I never even used. I called the helpline and got bounced around, still no clear answer. This mismatch is really hurting my budget, please sort it out asap!",2026-05-10T22:09:51.496160,Billing,Critical,Finance
TCK-v1.0-01967,Manoj Kapoor,+919888355231,"Hello, I just checked my latest bill and it shows I was charged for the 1GB data plan while I'm actually on the 500MB combo. I think there might be a mistake, but maybe I missed something. Could you please verify and adjust if needed? Thanks.",2026-07-13T03:31:16.060309+00:00,Billing,Low,Finance
TCK-v1.0-01630,Sanjay Verma,+919944472126,"Hey, my internet keeps dropping every few minutes, and the signal strength on my phone is almost zero even at home. I've tried restarting the router, but nothing helps. This is affecting my work from home and it's getting really frustrating. Please fix it ASAP, it's urgent.",2026-06-09T14:30:54.871756+00:00,Technical,Critical,Technical
TCK-v1.0-00316,Rohan Kapoor,+917062565270,"Hi, could you please tell me more about the current plans? I am interested in the data packs and any extra charges for rollover. Just need the details so I can decide. Thanks!",2026-06-11T02:16:13.851513,General,Low,General Support
TCK-v1.0-00077,Sanjay Bhat,+919080715451,"I have been trying to transfer my old number to my wife's name since last week, but the portal keeps saying ""owner verification failed"". I even went to the nearest store and they told me to wait 48 hrs, yet still nothing changed. Meanwhile my data is not working on the new SIM and I can't even receive OTPs, which is messing up my work. Please sort this out ASAP!",2026-05-06T00:06:46.345915,Account,High,Account
TCK-v1.0-00551,Rohan Kapoor,+918089490580,"I have been facing very weak signal on my phone since morning, especially around my area near the market. Calls keep dropping and data is super slow. I tried restarting and even re‑inserting the SIM but nothing changed. Could you please check the tower? This is really affecting my work.",2026-04-19T02:25:56.806394,Technical,High,Technical
TCK-v1.0-00379,Meera Bhat,+918047985158,"Hey team, I need to update my registred address and email on my account. I tried the app but it keeps throwing an error, so I’m stuck. Can you please help fix this soon? Thanks!",2026-06-22T11:18:54.823379,Account,Medium,Account
TCK-v1.0-01109,Manoj Kapoor,+919888355231,"I asked for the money back for the extra charge on my last bill, but I'm still not seeing it. It's been a couple of weeks and I haven't heard anything. Can you check what's happening? Thanks.",2026-07-11T19:50:58.619163+00:00,Refund,Low,Refunds
TCK-v1.0-00107,Aditya Mehta,+919990847007,I topped up Rs.500 on 12th July but the amount still hasn't come back in my wallet even though I got a reversal email. Meanwhile my data speed is really slow these days and I can't stream anything. Can you check the refund and also tell me if there's any network outage in my area?,2026-05-07T03:07:52.585284,Refund,Medium,Refunds
TCK-v1.0-01257,Rahul Joshi,+919087769453,"Hey, I just saw my latest bill and it shows I was charged for the premium data plan, but I'm only on the basic 1GB pack. Can you check why this extra amount appeared? I don't need a refund right away, just clarification. Thanks.",2026-07-27T03:56:30.819481+00:00,Billing,Medium,Refunds
TCK-v1.0-01808,Ananya Mehta,+918032764835,"I topped up my account on 12th May but the amount still shows as pending. I called support and they said the reversal would happen within 24 hrs, but it's been 3 days and still nothing. Please sort this out soon.",2026-08-04T22:33:35.189892+00:00,Refund,Medium,Refunds
TCK-v1.0-00889,Isha Reddy,+919741108255,"Hey, I have been getting weak signal at my home since the last few days. Sometimes I can make a call but the voice cuts out, and data is super slow. Not a big emergency, but it's getting a bit annoying especially when I try to check WhatsApp. Could u look into it? Thanks.",2026-05-16T17:39:13.072139,Technical,Low,Technical
TCK-v1.0-01854,Kavya Verma,+919604828148,"I was looking at my latest bill and noticed I'm charged for a 2GB data plan even though I'm on the 1GB plan. I called earlier but they said everything is fine. This extra 150 rupees each month is hurting my budget, please fix ASAP.",2026-03-17T05:24:50.634222+00:00,Billing,High,Finance
TCK-v1.0-00282,Rohan Joshi,+919718023806,"I just checked my latest statement and saw an extra charge that I don't recognise. It looks like a small add‑on fee of Rs. 250 that wasn't mentioned anywhere. I might have missed something, but could you please have a look and tell me if this is correct? No rush, just want to clear it up when you get a chance.",2026-07-31T02:14:57.808994,Billing,Low,Finance
TCK-v1.0-01236,Meera Iyer,+919756981693,"Hey, my calls keep dropping after a few seconds, even on good signal. I tried restarting my phone and checking network settings, but same issue. It's getting annoying because I miss important work calls. Please look into it soon.",2026-06-14T10:55:22.248352+00:00,Technical,Medium,Technical
TCK-v1.0-00212,Karan Malhotra,+919917393638,"Hey, I am trying to log into my MyJio account but it keeps saying ""Invalid credentials"" even though I haven't changed my password. I've tried resetting it twice, still no luck. This is affecting my bill payments and I need it fixed ASAP!",2026-05-27T07:12:04.891087,Account,High,Account
TCK-v1.0-01386,Divya Sharma,+919865712082,"Hello, I tried to top‑up my prepaid plan yesterday but the transaction failed and the amount is still showing as deducted. Could you please process a refund when you get a chance? No rush, just wanted to get it sorted.",2026-05-05T16:04:49.085738+00:00,Refund,Low,Refunds
TCK-v1.0-00347,Vikram Gupta,+918009821506,"Hello, I was checking my last month’s bill and I see I have been charged Rs. 1200 for the 499 plan. My plan is still the 499 monthly bundle, not the premium one, so why the extra amount? I also tried to look at my usage on the app but it keeps crashing whenever I tap the ""Data"" tab. Could you please fix the billing and also let me know why the app is glitchy? Thanks.",2026-03-07T08:17:42.081771,Billing,Medium,Finance
TCK-v1.0-00065,Pooja Verma,+919708240084,"Hello, I wanted to know if there are any new recharge offers or data packs for this month. I’ve been a loyal user and just checking if there’s something better than my current plan. Thanks!",2026-02-20T12:06:31.403871,General,Low,General Support
TCK-v1.0-00373,Priya Kapoor,+919834244204,"Hello, I was browsing your website and saw a few promotional bundles for data and calls. I'm a bit confused about which one is best for my usage, and the terms seem a bit vague. Could you please clarify if the unlimited 1.5GB daily data pack is still active, and if there are any hidden charges? Also, I heard about a festive discount but couldn't find details. Thanks",2026-06-25T23:18:47.776040,General,Medium,General Support
TCK-v1.0-01814,Vikram Reddy,+919028809570,"I was checking my latest bill and noticed I'm being charged extra Rs. 450 for data that I never used. The last month I only had 2GB, but the bill shows 5GB. Please clarify and adjust it soon. Thanks.",2026-07-21T18:33:56.774987+00:00,Billing,Medium,Finance
TCK-v1.0-00635,Isha Kapoor,+919720716781,"I cancelled my broadband plan on 5th June and was told I would get the refund within a week. It's now 15th June and still no money has come through. Please look into this and process the refund soon, it's getting quite inconvenient.",2026-07-18T12:29:15.813886,Refund,Medium,Refunds
TCK-v1.0-01350,Rahul Patel,+919056676527,"Hey, my internet keeps dropping every evening for the past week. It's not a total outage, just keeps resetting and I have to restart the router each time. Not super urgent, but it'd be nice if someone could check why this keeps happening.",2026-02-21T21:02:58.874035+00:00,Technical,Low,Technical
TCK-v1.0-01867,Meera Sharma,+917016998543,"Hey, I'm trying to log into my account portal but it keeps showing 'service unavailable'. I think maybe it's just a glitch, since I can still use the app. Could you check when possible? No rush, just want to be able to view my bills later. Thanks.",2026-02-28T13:25:45.953267+00:00,Account,Low,Account
TCK-v1.0-00388,Neha Rao,+918049147660,"I paid my bill today through netbanking and the amount got deducted from my account, but the portal still shows my last month's dues as unpaid. I tried calling support but got no clear answer. Please sort this out ASAP, I don't want my service cut off!",2026-04-18T11:19:09.627420,Billing,High,Finance
TCK-v1.0-00947,Karan Reddy,+919939055044,"Hello, I wanted to know if the new 4G plans are available in my area (Bhopal) as I saw an ad on TV. Also, I think my last bill had an extra charge for data that I didn't use, but it's not urgent. Could you please confirm the coverage and clarify the charge? Thanks.",2026-04-11T13:41:30.688938,General,Low,General Support
TCK-v1.0-00531,Suresh Gupta,+919914958702,"I have been trying to get my mobile datta to work since yesterday and nothing is connecting, even after a full restart, toggling airplane mode and moving to different spots. Sometimes it flashes a signal but no internet, which is killing my work. Please check the network issue and fix it ASAP, I really need it now.",2026-08-10T01:25:04.810372,Technical,High,Technical
TCK-v1.0-00400,Ananya Joshi,+917027503731,"Sir/Madam, I got a fresh SIM a few days ago and it keeps dropping network registration. In some places I see full signal, but in most of my house it shows 'no service' even after restarting the phone. I have already tried re‑inserting the SIM and toggling airplane mode, but nothing changes. It's not a total emergency, just kinda annoying, so please look into it when you can.",2026-06-11T05:19:49.183738,Technical,Low,Technical
TCK-v1.0-00512,Suresh Bhat,+917045101622,"I recently bought a new sim from your store and want to shift the old number to it. The shop gave me a form but I'm not sure if it's processed. I tried calling support but got a busy tone. Could you please check if my old sim is still linked to my account? No big rush, just want to avoid future trouble.",2026-02-26T07:24:12.312898,Account,Low,Account
TCK-v1.0-00866,Ananya Reddy,+919088967924,"I paid my bill last week and was told the amount would be reversed, but it's still showing up. Can you please look into it and credit it back when you get a chance? No rush, just want it sorted eventually.",2026-08-14T19:38:14.370132,Refund,Low,Refunds
TCK-v1.0-01782,Rohan Patel,+919988013361,"I recently asked to change the name on my SIM to my wife's after we got married, but the system still shows my old name. Every time I call, they ask for a 'transfer ID' which I never got. Also, my data speed drops a lot on evenings, but that's not the main issue. Please sort the ownership transfer soon.",2026-06-27T10:40:12.774586+00:00,Account,Medium,Account
TCK-v1.0-01088,Karan Joshi,+919935290422,I made a payment reversal on 12th July but the amount is still showing as deducted from my account. This is affecting my monthly budget and I need the refund processed ASAP. Please sort this out quickly.,2026-04-01T19:49:53.584731+00:00,Refund,High,Refunds
TCK-v1.0-00962,Ananya Verma,+919702990155,"I noticed an extra Rs.200 on my latest bill which I don’t think I should be paying. It seems like a mistake, could you please check and correct it? Thanks.",2026-04-15T21:42:06.884778,Billing,Low,Finance
TCK-v1.0-01226,Sneha Patel,+917038425135,"Hey I need to know what recharge plans are available for postpaid users. The app only shows prepaid packs and I’m confused. Also, when I try to view my last bill, the amount shown seems off by a few rupees. Please help me with the right options and fix the billing display. Thanks",2026-06-07T06:54:34.916762+00:00,General,Medium,General Support
TCK-v1.0-01849,Ananya Mehta,+918032764835,"I topped up my mobile last night but the amount never got credited. I tried contacting support but got no response. Please process my refund ASAP, this is affecting my work. I'm really annoyed.",2026-08-05T04:24:44.345055+00:00,Refund,High,Refunds
TCK-v1.0-01872,Rahul Malhotra,+919001640052,"Hello, I noticed that my latest bill has been charged for the premium data plan even though I'm on the basic 5GB plan. Please correct this mistake and adjust my bill. Thanks",2026-03-09T03:26:12.262600+00:00,Billing,Medium,Finance
TCK-v1.0-01453,Suresh Sharma,+919796631931,"Hey, I'm trying to open the app but it keeps saying my credentials are wrong even though I just reset the password. Maybe it's a glitch? I haven't changed anything else. Could you check? Thanks.",2026-02-21T18:19:44.552808+00:00,Account,Low,Account
TCK-v1.0-00432,Priya Mehta,+919067808562,"I just looked at my latest bill and noticed I was charged for the 1GB data plan while I am actually on the 500MB plan. This extra ₹299 is not right. Please fix this and refund the amount asap, I am quite upset about this!",2026-04-22T13:21:01.219683,Billing,High,Finance
TCK-v1.0-01128,Neha Gupta,+919710369711,"I topped up my wallet on 12th June but the amount still shows as pending. I asked for a reversal last week and still no credit. This is affecting my data usage and I need it fixed ASAP, otherwise I will switch. Please process the refund immediately!",2026-04-12T08:52:45.482892+00:00,Refund,High,Refunds
TCK-v1.0-00493,Vikram Reddy,+919621689363,"Hey, I'm trying to get into my MyJio app but it keeps saying something's wrong with my login. I tried resetting the password but the link never arrives. Not sure if it's my account or maybe a billing hold, but I need to check my data usage. Please help.",2026-03-24T12:23:20.574793,Account,Medium,Account
TCK-v1.0-01623,Neha Verma,+917039685621,"Hey, I’ve been trying to use data and calls since morning but there’s literally no signal in my locality (Sector 12). It was fine yesterday. Could you please look into it? I’m not in a rush but would like it fixed soon. Thanks.",2026-04-12T04:30:29.179770+00:00,Technical,Medium,Technical
TCK-v1.0-01540,Divya Sharma,+919715220472,"Hi, I was checking the app and saw a new combo offer mentioned, but when I try to activate it it says not available for my number. Could you tell me if it's only for new users or when it'll be open for everyone? No rush, just want to know before I decide.",2026-02-19T12:24:43.420571+00:00,General,Low,General Support
TCK-v1.0-01361,Kavya Bhat,+917012517785,"Sir/Madam, I'm seeing two identical charges of Rs. 499 on my latest bill for the same data pack. I called earlier and was told it'll be fixed, but the next bill still shows the duplicate. This is draining my budget and I need it sorted ASAP, otherwise I might have to switch providers. Please correct the error and ensure I’m not overcharged again.",2026-07-16T19:03:31.698972+00:00,Billing,Critical,Finance
TCK-v1.0-01153,Pooja Iyer,+919958815371,"Hey team, my 4G keeps dropping every few minutes since yesterday. I tried restarting the router, re‑installing the app, even moved to a different room but still no stable connection. It's affecting my work calls badly. Please fix ASAP, otherwise I might have to switch provider.",2026-06-10T13:54:28.719738+00:00,Technical,High,Technical
TCK-v1.0-01164,Ananya Mehta,+918096230913,"I asked for a refund two weeks ago after my data pack was wrongly charged, but still see no money in my account. I've called multiple times, each rep says it's processing. This delay is hurting me. Please expedite my refund now!",2026-08-13T13:55:09.262874+00:00,Refund,High,Refunds
TCK-v1.0-00976,Rohan Mehta,+919057906477,I tried to recharge my prepaid number today but the amount got deducted from my bank and my balance still shows 0. The app says payment failed yet the money is gone. Can you please check? It's been a few hours and I can't use data.,2026-03-06T13:42:37.088819,Billing,Medium,Finance
TCK-v1.0-00830,Manoj Rao,+919869847759,"Hello, I have been facing no network in my locality (Sector 12, Bhopal) for the past 3 days, cannot make calls or use data. It's really affecting my work, please fix asap. Also, I noticed a small extra charge of Rs. 50 on my last bill which I think is a mistake. Kindly look into both issues.",2026-04-30T06:36:55.256517,Technical,High,Technical
TCK-v1.0-01477,Aditya Rao,+919834824771,"My phone shows 0 bars most of the day in my own house, even after resetting network. Also the SMS alerts for data usage stopped, so I can't track my usage. Please fix.",2026-08-11T07:21:07.154545+00:00,Technical,Medium,Technical
TCK-v1.0-00101,Sneha Bhat,+919696405377,"I am really upset. I am on the 299/month plan but this month my invoice shows 549 rupees! I checked my plan details and it clearly says 299. This extra charge is unacceptable and I need it corrected ASAP. Please look into it and adjust my bill, I cannot afford this extra amount.",2026-06-18T05:07:45.420235,Billing,High,Finance
TCK-v1.0-01778,Manoj Patel,+919082688615,"Hello, I tried to update my address and email on the app, but it keeps showing 'update failed' and my old details are still there. Also, I noticed I didn't get the latest bill for March, could you please send it? Please fix my account info soon.",2026-06-23T21:40:07.015655+00:00,Account,Medium,Account
TCK-v1.0-01491,Suresh Nair,+918040640909,"I just got my latest bill and it shows extra Rs. 500 for data that I never used. Please check and adjust the amount, I'm sure it's a mistake. Thanks.",2026-04-13T18:21:49.821257+00:00,Billing,Medium,Refunds
TCK-v1.0-01200,Sneha Sharma,+918043321819,"I tried to recharge my prepaid number using my credit card, but the amount got deducted and the balance still shows zero. Meanwhile, my internet keeps dropping after 30 minutes of usage. Please fix the recharge asap, it's urgent!",2026-05-02T10:53:04.638800+00:00,Billing,High,Finance
TCK-v1.0-00048,Arjun Mehta,+919660366909,"I tried to do a rechrage today but the payment got stuck. Money was taken from my bank yet my balance shows zero and I get an error. Need this fixed ASAP, I'm unable to make any calls.",2026-05-12T01:05:37.177581,Billing,High,Finance
TCK-v1.0-00030,Rahul Malhotra,+919001640052,"Hey team, I was trying to see the recharge plann on the app but it's a bit confusing. Can you tell me what options I have for data+talk? Also, is there any special pack for students? Not urgent, just want to know when I can top up. Thanks",2026-03-07T08:05:16.846162,General,Low,General Support
TCK-v1.0-01094,Sneha Bhat,+918083673657,"Hey, my mobile data has been down since yesterday evening. I tried restarting, toggling airplane mode, but still no internet. It’s affecting my work, but I can still use calls. Please check and fix soon.",2026-05-07T14:50:08.401392+00:00,Technical,Medium,Technical
TCK-v1.0-01620,Priya Patel,+919666870021,"I noticed my latest bill shows I'm on the 500 MB plan but I'm being charged for the 1GB plan. I think there's a mistake, but maybe it's a promo I missed? Please check and correct it.",2026-04-13T14:30:21.583725+00:00,Billing,Low,Finance
TCK-v1.0-01033,Aarav Reddy,+919766889373,"I asked to transfer my SIM to my new number last week, but still getting the old one active. My data is not working and I also got a bill for an international call I never made. Please sort the SIM transfer and explain the extra charge.",2026-06-09T14:45:51.578655+00:00,Account,Medium,Account
TCK-v1.0-00229,Pooja Patel,+919804754121,"Hello, I got a fresh SIM from your store but it's not registering on any network. Even after restarting my phone and taking the SIM out and in again, it still shows 'No Service'. Could you please look into this? It's causing inconvenience but not an emergency.",2026-07-01T03:12:52.742318,Technical,Medium,Technical
TCK-v1.0-00412,Meera Mehta,+919006865086,"I have been facing extremely slow internet on my broadband for the past week. Even simple browsing takes ages and video calls keep dropping. I already rebooted the router multiple times, but nothing changes. Please look into this ASAP as I work from home and need a stable connection.",2026-06-20T01:20:09.286911,Technical,High,Technical
TCK-v1.0-00508,Ananya Rao,+918006447421,"Hello, I was checking my latest bill and I see an extra Rs. 499 charge that I never used. I think it might be a mistake, but I'm not sure if it's for some new service I signed up for? Could you please look into it and let me know why this amount is there? I don't want any extra fees if it's not correct.",2026-07-15T10:24:05.834851,Billing,Medium,Finance
TCK-v1.0-01972,Isha Mehta,+919907151820,"Hi, I asked for a refund on my last month's overcharge about two weeks ago, but I still haven't seen any money back. I understand processes take time, however the portal still shows pending and I'm getting anxious. Can you please check and let me know when it'll be cleared? Thanks.",2026-06-16T13:31:36.485669+00:00,Refund,Medium,Refunds
TCK-v1.0-00364,Arjun Mehta,+919099757113,"I cancelled my postpaid plan two weeks ago and was promised the refund of Rs.1500 by email, but till now nothing has come. I keep calling the helpline and they keep telling me to wait, which is frustrating. Also my internet speed has been very slow these days, sometimes not even 2G, which is weird for a 4G plan. Please look into my refund and let me know when I will get it.",2026-08-17T06:18:10.652484,Refund,Medium,Refunds
TCK-v1.0-00923,Meera Sharma,+919962891775,"I asked for my prepaid recharge refund a week back, and still nothing has shown up. I keep calling support, they say it’s being processed, but my bank hasn't got any credit. This is really frustrating, need it sorted ASAP otherwise I might switch. Please check and update me.",2026-03-02T20:40:30.547049,Refund,High,Refunds
TCK-v1.0-01677,Suresh Kapoor,+919877850792,"I keep trying to login to the MyVodafone portal but it just shows ‘service unavailable’. I’ve cleared cache, tried different browsers and even the app, but still can’t access my account. Please fix this ASAP, I need to view my bill.",2026-05-16T22:33:44.699745+00:00,Account,High,Account
TCK-v1.0-TOPUP-00020,Rahul Iyer,+919702703778,"Sir/Madam, I want to know what's included in the new 1.5GB daily plan you advertised, but the app keeps showing me the old 1GB plan and won't let me switch. Also, I tried calling support yesterday and the line dropped after I mentioned my address. Can you please send the correct plan info and fix the call drop? Thanks.",2026-04-14T02:24:42.702619+00:00,General,Low,Account
TCK-v1.0-TOPUP-00045,Priya Rao,+919092281992,"Hey, I was checking my latest bill and saw a small surcharge labeled 'service charge' that I don't remember opting for. Could someone explain what it is? It's not urgent, just want to know before my next payment. Thanks",2026-07-25T06:31:03.928594+00:00,General,Low,Finance
TCK-v1.0-00075,Rahul Joshi,+919827874296,"Hello, I tried to change my address and email in the app but it keeps showing the old details. I called customer care and they said it will be updated in 24 hrs, but still same. Please fix it soon, I need my bills to go to the right addrress. Thanks!",2026-03-08T01:06:43.774656,Account,Medium,Account
TCK-v1.0-01458,Karan Reddy,+919045494808,"Hey, I'm trying to log into my MyVodafone app but it keeps saying 'invalid credentials' even though I haven't changed my password. I tried resetting it, but the link never arrives on my email. It's been a couple of days now and I can't check my data usage. Please help.",2026-07-02T01:20:05.985633+00:00,Account,Medium,Account
TCK-v1.0-01193,Divya Nair,+919027086688,"I topped up 500 rupees today but my balance still shows zero. The app even says payment failed, yet the money was deducted from my bank. Also, I keep getting dropped calls on 4G after the recharge. Please sort the refund asap, I need data for work. This is really hurting my day.",2026-07-14T15:56:57.256067+00:00,Billing,High,Finance
TCK-v1.0-00275,Rohan Nair,+919883285691,"Hi, I'm facing network unavailble in my area for the past 2 days. I live in Sector 12, Noida. Even after restarting my phone and trying different SIM slots, I still get 'No Service'. This is causing trouble with my work calls but I can manage for a while, so I'm marking it medium. Please look into it.",2026-05-29T18:14:47.772209,Technical,Medium,Technical
TCK-v1.0-01609,Meera Joshi,+919813983735,"Hello, I just checked my latest bill and it shows I'm on the 299/month plan but I'm being charged 399. Could you please correct it? It's not a huge issue, just want the right amount next month. Thanks.",2026-06-03T03:29:37.382291+00:00,Billing,Low,Finance
TCK-v1.0-01512,Vikram Kapoor,+919631585149,"Sir/Madam, I have been facing really slow internet at home for the past week. Pages load like snail speed and video calls keep buffering. I tried restarting the router, but nothing changed. Not sure if it’s a line issue or some network congestion. Please check and get it fixed soon, it’s affecting my work from home. Thanks.",2026-06-22T14:23:12.061363+00:00,Technical,Medium,Technical
TCK-v1.0-01682,Neha Desai,+917037597383,"Hello, I cancelled my prepaid plan two weeks ago and was told the refund would be processed within 5 days. It's still not in my account. I understand there could be delays, but just wanted a quick check if anything is missing from my side. Please let me know the status. Thanks.",2026-07-12T03:34:16.454586+00:00,Refund,Low,Refunds
TCK-v1.0-00677,Manoj Joshi,+919646528092,"Sir, my calls are dropping repeatedly after just a few seconds. I've tried restarting my phone and even switching SIM, but still same issue. It's hurting my work and I need it fixed ASAP.",2026-06-12T11:30:51.006732,Technical,High,Technical
TCK-v1.0-00497,Sneha Verma,+919909949993,"I have been facing terrible signal strength on my 4G data in my area for the past week. Calls drop after a few seconds and internet browsing is impossible. I even tried moving to the balcony and switching off Wi‑Fi but still nothing. Also, I noticed that my data usage shows more consumption than I actually used, maybe because of the retries. Can you please look into the network issue? It’s affecting my work but I can still manage a few calls, so not totally critical yet.",2026-03-18T09:23:26.442720,Technical,Medium,Technical
TCK-v1.0-00292,Rahul Bhat,+919906788317,"Hello, I got a new sim last week and tried to register it on my phone, but the network just shows 'No Service' most of the day. I have restarted, reinserted the sim and even tried on another phone, still same. Maybe it's a registartion glitch? Please check when you can. It's not urgent as I can use Wi‑Fi for now.",2026-07-22T12:15:13.691866,Technical,Low,Technical
TCK-v1.0-00370,Vikram Verma,+919698485833,"I was looking at my latest bill and saw a charge of Rs.299 for a data pack I never even used. Maybe I missed something, but it seems off. Could you please check it when you have time? Thanks!",2026-06-24T21:18:42.543784,Billing,Low,Finance
TCK-v1.0-TOPUP-00067,Rohan Rao,+919027582841,"I tried to top-up my prepaid balance yesterday but the payment got declined and still shows as pending. I need my money back, but also noticed my last bill still shows the old data pack even though I switched to the new one last week. Please sort the refund and fix the pack info. Thanks",2026-02-28T17:34:44.263745+00:00,Refund,Low,Finance
TCK-v1.0-00639,Vikram Sharma,+919801702695,"Hey, I was checking my recent bill and noticed I got charged for a 2GB data plan even though I'm on the 500MB plan. Not sure if it's a billing glitch or maybe some network issue caused extra usage, but the amount looks off. Kindly review and correct it, please. Thanks!",2026-07-09T07:29:20.483742,Billing,Medium,Finance
TCK-v1.0-01492,Divya Joshi,+919053394210,"I paid my bill through netbanking this morning and Rs. 899 got deducted, but the app still shows my balance as unpaid. Please check and update quickly. It's been 2 hours and I need the service active.",2026-05-31T13:21:50.893723+00:00,Billing,Medium,Finance
TCK-v1.0-00181,Arjun Iyer,+919963689702,"Hey team, I'm checking out the new plans and I'm a bit confused which one suits my daily data and call needs. Could you give me a quick rundown of the benefits, any hidden charges, and if there's a trial period? Thanks!",2026-04-07T10:10:54.551756,General,Low,General Support
TCK-v1.0-00431,Meera Reddy,+919694728463,"I am trying to log into my account on the app and it just says password wrong even after I reset it yesterday. I also saw some unexpected charges but I cant even check my usage because I cant get into my account. Please sort this out quickly, I need my services active.",2026-03-23T12:20:59.943228,Account,High,Account
TCK-v1.0-01090,Priya Verma,+918068117758,"My phone keeps cutting off mid‑call, sometimes after just a few seconds. I’ve tried restarting, moving around and even swapping SIMs but the drops keep happening. It’s making work impossible and I need a fix ASAP, this is really hurting my business.",2026-03-20T00:49:55.949922+00:00,Technical,Critical,Technical
TCK-v1.0-00115,Ritu Rao,+919099809402,"I was checking my latest bill and noticed I was charged twice for the same data pack this month. I called earlier but they said it's being looked into, yet the amount is still there. Can you please correct it? I'm not in a rush but need it fixed before next payment.",2026-06-08T18:08:31.518254,Billing,Medium,Finance
TCK-v1.0-00069,Neha Bhat,+917064990913,"Mujhe abhi thoda problem ho rha hai, mera account lock ho gaya after kai bar wrong password try karne ke baad. I tried resetting but still locked. I need urgent help because I can't make any calls for my work. Please unlock it ASAP!",2026-03-10T10:06:35.821190,Account,High,Account
TCK-v1.0-01010,Arjun Gupta,+919762475107,"I checked my latest bill and it shows I was charged for the 5G plan, but I'm only subscribed to the basic 4G package. Please fix this and adjust the amount. It's confusing and I don't want to overpay.",2026-03-11T09:44:36.717590+00:00,Billing,Medium,Finance
TCK-v1.0-00556,Divya Chauhan,+919980512927,"Sir, my broadband has been super slow for the past week. Even simple things like loading WhatsApp web or watching a short video takes ages. I checked my bill and everything seems fine, so I think it’s a line or router issue. Can you please look into it? I’m not in a rush but would like it fixed soon.",2026-05-04T04:26:07.754544,Technical,Medium,Technical
TCK-v1.0-01052,Rohan Gupta,+919886999386,"I got charged twice for my last month’s bil, amount Rs. 1500 each, and my account shows both. I called support but they said they'd check, still no resolution. This is affecting my finances, need fix ASAP.",2026-04-24T13:47:07.791435+00:00,Billing,Critical,Finance
TCK-v1.0-01689,Meera Sharma,+919952135680,"Hey, my internet keeps dropping every few minutes for the past week. I tried restarting the router but nothing changes. This is affecting my work from home and I can't afford more downtime. Please fix this ASAP!",2026-02-26T18:34:32.683367+00:00,Technical,High,Technical
TCK-v1.0-00839,Arjun Iyer,+918068633414,I cancelled my postpaid plan last week and was told the amount would be credited within 3-5 working days. Still nothing has come through and my latest bill still shows the same charge. Can someone check what's happening? I'm not sure if it's a billing error or a refund issue.,2026-07-26T13:37:11.487867,Refund,Medium,Refunds
TCK-v1.0-01671,Ritu Kapoor,+919971091043,"Hey, I was checking your website for the new data plans but it's super confusing. Can someone please tell me what the exact monthly data limit and price is for the 1.5GB plan? Also, are there any hidden charges? Thanks.",2026-08-09T02:33:24.133084+00:00,General,Low,General Support
TCK-v1.0-00530,Meera Mehta,+917013858542,"Hello, I paid my last month's bill on 5th Aug using netbanking and the amount (₹499) got deducted from my account, but when I check the app it still shows I owe ₹499. I tried refreshing and even logged out‑in, nothing changed. Also, my 4G data speed has been very slow these days, sometimes not even able to load a YouTube video. Please look into the billing issue and let me know when it will be updated. Thanks.",2026-02-18T07:25:03.451947,Billing,Medium,Finance
TCK-v1.0-00034,Arjun Rao,+919634216073,I got my latest bill and it shows the same amount twice for the same month. I checked my usage and it doesn't make sense. Can someone please sort this out? I’m not in a rush but would like it fixed soon so I don’t get overcharged. Thanks!,2026-06-27T02:05:21.218869,Billing,Medium,Finance
TCK-v1.0-01379,Ananya Mehta,+918096230913,"I tried to rechrge my prepaid number last night but the amount got deducted from my bank and I still got a “payment failed” message. My balance shows zero and I cannot make calls. Please check why this happened, thanks.",2026-08-13T22:04:36.586186+00:00,Billing,Medium,Finance
TCK-v1.0-01114,Isha Mehta,+919907151820,"Hello, I noticed my profile shows wrong address and my email is outdated. Can u please update it? It's not urgent, just want it correct. Thanks.",2026-06-15T05:51:04.979952+00:00,Account,Low,Account
TCK-v1.0-00978,Rohan Gupta,+918058004010,"I tried to topup my prepaid number today but the transaction got stuck at processing and my bank shows the amount deducted. Still cant use any data and I haven't got any confirmation from you. Please look into it and refund the money, thanks.",2026-06-01T14:42:47.809050,Refund,Medium,Refunds
TCK-v1.0-00597,Priya Patel,+919657905528,"Hi, I was checking your website for any new data pack offers but I couldn't find any clear info. Also, my last bill still shows a small extra Rs. 29 that I think is a mistake from the previous month. Could you pls let me know about any ongoing promos and also correct the bill if needed? Thanks.",2026-02-18T14:27:39.808610,General,Low,General Support
TCK-v1.0-00496,Sneha Verma,+919720566474,"Mujhe aapke naya 1.5GB plan ke exact data limit ke baare mein clear info chahiye. Mere current plan ko baar baar throtteld kiya ja raha hai aur app galat numbers dikhata hai. Jaldi se bataiye, warna main switch karne ka soch raha hoon!",2026-07-10T10:23:25.406195,General,High,General Support
TCK-v1.0-01474,Rohan Chauhan,+919765512567,"Hey, my account got locked after a few wrong password tries. I tried resetting it but the app just says 'locked' and won't let me in. I'm stuck and need to pay my bill tomorrow. Please unblock it ASAP, otherwise I might lose service. It's getting frustrating.",2026-06-06T06:20:46.176212+00:00,Account,High,Account
TCK-v1.0-01473,Rahul Joshi,+919827874296,"I just got my latest bill and it shows extra ₹1500 that I never used. I asked my friend with same plan and his bill is fine. Please check and correct it ASAP, I'm really upset.",2026-03-09T12:20:45.018256+00:00,Billing,High,Finance
TCK-v1.0-00435,Kavya Desai,+919055647292,"I just noticed my latest bill has charged me for a 2GB plan, but I am actually on the 500MB plan. Please correct this mistake and adjust the amount. I’ve been a loyal customer for years, so hope this gets fixed soon.",2026-03-22T19:21:06.524054,Billing,Medium,Finance
TCK-v1.0-01639,Divya Mehta,+918088993756,"Sir/Madam, I want to update my registered address and email in your system. I tried doing it via the app but it keeps showing error. Can you please help me sort it out? Not a big rush, just want it correct before my next bill. Thanks!",2026-04-22T06:31:23.221527+00:00,Account,Low,Account
TCK-v1.0-00371,Neha Kapoor,+919722885158,I tried to recharge my prepaid number yesterday but the payment got deducted twice and my balance still shows zero. Please fix it soon.,2026-04-16T22:18:43.613659,Billing,Medium,Finance
TCK-v1.0-00519,Karan Sharma,+918034414488,"I noticed that my latest bill has charged me for the premium data plan, but I never upgraded from my current 2GB plan. Maybe there's a mistake? Please check and adjust the charge. Thanks.",2026-05-27T16:24:25.373875,Billing,Medium,Finance
TCK-v1.0-00741,Aditya Patel,+919083258238,"Mujhe abhi dekha ki mera profile me address galat hai, mera naam bhi thoda misspell ho raha hai. Main urgent kaam ke liye phone use kar raha hoon, agar sahi nahi hua to service disrupt ho jayegi. Kripya turant correct kar dijiye, ye bahut zaroori hai.",2026-04-30T23:33:28.926101,Account,High,Account
TCK-v1.0-00158,Rahul Desai,+919639473121,"I was looking at my latest bill and saw that I got charged twice for the same prepaid top‑up – two Rs.199 entries on the same day. Can you please check and adjust it? Not a big emergency, just want it sorted out.",2026-04-24T11:09:58.103353,Billing,Low,Finance
TCK-v1.0-00124,Divya Iyer,+917068164535,"Hello, my mobile data just quit today. I tried restarting my phone, toggling airplane mode and even re‑inserting the sim, but still no internet. The signal shows 4G but apps keep saying 'waiting for network'. Need this fixed quickly bcz I have work tomorrow. Please check.",2026-07-05T14:08:42.111201,Technical,High,Technical
TCK-v1.0-01838,Meera Iyer,+919756981693,"Hey, I'm stuck trying to get into my account on your app. It keeps saying something went wrong, and I can't see my bill or change my plan. I've tried resetting the password but still no luck. Please fix this quickly, it's urgent.",2026-06-15T04:35:06.075456+00:00,Account,High,Account
TCK-v1.0-00251,Isha Kapoor,+917028274225,"I try to login to my portal today but it just keeps spinning, never loads. Even cleared cache, tried on phone and laptop, same issue. Not sure if it's my side or something on your end. Please check and get it fixed soon.",2026-04-23T21:13:49.855293,Account,Medium,Technical
TCK-v1.0-00480,Vikram Sharma,+918067998136,"Hey, I'm really frustrated – my new SIM card still shows 'No Service' after three days. I tried restarting the phone, re‑inserting the SIM, even switching phones, but it just won't register on any network. I have an important call for work tomorrow and can't be without service. Also, the MyApp shows my data usage as 0 GB even though I've definitely used some, so maybe there's a bug there too. Please fix the network issue ASAP!",2026-06-04T04:23:00.026485,Technical,High,Technical
TCK-v1.0-01351,Pooja Malhotra,+919084161692,"I am on the 299/month plan but this month’s bill shows 499 and extra data charges I never used. I checked my app and it still says I have the cheaper plan. Please sort this out, I don’t want to be overcharged. Thanks.",2026-04-01T03:03:00.586187+00:00,Billing,Medium,Finance
TCK-v1.0-00819,Aarav Sharma,+919085766656,"Sir, my mobile keeps droping calls after I shifted to a new flat. It rings for a sec or two then the call just cuts off. I tried rebooting the phone and even pulling out and putting back the SIM, but nothing changes. Not a big emergency, just annoying when I try to talk to family. Can you check it when you get a chance?",2026-04-14T07:36:40.768085,Technical,Low,Technical
TCK-v1.0-00210,Divya Nair,+919951751830,I topped up my prepaid number yesterday but the amount is still pending. I called support but got no response. I need the money back quickly as I have bills to pay. Please process my refund ASAP.,2026-06-10T04:12:00.892122,Refund,High,Refunds
TCK-v1.0-01468,Rahul Kapoor,+919823281206,"Hey, I've been trying to send some SMS to my friend but they either don't go out or I never get the replies. It happens off and on, sometimes works after a restart. Not a big deal yet but kinda annoying when I need to share quick updates. Can you look into it?",2026-04-25T05:20:27.260944+00:00,Technical,Low,Technical
TCK-v1.0-00208,Sanjay Rao,+917056624628,"Hello, I want to know more about the new data‑rollover plan you advertised on your website. Could you please send me the full benefits and the price? Also, I tried checking my current data usage on the MyTele app and it shows 0 MB even though I used a lot yesterday, not sure if it's a bug or just me. Thanks.",2026-04-18T09:11:58.194947,General,Low,Technical
TCK-v1.0-00453,Vikram Sharma,+917002144270,"Sir/Madam, my internet keeps cutting out every evening around 7‑8pm. It's not affecting work much but it's frustating when I try to watch videos. Could you look into it when you get time? Thanks.",2026-06-19T14:21:57.054045,Technical,Low,Technical
TCK-v1.0-01548,Manoj Iyer,+919087403450,"I topped up my prepaid number yesterday using my debit card, but the amount is still showing as pending and I haven't got the recharge. It's been 24 hrs and I'm low on balance. Please process the refund asap, I need the money for my daily commute. Not sure if there was a glitch, but kindly check and credit back.",2026-03-04T17:25:07.740878+00:00,Refund,Medium,Refunds
TCK-v1.0-01781,Neha Sharma,+917058877043,"I see a Rs.500 charge on my credit card for last month’s postpaid bill, but the app still shows my balance as zero. Also, the 4G speed in my area has been a bit flaky lately, but that's not urgent. Please check the payment status.",2026-05-28T11:40:11.336438+00:00,Billing,Low,Finance
TCK-v1.0-00846,Isha Reddy,+919066184438,"Hey team, I have been getting really weak signal at my house for about a week now. Calls drop mid‑sentence and the data speed is painfully slow – even after restarting my phone it’s the same. Not sure if it’s my device or a tower problem, but could someone check it out? No emergency, just hoping it gets sorted soon.",2026-05-09T13:37:42.368164,Technical,Medium,Technical
TCK-v1.0-01766,Priya Mehta,+919697829221,"Hello, I was checking my latest bill and saw an extra Rs. 450 charge for data that I never used. I think it's a mistake, but I'm not sure if it's a one-time thing or my plan got changed. Please look into it and let me know. Thanks",2026-05-11T06:39:10.853739+00:00,Billing,Low,Finance
TCK-v1.0-01199,Kavya Nair,+919935369378,"Hey, my 4G data has been dropping for the past few days. Sometimes it works for a minute then just freezes, and I have to toggle airplane mode. Not a big emergency, but it's getting annoying when I try to check WhatsApp. Please look into it.",2026-03-03T06:57:23.866176+00:00,Technical,Low,Technical
TCK-v1.0-01211,Kavya Verma,+919604828148,"Hi, I want to know the exact benefits of the new 1.5GB data plan you advertised. Also, my SMS balance still shows 0 even though I topped up last week. Can you please send me the full details and fix the SMS display? Thanks",2026-03-16T05:53:26.063865+00:00,General,Low,Finance
TCK-v1.0-01276,Sanjay Bhat,+919080715451,"My 4G signal is terrible in my house, especially in the bedroom and even after restarting the router. Calls drop every few minutes and I can't load any videos. This is affecting my work from home. Please fix it ASAP!",2026-05-06T19:57:46.177632+00:00,Technical,Critical,Technical
TCK-v1.0-00391,Kavya Malhotra,+918082223943,"Hey, I've been trying to send SMS for the past few hours and nothing goes out, and I can't receive any messages either. I even restarted my phone and checked the network, but it's still dead. This is really affecting my work, please fix it ASAP!",2026-07-19T11:19:13.053801,Technical,High,Technical
TCK-v1.0-01298,Rohan Kapoor,+919074612004,"Hey, my mobile data just stopped loading after I switched to the new plan. I tried restarting and toggling airplane mode, but still nothing. Not a huge emergency, but it'd be nice if someone could check the network settings. Thanks.",2026-04-14T08:59:27.882868+00:00,Technical,Low,Technical
TCK-v1.0-01340,Aditya Malhotra,+919706068536,I am confused why my latest bill shows ₹1200 while my plan is only ₹999. I have been paying the same amount for the last 6 months. Please check and correct the invoice. Thanks.,2026-07-29T01:02:15.989357+00:00,Billing,Medium,Finance
TCK-v1.0-TOPUP-00058,Ritu Chauhan,+917075015374,"Hello, I was checking your website and saw a mention of some new data packs. Could you please tell me if there are any special offers for existing customers like me? I’d like to know the details before renewing. Thanks!",2026-08-17T00:33:41.048485+00:00,General,Low,Account
TCK-v1.0-01759,Manoj Gupta,+917066317797,"Hey, I was wondering what recharge plans are available for my number. I saw some offers on the app but they disappear quickly. Could you tell me if there are any daily or weekly packs that are still active? Not in a hurry, just need some info when you get a chance.",2026-07-27T12:38:52.345139+00:00,General,Low,General Support
TCK-v1.0-00481,Vikram Verma,+919717908641,"Hello, I was looking at the new data plans on your website and got a bit confused. Could someone explain what the difference is between the 1.5GB daily plan and the 2GB one? Also, is there any hidden charges if I exceed the limit? I'm not in a rush, just need some clarification when you have time.",2026-05-07T00:23:02.973407,General,Low,General Support
TCK-v1.0-00338,Ananya Nair,+919872482513,"Hello, I am trying to understand the different plans you offer, especially the data bundles and their validity periods. Could you please send me a simple breakdown? Thanks!",2026-05-19T09:17:08.091865,General,Low,General Support
TCK-v1.0-00254,Divya Mehta,+919727978819,"Hey bhai, my new SIM card is not registering on any network. I tried restarting the phone, re‑inserting the SIM and even used a different phone but still shows 'No Service'. It's been 2 days now and I cannot make calls or use data. Please fix this ASAP!",2026-07-19T08:13:53.695563,Technical,High,Technical
TCK-v1.0-00925,Meera Rao,+919050342811,"Namaste, I got my June bill and there is a Rs. 499 charge for premium data that I never subscribed for. Kindly look into it and adjust my bill. Thanks.",2026-06-23T21:40:35.531306,Billing,Low,Finance
TCK-v1.0-00700,Isha Chauhan,+919879334960,"Yaar, my broadband keeps cutting off after 10-15 minutes for the past week. I've tried rebooting the modem, resetting the router and even called support but the connection still drops every few minutes. This is seriously affecting my work from home and online classes, please fix it ASAP!",2026-05-24T16:31:48.537359,Technical,High,Technical
TCK-v1.0-00527,Vikram Gupta,+918007681040,"Hi team, I just opened my March bill and noticed an extra Rs.500 charge for data usage I never did. I’m not sure how it got added, maybe a system glitch? Please check and let me know. I’ve been with you guys for a long time and would appreciate a quick fix. Thanks!",2026-02-22T21:24:59.566537,Billing,Medium,Finance
TCK-v1.0-00578,Ananya Reddy,+919814262582,"I asked for my refund a week ago after my plan got cancelled, but nothing has shown up yet. I keep calling support and they just say ""we're looking into it"" – honestly I'm getting tired of the wait. Please sort this out soon, I need the money back.",2026-04-27T09:27:00.338510,Refund,High,Refunds
TCK-v1.0-01067,Aarav Nair,+918049972787,"I’ve been trying to log into my account for the past few hours but it keeps saying ‘invalid credentials’ even though I’m sure I’m using the right password. I reset it twice, got new OTPs, but still stuck. Please sort this out soon; I need to check my data usage and pay the bill.",2026-05-21T17:48:34.332488+00:00,Account,High,Account
TCK-v1.0-00630,Manoj Rao,+918093891190,"I tried to login a few times and now my accnt got locked. Please unlock it when you get a chance, not a big rush.",2026-04-04T10:29:01.745510,Account,Low,Account
TCK-v1.0-00244,Aditya Reddy,+919840105123,"Mere phone pe SMS send nahi ho rahe, kai baar try karta hoon aur ""Failed"" aata hai. Abhi 2 din se sab family group messages miss ho rahe hain, kaafi important kaam tha. Saath hi, data balance zero dikh raha hai jabki internet chal raha hai, shayad billing side bhi kuch gadbad hai. Please check ASAP.",2026-04-07T11:13:34.971382,Technical,High,Technical
TCK-v1.0-01163,Kavya Joshi,+919709749930,I was on the 299/month unlimited plan but my latest bill shows ₹399 charge. I didn't upgrade anything. Please correct the amount and adjust my bill. Thanks.,2026-03-21T12:55:07.789280+00:00,Billing,Medium,Finance
TCK-v1.0-00290,Ritu Reddy,+919037474112,"Hello, I wanted to know if there are any new data packs or combo offers available for my postpaid plan. Please let me know the details. Thanks!",2026-02-23T07:15:11.612513,General,Low,General Support
TCK-v1.0-01756,Priya Patel,+919750899358,"I was charged twice for my May mobile bill, both Rs. 899 amounts showing up. This duplicate billing is causing me trouble, please fix it ASAP and adjust my account. I need the extra charge removed now.",2026-04-07T05:38:34.694034+00:00,Billing,High,Finance
TCK-v1.0-00394,Aditya Reddy,+917049299556,"Sir/Madam, my calls keep dropping after just a few seconds, even on a good signal. I was on an important work call today and it cut off twice! Please fix this ASAP, it’s affecting my job.",2026-07-05T16:19:20.731559,Technical,High,Technical
TCK-v1.0-01119,Ananya Gupta,+919773322141,"I live in Sector 5, Gurugram and suddenly lost any mobile signal today. Even 4G is dead, can't make calls or browse. I tried restarting, SIM swap, no luck. This is affecting my work, need it fixed ASAP. Please look into this network outage in my area.",2026-04-10T10:51:57.648344+00:00,Technical,High,Technical
TCK-v1.0-01621,Arjun Joshi,+919018033974,"I was checking my latest bill and saw extra Rs. 499 charge that I never used. My plan says only 199 per month, and I haven't added any new services. Can someone please look into this? I'm not sure if it's a mistake or some hidden fee. Thanks.",2026-08-08T01:30:22.762955+00:00,Billing,Medium,Finance
TCK-v1.0-01729,Neha Sharma,+919602933334,"I keep getting dropped calls and the internet just stops working every few minutes. I've tried restarting the router and even asked my neighbor, but same problem. It's really affecting my work from home. Please fix this asap.",2026-03-05T14:36:50.375151+00:00,Technical,High,Technical
TCK-v1.0-00215,Kavya Nair,+919935369378,"Maine apne profile me address update kiya tha lekin abhi bhi purana address dikh raha hai. Jab bhi login karta hu, billing statements galat jagah pe bhej rahe hain. Customer care ne bola tha ki thik kar denge, par koi farak nahi pada. Bahut pareshan hoon, isko jaldi se theek karo.",2026-03-02T19:12:09.242229,Account,High,Account
TCK-v1.0-00154,Priya Desai,+919059640165,"Yaar, my calls keep dropping after just a few minutes, especially in the evenings. I even tried restarting my phone and switching SIM slots but nothing changes. It's getting really annoying, please look into this.",2026-04-07T17:09:50.443559,Technical,Medium,Technical
TCK-v1.0-00555,Rahul Bhat,+919701929275,"Hi, I recently got a new phone and tried to transfer my existing number to the new SIM. I uploaded the KYC docs yesterday but still no confirmation. My old SIM still works, but I need the new one for the new device. Could you pls check what's happening? Thanks.",2026-07-04T08:26:06.208742,Account,Medium,Account
TCK-v1.0-00877,Manoj Malhotra,+919961702437,"I was checking my latest bill and I see I’ve been charged twice for the same data pack for March. This is the second time this has happened. Please correct it and refund the extra amount, thanks.",2026-05-08T05:38:51.047654,Billing,Medium,Finance
TCK-v1.0-01818,Suresh Gupta,+919810310518,"Hey team, I'm a bit confused about the recent changes to your data rollover policy. My app shows I have 1.2GB left but the website says zero. Can someone clarify what's actually happening? I don't want my plan to get cut off unexpectedly. Thanks.",2026-06-19T21:34:02.323635+00:00,General,Medium,General Support
TCK-v1.0-01446,Arjun Mehta,+919660366909,"Hey, my calls keep dropping after a few seconds, even on 4G. I've tried restarting, but still no luck. It's affecting my work and I need it fixed ASAP. Please check the line, I'm really fed up.",2026-05-13T12:19:21.387637+00:00,Technical,Critical,Technical
TCK-v1.0-00934,Aditya Nair,+919647219705,"Sir/Madam, I noticed that my last two bills show the same amount for the same period. I'm not sure if it's a system glitch or maybe a promotional offer I missed, but it feels like I'm being charged twice. Could you please check and let me know what's up? Thanks.",2026-06-05T04:40:59.218479,Billing,Medium,Finance
TCK-v1.0-01331,Meera Sharma,+919051518644,"Hey, I topped up my number last night but the amount still shows pending. I think it might be a glitch, can you pls check and refund if needed? No rush, just want to sort it out when you get a chance.",2026-03-02T17:01:37.362330+00:00,Refund,Low,Refunds
TCK-v1.0-00535,Arjun Rao,+919057701715,"I did a top up on 12th June and later cancelled my plan, but the money is still not back in my bank. I called support and was told they'd look into it, yet I haven't seen any refund. Please sort this out soon, it's been over a week now.",2026-04-17T02:25:10.061659,Refund,Medium,Refunds
TCK-v1.0-01057,Suresh Malhotra,+919771746488,"Hello, my new SIM card from your store still doesn't register on my phone even after restarting twice. I get 'No Service' all day. Also, the welcome SMS with my data balance never arrived, so I'm not sure how much I have left. Can you please activate it and send the balance info? Thanks.",2026-04-13T13:47:34.177190+00:00,Technical,Medium,Technical
TCK-v1.0-01826,Meera Sharma,+917016998543,"Sir/Madam, I just got my latest bill and it shows extra Rs. 850 for data I never used. I asked the rep last week but they said it will be corrected, still same amount. Also, my internet speed has been dropping after 6pm, though I didn't raise a ticket yet. Please fix the charge and let me know about the speed issue. Thanks.",2026-02-28T07:34:33.581719+00:00,Billing,Medium,Finance
TCK-v1.0-00448,Rohan Chauhan,+919756424008,"Bhai, I cancelled my broadband plan on 5th June and was promised the Rs.1500 would be back within 3 days. It's now over a week and still nothing in my bank. I keep calling, get generic replies and the money is still missing. This is affecting my rent payment, need the refund ASAP or I’ll have to raise a complaint with the consumer forum. Please sort this out urgently!",2026-07-14T05:21:50.172897,Refund,Critical,Refunds
TCK-v1.0-01501,Karan Kapoor,+918090053293,"I was looking at my latest bill and saw an extra Rs. 499 charge that I never signed up for. I think it's a mistake, but I'm not sure why it's there. Could you please check and correct it? Thanks.",2026-08-01T10:22:34.459741+00:00,Billing,Medium,Finance
TCK-v1.0-01998,Priya Joshi,+919975571928,"Hi, I topped up my mobile last night but the amount didn't reflect. I checked my bank and it shows the debit, yet my balance is still zero. Please process the refund when you can. No hurry, just need it sorted. Thanks.",2026-05-17T23:32:56.162984+00:00,Refund,Low,Refunds
TCK-v1.0-01839,Kavya Sharma,+917083561595,"Sir, my broadband has been crawling lately – videos buffer every few seconds and simple browsing feels like snail’s pace. It's not a total outage, just really slow, especially in evenings. Could you please check the line? No urgent emergency, but hoping for a fix soon.",2026-03-03T02:35:11.187888+00:00,Technical,Low,Technical
TCK-v1.0-01224,Meera Sharma,+917016998543,"Hey, I'm stuck trying to login to my MyVodafone portal. Every time I enter my password it says 'invalid credentials' even though I just reset it yesterday. I need to check my latest bill and update my address, but the app just keeps throwing the error. Please fix this ASAP, it's really affecting my service.",2026-02-27T13:54:12.516417+00:00,Account,Critical,Account
TCK-v1.0-01915,Suresh Malhotra,+919771746488,"I tried to update my address and email on your portal, but it keeps giving an error and my old details are still shown. Meanwhile, I got a random extra charge on my last bill that I can't locate. Please fix my profile ASAP, this is affecting my SIM replacement request.",2026-04-14T21:28:19.173944+00:00,Account,High,Account
TCK-v1.0-00529,Karan Nair,+919785714224,"Sir, I am facing a weird issue – my calls keep dropping after a few minutes, sometimes right after I say hello. I have tried restarting the phone and even moved to another room, but the problem persists. Not sure if it’s my handset or the network, but it's getting annoying. Please look into it when you can. Thanks.",2026-07-19T16:25:02.375035,Technical,Medium,Technical
TCK-v1.0-01131,Sanjay Bhat,+919606540515,"Sir/Madam, my network signal is extremely weak in my area. Calls drop after 2 seconds and data speed is crawling, making it impossible to work from home. I've tried restarting the router, but no change. Please fix this ASAP, it's affecting my job.",2026-06-17T04:52:49.197910+00:00,Technical,High,Technical
TCK-v1.0-00281,Pooja Iyer,+919920863536,"Hello, I am facing very slow internet speed on my home broadband for the past week. Even simple browsing takes ages and videos keep buffering. It's not an emergency but I would appreciate if you could look into it when possible. Thanks!",2026-05-28T08:14:57.051265,Technical,Low,Technical
TCK-v1.0-01478,Meera Rao,+919924808613,"I keep trying to log into my account portal but it just shows an error every time. I need to update my plan today and can't do anything. Please fix this ASAP, it's affecting my service.",2026-07-20T13:21:08.739063+00:00,Account,High,Account
TCK-v1.0-00800,Ananya Nair,+919886210427,"i got a new sim and asked to transfer my old number to it but the system says it's still pending. called support and they said it would be fixed in a day, still no change. please sort this out quickly, it's causing me trouble with work calls.",2026-05-18T11:35:47.345349,Account,Medium,Account
TCK-v1.0-01694,Rahul Chauhan,+919909993476,"Hey, I was checking the new data plan you guys advertised and I'm a bit confused. The brochure says 1.5GB per day, but the app shows only 1GB. Can you clarify what's actually included? Not a big rush, just want to know before I switch.",2026-03-31T12:34:42.212753+00:00,General,Low,General Support
TCK-v1.0-01433,Pooja Nair,+919033036541,"Hey, I just checked my account and the name and address shown are wrong. I never changed them. This is affecting my bills and I can't update it via app. Please fix asap, I'm quite annoyed.",2026-06-08T16:18:22.180530+00:00,Account,High,Account
TCK-v1.0-01665,Sanjay Patel,+918011554262,"My internet keeps dropping every few minutes for the past week, even after rebooting the router. It's really frustrating as I need it for work. Please look into this soon.",2026-03-07T06:33:14.206593+00:00,Technical,Medium,Technical
TCK-v1.0-01775,Ananya Kapoor,+919822816064,"Hello, I was checking your website for any new recharge offers, but the page keeps loading forever. Could you please let me know if there are any active promos for data packs? I don't need it urgently, just want to know. Thanks.",2026-03-29T19:39:53.899356+00:00,General,Low,General Support
TCK-v1.0-00398,Rahul Mehta,+917072563942,"Hello, I cancelled my postpaid plan on 5th June as per the instructions given over phone. It’s now been over two weeks and I still haven’t seen the Rs. 1,200 refund hit my bank account. I checked the SMS logs – they said the refund was processed, but nothing shows up. Please look into this and release the money soon. Thanks.",2026-04-21T00:19:46.827906,Refund,Medium,Refunds
TCK-v1.0-00716,Ritu Bhat,+919755048926,"I was shocked to see two identical charges for the same month on my bill. I called earlier but still see the double amount. This is unacceptable, please correct it and credit the extra amount ASAP. I've been a loyal customer and can't afford this extra cost.",2026-04-24T20:32:28.680781,Billing,High,Finance
TCK-v1.0-00684,Isha Kapoor,+919850416591,"Hey team, my phone suddenly stopped sending or receiving any SMS since this morning. I tried restarting, checking the network bar and even toggling airplane mode but still no msg going out or coming in. This is really affecting my work and I need it fixed ASAP, please help!",2026-05-27T12:31:09.089156,Technical,Critical,Technical
TCK-v1.0-01250,Suresh Kapoor,+919816272046,"Hey, my internet has been down for the last 3 days in my area (Sector 12, Gurgaon). I keep trying to reconnect but it just shows no signal. Could you please check and fix it? It’s affecting my work.",2026-05-27T05:56:13.864011+00:00,Technical,Medium,Technical
TCK-v1.0-01040,Meera Rao,+919890586518,"My new SIM is not registering on network, I keep getting 'no service' even after restarting phone. Also the SMS I sent to activate it never got a reply, and I still haven't received my welcome pack. Please fix asap, I'm missing important calls.",2026-03-05T17:46:25.197895+00:00,Technical,High,Technical
TCK-v1.0-TOPUP-00048,Suresh Iyer,+919779327663,"Hey, I tried to top‑up my prepaid account yesterday but the amount didn't reflect. The app shows it was deducted, yet I still have zero balance. Could you please look into it and process a refund when you get a chance? Not urgent, just a bit inconvenient.",2026-03-29T14:32:05.770761+00:00,Refund,Low,Finance
TCK-v1.0-00346,Arjun Iyer,+918025753260,"Bhai, I bought a new SIM card yesterday from your outlet and it's not getting registered on my phone. It just shows 'no network' even after I restarted the phone, tried the SIM in another handset and reinserted it a few times. The registration seems stuck, and it's messing up my work a bit. Please check what's wrong and get it fixed soon.",2026-06-20T09:17:40.739989,Technical,Medium,Technical
TCK-v1.0-00144,Neha Gupta,+919710369711,"Hello, I think I was charged a little extra this month for a plann I never upgraded. The amount is just Rs. 200 more than usual, maybe a typo? Could you check my bill and adjust if needed? Thanks.",2026-04-11T21:09:37.068694,Billing,Low,Finance
TCK-v1.0-00411,Sneha Verma,+919699088117,I cancelled my postpaid plan last week and was told the pending amount would be refunded within 3-5 working days. It's been over a week now and still no credit in my account. I tried calling support but got stuck in the IVR each time. Please check and process the refund soon. Thanks,2026-03-02T12:20:08.153682,Refund,Medium,Refunds
TCK-v1.0-00909,Sneha Chauhan,+919913145195,"I tried to recharge my prepaid number this morning but the payment got stuck. Money was deducted from my bank but my balance is still zero. I called support and they said they'll check, but it's already afternoon and I need the data. Please sort it out soon.",2026-07-18T05:39:59.996215,Billing,Medium,Finance
TCK-v1.0-00585,Ananya Rao,+919878113799,"I was trying to check recharge options on the app but it looks kinda confusing – the plans listed seem old and I’m not sure which one suits me now. Could you let me know what current recharge packages are available, especially any student or data‑heavy packs? I need to top‑up soon but want the right deal, so a quick clarification would help.",2026-05-26T03:27:12.541721,General,Medium,General Support
TCK-v1.0-01731,Rahul Iyer,+919657437489,"Hi, I saw some promos on the website about extra data on my plan, but when I tried to activate it through the app it says not eligible. Can you tell me if I missed something or if the offer is still valid? No rush, just want clarification.",2026-05-09T09:37:07.492435+00:00,General,Low,General Support
TCK-v1.0-01516,Meera Patel,+919822901476,"Hi, I'm trying to log into my account on the website but it keeps saying 'invalid credentials' even though I'm sure I'm using the right password. I tried resetting it but the link never arrives. Could you please look into it when you get a chance? Thanks.",2026-04-16T08:23:20.067557+00:00,Account,Low,Account
TCK-v1.0-00804,Arjun Reddy,+917039386613,I did a recharge for my phone today but the amount got deducted twice from my bank and my balance still shows zero. The app says payment failed. Please sort this out soon.,2026-06-24T13:35:54.370271,Billing,Medium,Finance
TCK-v1.0-01691,Sneha Sharma,+919832365199,I just wanted to ask why my data plan resets every month on the 15th? It seems odd and I can't find any info on the website. Can someone clarify?,2026-06-14T01:34:39.173723+00:00,General,Low,General Support
TCK-v1.0-01087,Karan Kapoor,+918090053293,"Hey team, my internet has been crawling at 2-3 Mbps for the past week, even after resetting the router. It’s okay for browsing but video calls drop. Also, I noticed my SMS balance didn’t update after I bought a pack yesterday. Please look into it when you can. Thanks!",2026-07-31T10:49:51.789828+00:00,Technical,Low,Technical
TCK-v1.0-01387,Isha Chauhan,+918034540193,"Hey, my broadband has been crawling at 0.5Mbps for the past 3 days! Streaming video is impossible and work calls keep dropping. I need this fixed ASAP, this is affecting my job. Please send a tech right away!",2026-04-03T13:04:52.674797+00:00,Technical,Critical,Technical
TCK-v1.0-00837,Ananya Rao,+918011602564,"Hello Sir/Madam, I raized a refund for the extra charges on my last bill on 12th June but till now I haven't got any credit in my account. I understand processes can take time, however it's been over a week and I'm a bit anxious. Could you please look into it and update me? Thanks.",2026-06-21T17:37:09.088739,Refund,Medium,Refunds
TCK-v1.0-00026,Arjun Gupta,+919762475107,"I cancelled my postpaid plan two weeks ago and was promised the Rs. 1,200 refund within 5 working days. Still nothing has hit my bank account and the support guys keep saying they are checking. I’m getting really worried because I need that money for my kid’s school fees. Please sort this out fast, I can’t keep waiting forever.",2026-03-10T22:04:40.304769,Refund,High,Finance
TCK-v1.0-01700,Ananya Chauhan,+919810393087,"Hey, I just checked my latest bill and I’ve been charged twice for the same data pack! This is the second month it happened. I need this fixed immediately or I’ll have to switch providers. Please refund the extra amount and stop this from recurring.",2026-08-18T17:34:49.554412+00:00,Billing,Critical,Finance
TCK-v1.0-00793,Meera Rao,+919985977790,"Hello, could you please tell me what rechrge options are currently available? I am looking for any data pack with decent talk time and would love some details on the plan sizes. Thanks!",2026-07-25T07:35:38.386271,General,Low,Refunds
TCK-v1.0-00046,Rahul Rao,+919948734714,"Hey, I tried logging into my account on the app today and it just keeps saying ""Invalid credintials"" even though I'm sure I'm using the right password. I even reset it, but still stuck. This is affecting my ability to check my data usage and pay the bill, so please sort this out ASAP.",2026-06-18T08:05:34.781198,Account,High,Account
TCK-v1.0-01302,Karan Kapoor,+918090053293,"My account got locked after a few wrong password attempts. I tried resetting it but the app just keeps saying 'account locked'. I need to make an urgent call tomorrow, please unlock it right now! This is causing huge trouble.",2026-07-31T18:59:33.544319+00:00,Account,Critical,Account
TCK-v1.0-01678,Rahul Rao,+919891380003,"I tried to recharge my prepaid number this morning but the amount was deducted from my bank, yet my balance still shows zero. It could be a glitch, not sure if I need a new top‑up. Please check when you can. No rush, just want it sorted.",2026-08-07T12:33:46.375716+00:00,Billing,Low,Finance
TCK-v1.0-01355,Priya Joshi,+919975571928,"I checked my latest bill and see an extra Rs. 1499 charge I never made. I thought maybe it's for the data pack I added last week, but I didn't add any. Also, my SMS notifications stopped working yesterday, so I can't even see updates. Please clarify the charge and fix the SMS issue.",2026-05-17T00:03:18.569487+00:00,Billing,Medium,Finance
TCK-v1.0-01280,Sneha Kapoor,+919027484677,"I paid my June bill online yesterday, Rs. 1,199 was deducted from my card but the portal still shows my balance as unpaid. Meanwhile my internet speed keeps dropping to 0.5Mbps during evenings. Please fix the billing issue and let me know why the data is so slow.",2026-06-16T21:57:54.040336+00:00,Billing,Medium,Finance
TCK-v1.0-01904,Sanjay Desai,+919949578856,"I tried to login to my account portal today but it just keeps loading forever. Also, I noticed my promotional balance didn't update after I topped up last week. Not a big deal, just wanted to let you know.",2026-04-01T01:27:56.160969+00:00,Account,Low,Account
TCK-v1.0-00985,Sneha Sharma,+918043321819,"Sir, I inserted the new SIM yesterday but my phone still shows 'No Service' and can't register on the network. I tried restarting and re‑inserting, but nothing changes. Could you please look into it? It's affecting my work, but I can manage for a day.",2026-05-02T02:42:52.061918+00:00,Technical,Medium,Technical
TCK-v1.0-00253,Isha Iyer,+918077219034,"Sir/Madam, I'm really upset – my sms are neither sending nor receiving. I restarted the phone, toggled airplane mode, even tried a different sim, but still nada. I need these msgs for OTPs and work, so it's causing a lot of trouble. Please look into this and fix it ASAP, thanks.",2026-08-09T08:13:52.252837,Technical,High,Technical
TCK-v1.0-00913,Kavya Desai,+919721522655,"Hello, I was checking your website and saw some new data packs. Could you tell me if there is any special discount for existing postpaid customers? I haven't got any info yet, please let me know. Thanks!",2026-04-13T03:40:05.147884,General,Medium,General Support
TCK-v1.0-00720,Sneha Desai,+919854851017,"I recently got a new SIM but the old number is still showing as my primary account. I need the ownership transferred right away, otherwise I cant use data and calls. Been waiting 3 days and no response from support. Please sort this out ASAP, it's really affecting my work.",2026-06-01T22:32:36.616260,Account,High,Account
TCK-v1.0-00657,Aditya Chauhan,+917066032420,"I just got my latest bill and it's way higher than usual! I didn't use any extra data or international calls, but I'm being charged Rs. 3,500 instead of the Rs. 1,200 I normally pay. This is unacceptable, please fix it immediately or I'll have to switch providers.",2026-06-12T08:30:06.845989,Billing,High,Finance
TCK-v1.0-01005,Priya Kapoor,+917001326773,"Hey, my mobile data has been down since yesterday evening. I tried toggling airplane mode and restarting, but still no internet. It's affecting my work, but I can still make calls, so not urgent. Please check and fix soon.",2026-05-08T02:43:58.246429+00:00,Technical,Medium,Technical
TCK-v1.0-00311,Rahul Patel,+919852621815,"Sir, I am trying to login to my account on the app but it keeps saying my password is wrong even after I reset it. I have tried many times and even cleared cache but still no luck. I need to check my data usage and pay the bill, so please sort this out soon. Thanks!",2026-03-17T21:16:05.282915,Account,Medium,Account
TCK-v1.0-00284,Neha Desai,+917037597383,"I have been facing really poor signal strength on my phone for the past week, especially in the evening. Calls keep dropping and I get 'no service' in my own house. I tried restarting and resetting the network settings but nothing helps. Please look into this soon as it’s affecting my work from home, but I can still use data occasionally, so I’m marking it as medium urgency.",2026-07-10T16:15:00.368679,Technical,Medium,Technical
TCK-v1.0-00513,Meera Kapoor,+918099827950,"I did a recharge of Rs.200 a few hours ago and my balance still shows zero. The amount must have gone somewhere else. Can u pls check and refund the money? I need it for other bills, so a quick look would be great.",2026-07-25T07:24:13.534926,Refund,Medium,Refunds
TCK-v1.0-01834,Sneha Reddy,+919086923226,I just wanted to know why my data plan resets on the 15th every month. It’s a bit confusing and I end up checking the app daily. Could you please explain the policy? Thanks.,2026-08-13T00:34:57.493247+00:00,General,Low,General Support
TCK-v1.0-00857,Pooja Mehta,+919960340848,"Hey team, can you tell me what recharge packs are available for my postpaid line? I was trying to top‑up through the app but it keeps showing 'service unavailable'. Also, when I opened my account page I couldn't see my previous month’s usage summary – maybe it's a glitch? Just need the pack details first.",2026-04-26T12:37:57.272091,General,Low,General Support
TCK-v1.0-01599,Vikram Rao,+918065676618,"I want to change my address and email in my account, but the app keeps showing old details even after I tried editing. It's not urgent, just need it corrected sometime soon. Could you please help update my registered info? Thanks.",2026-07-15T07:28:30.420102+00:00,Account,Low,Account
TCK-v1.0-TOPUP-00030,Sanjay Chauhan,+919603996402,"I topped up my phone on 12th March, Rs.1999, but the amount is still missing from my account. I called support, they said it will be reversed in 24 hrs, but nothing yet. This is affecting my daily calls. Please fix ASAP!",2026-04-28T18:25:21.274419+00:00,Refund,High,Finance
TCK-v1.0-00164,Arjun Malhotra,+918035841438,"My calls keep dropping after a few seconds, especially when I try to talk to my mom. I tried restarting the phone but nothing changed. Also, I noticed the data speed is a bit slower than usual, but I’m not sure if it’s related. Please look into it.",2026-06-08T12:10:28.526276,Technical,Low,Technical
TCK-v1.0-00772,Ananya Mehta,+919096112233,"Sir/Madam, I got my latest bill and it’s way higher than what I usually pay. I think there is some mistake in the charges. Could you please look into it and adjust if needed? Thanks.",2026-04-03T04:34:40.128308,Billing,Low,Refunds
TCK-v1.0-01858,Pooja Chauhan,+917071331509,"Hey, my account got locked after I tried the password a few times wrong. I can't login to check my data usage or recharge, and the support page just says 'account locked'. I tried resetting but it asks for OTP which I'm not receiving. Please unlock it soon, it's getting annoying.",2026-03-31T04:24:59.245091+00:00,Account,Medium,Account
TCK-v1.0-00381,Arjun Reddy,+919743987801,"Hey, my netwrok just stopped working since this morning in my area. I keep trying to reload but nothing shows up and the signal icon stays at 0 bars even though I’m at home. I called earlier and they said everything was fine, but this is really affecting my work. Please look into this and get it fixed ASAP, I need internet for my job.",2026-02-27T05:18:57.516283,Technical,High,Technical
TCK-v1.0-01185,Vikram Rao,+918065676618,"I have been getting really slow internet for the past week, buffering even on simple web pages. I tried restarting router multiple times but nothing changes. It's affecting my work from home, please look into it asap.",2026-07-14T07:56:37.851590+00:00,Technical,High,Technical
TCK-v1.0-00656,Ananya Nair,+918093631230,"Hey team, my broadband has been crawling lately, speeds are far below what I pay for. I tried restarting the router but no change. Also noticed my last bill still shows the same amount, but I feel I'm not getting the service I’m paying for. Please look into this ASAP, it's affecting my work from home.",2026-06-16T07:30:03.489855,Technical,High,Technical
TCK-v1.0-00464,Aditya Sharma,+919086209593,"Hello, I'm trying to check the recharge options on the app but it only shows the old plans. Could you please update it with the latest combo packs? Not urgent, just need to know what's available.",2026-05-26T17:22:13.853133,General,Low,General Support
TCK-v1.0-01937,Priya Joshi,+919721456232,"Sir, I have been trying to use mobile data and make calls since morning but the network is completely down in my locality (Sector 5, Bhopal). It’s not a total outage everywhere, just here. Please look into it soon; this is affecting my work but not an emergency.",2026-04-03T00:29:22.932490+00:00,Technical,Medium,Technical
TCK-v1.0-00352,Isha Reddy,+919900119721,"Hey, I asked for a refund last week for the extra data charge but still haven't seen any credit. Also, my 4G keeps dropping on the 3rd floor of my building, but that's not as urgent. Please check the refund status.",2026-04-09T14:17:49.537232,Refund,Low,Refunds
TCK-v1.0-00703,Rohan Nair,+918067179576,"Yaar, I applied for a refund on 10th June after my prepaid plan got cancelled and still nothing is in my account. This delay is really stressful and I need that money back ASAP. Please sort it out quickly!",2026-08-12T11:31:52.326312,Refund,High,Refunds
TCK-v1.0-00832,Aarav Chauhan,+919062091843,"Mujhe jaldi se batao ki kaunse recharge pakages available hain. App par koi info nahi aati, aur mera balance low hai, kaam pe bahut dikkat ho rahi hai. Please help asap, yeh bahut important hai!",2026-05-15T02:36:57.668058,General,High,General Support
TCK-v1.0-01343,Neha Gupta,+919710369711,"I just checked my account and my address is still old, even after I updated it online last week. Also, my data usage shows zero though I used about 2GB yesterday. Please fix my profile and let me know why the data isn’t reflecting. Thanks.",2026-04-12T17:02:26.196100+00:00,Account,Medium,Account
TCK-v1.0-01389,Suresh Joshi,+919854788728,"Hey, my new sim just wont register on the network – I keep getting 'No service' even after rebooting. I tried inserting it twice and the signal stays zero. Also, I never got the welcome SMS with my plan details, so I'm not sure what I'm on. Please help.",2026-04-21T04:05:03.146425+00:00,Technical,Medium,Technical
TCK-v1.0-00993,Aditya Verma,+919723884969,"I was checking my latest bill and it shows I was charged for a 2GB data plan, but I only have the 1GB plan. Also, my SMS balance is still showing zero even though I sent a few messages yesterday. Can you please correct the bill? Thanks",2026-05-07T16:43:23.759329+00:00,Billing,Low,Finance
TCK-v1.0-00085,Arjun Desai,+919666270289,"Yaar, my phone shows ""No Service"" almost everywhere in my area, even near my house. I tried restarting and resetting network settings but still no signal. It's been two days now, can't make calls or use data. Please fix ASAP!",2026-05-25T13:07:23.565283,Technical,High,Technical
TCK-v1.0-01936,Divya Joshi,+919053394210,"I checked my latest bill and it shows I was charged for the 2GB plan, but I'm actually on the 500MB plan. I tried calling support but got generic replies. Can you please fix the mismatch? It's affecting my budget a bit. Thanks.",2026-05-31T21:29:21.576514+00:00,Billing,Medium,Finance
TCK-v1.0-TOPUP-00055,Suresh Reddy,+917003156967,"Hi, I was checking the new data packs and I'm a bit confused about what exactly is included in the 1.5GB daily plan. Does it have any hidden charges or speed throttling after a certain usage? Please let me know. Thanks.",2026-07-15T13:33:36.757889+00:00,General,Low,Account
TCK-v1.0-01629,Arjun Bhat,+919604661839,"Hey, my 4G data has been dropping every few minutes since yesterday, and I can't even browse WhatsApp properly. Also, I noticed my last month's bill still shows an extra Rs. 200 charge that I never used. Please fix the data issue soon; the extra charge can wait.",2026-04-07T22:30:51.616607+00:00,Technical,Medium,Technical
TCK-v1.0-00637,Sneha Gupta,+919067499465,"Hey team, I had asked for a refund on my last bill (the extra Rs. 500 charge) about two weeks ago. I was told it would be processed within 5-7 working days, but till now I haven't seen any credit in my account. Could you please check what's going on? It's not super urgent but I would appreciate it if the amount could be cleared soon. Thanks.",2026-04-17T19:29:17.982723,Refund,Medium,Finance
TCK-v1.0-00653,Rahul Joshi,+917078208297,"Hey yaar, I just got a new SIM from my brother but the portal still shows the old number under my account. I need the ownership transferred today because I'm travelling tomorrow and can't activate the new SIM. Also, when I tried to reload my data pack the USSD code gave me ‘invalid request’, not sure if that's linked or just a glitch. Please sort the SIM transfer ASAP – it's causing a lot of hassle.",2026-06-23T19:29:59.553885,Account,High,Account
TCK-v1.0-00589,Vikram Patel,+919077625349,"Sir, my broadband has been crawling at around 1-2 Mbps for the last three days, even after I restarted the router many times. I tried calling the support line but the wait time was huge and I got disconnected. Also, I noticed my last bill still shows an extra Rs. 200 charge for a service I never used, but I'm more worried about the internet dropping while I'm on a video call for work. Please fix the speed ASAP, this is affecting my job.",2026-07-07T20:27:17.886497,Technical,High,Technical
TCK-v1.0-01026,Meera Reddy,+919834332003,"I just got a new SIM from your store but my phone keeps showing 'No Service' and won't register on the network. Restarted the phone and re‑inserted the SIM, still nothing. Please help fix this soon.",2026-04-18T08:45:32.808203+00:00,Technical,Medium,Technical
TCK-v1.0-01287,Neha Gupta,+918016117240,"My 4G drops to 2 bars even in my own house, calls keep dropping and video calls freeze. I tried restarting the router twice and even moved the box, no change. Also, the welcome SMS I got last month never arrived, so I can't check my data usage. Please fix the signal ASAP, this is affecting my work.",2026-08-07T01:58:32.457712+00:00,Technical,Critical,Technical
TCK-v1.0-01594,Meera Reddy,+919687833918,"Hey, I tried logging into my account portal today but it just keeps saying ""Invalid credentails"" even though I haven’t changed my password. I cleared cache and tried different browsers, still no luck. Can you look into it? It’s not urgent, just need to access my details.",2026-04-26T11:28:20.097497+00:00,Account,Low,Account
TCK-v1.0-00905,Priya Verma,+919914290018,"Sir, I have been trying to use mobile data and make calls since morning but there is no network at my house in Kalyan. I checked with neighbours and they are also facing same issue. I have reset my phone, toggled airplane mode, but nothing works. Please look into this as soon as possible, it's quite inconvenient.",2026-05-22T18:39:54.047897,Technical,Medium,Technical
TCK-v1.0-01417,Kavya Reddy,+919667010651,"I tried logging into my myVodafone app three times and now it says my account is locked. I need to check my latest bill but can't. Also, I never got the 5% discount promo text they promised. Please help unlock my account soon.",2026-06-16T21:17:30.612472+00:00,Account,Medium,Account
TCK-v1.0-01460,Sanjay Desai,+919949578856,"Hey, I keep seeing different promos on the website and in the app, but when I try to apply them they either disappear or say I’m not eligible. Can you tell me what’s the real offer right now? I don’t want to miss out, but it’s confusing.",2026-03-31T17:20:08.700414+00:00,General,Medium,General Support
TCK-v1.0-01439,Arjun Chauhan,+919673872148,"I tried to recharge my prepaid number 2 days ago, but the amount was deducted twice and my balance still shows zero. When I called support they said to wait 24 hrs, but still nothing. Also my internet speed is super slow after the recharge. Please sort this out ASAP, I need my data for work.",2026-03-02T07:18:54.459476+00:00,Billing,High,Finance
TCK-v1.0-00326,Rahul Bhat,+919613247546,"Sir, I just checked my latest bill and it looks higher than usual. I think there might be an extra charge or something I missed. Could you please look into it and let me know why the amount is more? Thanks!",2026-03-15T20:16:49.989936,Billing,Low,Finance
TCK-v1.0-00870,Suresh Sharma,+919848706827,"I made a payment last week and was told the amount would be reversed, but it still shows on my bill. Please check and process the reversal soon, I don’t want this to affect my credit. Thanks.",2026-04-12T00:38:26.847900,Refund,Medium,Refunds
TCK-v1.0-00349,Ritu Nair,+919623046184,"Bhai, my internet speed has been super slow for the last 4 days. Even loading a simple page takes ages and video calls keep dropping. I restarted the router many times but nothing improved. Please look into it and fix it soon.",2026-03-10T21:17:45.894985,Technical,Medium,Technical
TCK-v1.0-00567,Meera Kapoor,+919874101194,"Sir/Madam, I logged into my account today and saw my profile info totally wrong – my name is spelled incorrectly and the address shown is from some other city. This is messing up my service and I can't even verify my identity for the new SIM. Please fix this ASAP, it's really urgent!",2026-04-25T16:26:29.341026,Account,Critical,Technical
TCK-v1.0-01208,Aditya Verma,+919723884969,"I paid Rs.499 on my debit card today and I can see the amount deducted, but my postpaid bill still shows the old amount and I can't use data. Also, the app keeps logging me out every time I try to check my balance. Please fix it.",2026-05-08T00:53:20.108189+00:00,Billing,Medium,Finance
TCK-v1.0-00672,Pooja Verma,+917010867713,"I have been trying to update my address and email on my account for days now but the portal keeps giving errors. My new address is needed for bill delivery and I can’t wait any longer. I called support, got transferred multiple times and still nothing changed. This is really frustrating – please fix it now!",2026-06-26T10:30:44.810254,Account,Critical,Account
TCK-v1.0-01777,Meera Bhat,+918047985158,"Sir/Madam, my internet has been down for the past 4 hours in the Ghatkopar area. I keep getting 'No Service' on my phone and the broadband LED stays red. This is affecting my work, please fix ASAP!",2026-06-23T22:40:03.491354+00:00,Technical,High,Technical
TCK-v1.0-01901,Aditya Gupta,+919079965075,"Sir, my broadband has been crawling at 0.5 Mbps for the past 3 days, video calls keep dropping and my work is suffering. I also noticed my last bill shows an extra Rs. 200 for services I never used. Please fix the speed ASAP, I cannot wait any longer!",2026-07-03T20:27:28.835791+00:00,Technical,Critical,Technical
TCK-v1.0-00125,Manoj Kapoor,+919888355231,"Namaste, I recently shifted to a new flat and need to update my registered address in your records. I tried changing it via the app but it still shows the old one. Kindly help me correct the info soon so I don’t miss any bills. Thanks!",2026-07-11T08:08:43.448698,Account,Medium,Account
TCK-v1.0-00917,Vikram Nair,+919628633302,"Sir/Madam, I'm stuck and cannot login to my account portal since this morning. Every time I try, it just shows an error and the page keeps loading forever. I even tried resetting the password and clearing cache but nothing works. This is stopping me from checking my bills and managing my services, so please fix it ASAP. Plz look into this urgently.",2026-07-17T18:40:17.248138,Account,Critical,Account
TCK-v1.0-01587,Priya Malhotra,+919962067240,"I bought a new number last week but my old SIM still shows up on the app, and the provider keeps sending bills to the old name. I tried to change the ownership via the portal but it says ‘request pending’. Can someone sort this out? I need the correct SIM linked to my account soon, thanks.",2026-08-16T18:28:11.633011+00:00,Account,Medium,Account
TCK-v1.0-00844,Suresh Chauhan,+918037460523,"Mere phone me SIM card daalne ke baad bhi network register nahi ho raha hai, bar‑bar 'No Service' aata hai. Kuch din se try kar raha hu, lekin koi solution nahi mila. Kripya isko dekh kar jaldi se fix kar dein, warna kaam kaam nahi chal pa raha hai.",2026-06-20T18:37:23.967823,Technical,Medium,Technical
TCK-v1.0-00399,Manoj Patel,+919658039282,"I tried logging into my MyJio account today but it keeps saying 'invalid credentials' even though I haven't changed my password. I even reset it via the OTP, but still stuck. Please help, not sure what's wrong.",2026-04-25T11:19:47.858200,Account,Medium,Account
TCK-v1.0-01047,Pooja Desai,+919644431351,"Sir/Madam, my latest bill shows extra Rs. 450 that I never used. I think maybe I was on a data plan, but I also had some dropped calls last week. Please check why I'm being overcharged and fix it soon.",2026-04-02T05:46:48.086188+00:00,Billing,Medium,Finance
TCK-v1.0-01241,Meera Reddy,+919834332003,"Hey, I tried logging into my account on the app and it keeps saying 'Invalid credentials' even though I'm sure the password is right. I even reset it but still same. Please help asap, it's getting annoying.",2026-04-18T16:55:29.797507+00:00,Account,Medium,Account
TCK-v1.0-00691,Manoj Patel,+919776174224,"I made the payment this morning and the amount got deducted from my bank, but still my account shows the bill unpaid. I checked the app multiple times, nothing updated. Please look into this urgently, it's been over 2 hours and I need my connection active.",2026-06-15T00:31:27.169778,Billing,High,Finance
TCK-v1.0-01356,Arjun Kapoor,+919731027868,"Hi, I was checking my latest bill and noticed I’ve been charged extra Rs. 500 for data that I never used. Not sure if it’s a mistake or my plan changed, but please look into it. I’d appreciate a quick clarification. Thanks.",2026-07-19T04:03:20.059620+00:00,Billing,Medium,Finance
TCK-v1.0-01369,Divya Verma,+919804696325,"I tried updating my address on the app yesterday, but it still shows my old one. I called support and they said it'll be fixed, yet nothing changed. This is affecting my bill deliveries. Please sort it out asap!",2026-03-23T13:04:01.564736+00:00,Account,High,Account
TCK-v1.0-00356,Isha Rao,+919621202169,"Hey, I just checked my MyJio profile and my address is still showing the old one even after I updated it last week. This is causing trouble when I try to change my plan and the app keeps saying my ID doesn't match. Also, I noticed my data usage for this month is showing 2GB extra that I never used. Please fix my profile ASAP, it's really affecting me.",2026-04-15T22:17:58.409040,Account,High,Account
TCK-v1.0-01779,Arjun Reddy,+919743987801,I cancelled my broadband plan two weeks ago and was promised the refund within 5 days. Still no money in my account. Please check and release the amount soon. This delay is causing inconvenience.,2026-02-28T16:40:08.741787+00:00,Refund,Medium,Refunds
TCK-v1.0-01784,Rahul Mehta,+919893466766,"Hello, I have been getting weak signal at home for the past week. Sometimes I get 2 bars, sometimes none. I tried resetting the router and moving the device but nothing helps. Could you check if there is any maintenance work? Not a big emergency, just annoyed when calls drop.",2026-05-31T03:40:15.359640+00:00,Technical,Low,Technical
TCK-v1.0-00856,Priya Verma,+917032184011,"Sir/Madam, my home broadband has been crawling for the past few days, sometimes just 0.5Mbps on a plan that should give me 20Mbps. I have tried resetting the router and checking cables but no change. It's not an emergency as I mostly use it for browsing, but it's getting annoying. Please look into it when you can. Thanks.",2026-04-10T07:37:56.126389,Technical,Low,Technical
TCK-v1.0-00888,Priya Kapoor,+918053474916,"Hello, I was checking the app and saw a bunch of new offers – some say 1GB data for Rs199, others claim 2GB for Rs299. I'm a bit confused which one I can actually get and if any loyalty discount applies for a long‑time subscriber like me. Can you please clear it up? Thanks!",2026-07-01T08:39:09.555775,General,Medium,General Support
TCK-v1.0-00129,Meera Joshi,+917067980793,"Hey, my 4G datta has been down since morning. I tried restarting the phone, toggling airplane mode, even re‑inserting the SIM but still get zero speed. I have an important video call at 3 PM today and can't afford this. Plz fix it ASAP, it's affecting my work badly!",2026-05-26T21:08:47.882632,Technical,Critical,Technical
TCK-v1.0-00365,Pooja Bhat,+918048851027,"Sir/Madam, I made a payment of Rs. 999 on 12th Aug via my debit card, the amount was deducted instantly but my account still shows the previous due amount and I'm unable to use data. Also, I noticed that my caller tune keeps resetting after each recharge. Please sort this out fast.",2026-07-12T18:18:16.572621,Billing,High,Finance
TCK-v1.0-01296,Sanjay Bhat,+919085160481,"Hey, my 4G data has been down since yesterday evening, I can't load any apps and it's hurting my work. Also, I noticed I got an extra Rs.50 charge on my latest bill, could you check that too? Please fix the data ASAP.",2026-04-24T00:59:21.347754+00:00,Technical,High,Technical
TCK-v1.0-01999,Arjun Kapoor,+919731027868,"I am really confused - my plan says Rs.199 per month but the latest invoice shows Rs.299. I didn't upgrade anything. Please check and correct the bill, I need the extra amount refunded. This is affecting my budget, so hope you sort it soon.",2026-07-20T03:32:57.710585+00:00,Billing,Medium,Refunds
TCK-v1.0-01016,Suresh Mehta,+919962045053,"Hey, I need clear info on the new data+call combo you advertised, especially the validity and any hidden charges. Also, I keep getting a random 'low balance' alert even though my balance is fine. Please get back soon. Thanks.",2026-02-24T20:44:49.068210+00:00,General,Medium,General Support
TCK-v1.0-00975,Manoj Sharma,+919701716445,"Hello, I asked for a refund last week after my prepaid balance was deducted twice, but till now I haven't seen any credit. I also notice my bill still shows the extra amount and I'm not sure if it's a billing error or a refund delay. Please check and update me soon.",2026-05-21T04:42:35.797849,Refund,Medium,Refunds
TCK-v1.0-01533,Ananya Gupta,+919773322141,"I need to know what recharge packs are available for my postpaid plan, but the app keeps freezing when I try to open the recharge section. Also, I tried to check my last bill and it shows an extra Rs.50 that I don't recognize. Please help.",2026-04-11T10:24:34.142116+00:00,General,Medium,General Support
TCK-v1.0-01861,Kavya Reddy,+919667010651,"I am trying to login to my mytelecom account but it keeps saying invalid credentials even though I reset the password. I tried on phone and laptop, same thing. Please help me sort this out asap.",2026-06-17T05:25:10.447250+00:00,Account,Medium,Technical
TCK-v1.0-TOPUP-00004,Divya Iyer,+918028044971,"Hey, I topped up Rs.500 on my phone this morning, money got deducted from my bank but my balance still shows zero. I need the amount credited ASAP, I can't make any calls. This is urgent!",2026-05-19T11:23:11.287983+00:00,Billing,Critical,Refunds
TCK-v1.0-00836,Rohan Nair,+919087271783,"Sir/Madam, I noticed my profile has wrong address and my name is misspelled. I tried updating it last week but it still shows the old details. Could you please correct it? It's not breaking anything now but I want it right for future use. Thanks.",2026-06-16T10:37:07.986946,Account,Medium,Account
TCK-v1.0-01266,Isha Patel,+919016719022,"Hello, I tried updating my address and email in the app but it still shows my old details. I called support, they said it's fixed, yet my new info doesn't appear on the bill. Can someone please sort this out? It's been a week and I need the changes for my records.",2026-03-27T02:57:13.386845+00:00,Account,Medium,Technical
TCK-v1.0-01825,Priya Mehta,+919821913619,"Hey team, I've been trying to find the best recharge plans for my data needs, but the app keeps showing weird promos and some options disappear after I select them. Can you tell me what actual recharge options are available for a 500‑rupee top‑up? Need a quick answer so I can keep using internet.",2026-06-16T11:34:31.957598+00:00,General,Medium,General Support
TCK-v1.0-01247,Arjun Mehta,+919660366909,"Hey, can u please tell me what are the current data and talk plans? I want to know if there's any new combo for families. Thanks!",2026-05-12T20:56:08.206138+00:00,General,Low,General Support
TCK-v1.0-00006,Sneha Iyer,+919775255341,"Hey, I have been facing extremely slow internet on my broadband for the past 3 days. The speed drops to 0.5Mbps even during peak hours and I cannot attend my online meetings – it’s killing my work. I tried resetting the router multiple times and even called your support, but they just said “it’s a temporary issue”. Meanwhile, my MyJio app keeps logging me out randomly which is another annoyance. Please fix the speed ASAP, this is critical!",2026-03-14T20:04:16.785614,Technical,Critical,Technical
TCK-v1.0-01881,Neha Mehta,+919765648236,"I asked for my prepaid plan refund two weeks ago but still see zero in my wallet. Meanwhile my data speed is also lagging after the recent network upgrade, though that's not the main issue. Please clear the pending refund soon; I've already sent the required docs. Waiting is getting frustrating.",2026-03-01T23:26:34.901179+00:00,Refund,Medium,Refunds
TCK-v1.0-00256,Aditya Nair,+919717133959,"Sir/Madam, I tried to upgrade my data pack from the app but it keeps showing an error and my internet is down. I've been waiting for hours and need it fixed ASAP because I have important work. Please help quickly, this is really hurting my day.",2026-03-09T03:13:56.253515,General,High,General Support
TCK-v1.0-00907,Ritu Desai,+919781001841,"Sir/Madam, I am trying to log into my account on your portal but it keeps saying my password is wrong. I haven't changed it at all and I need to check my recent bills. Please look into this and help me reset or fix the login issue soon. Thanks!",2026-04-09T03:39:57.761918,Account,Medium,Account
TCK-v1.0-01931,Priya Nair,+919756238692,"Hey, my 4G signal drops to zero in most parts of my house, especially in the bedroom and kitchen. I keep restarting the router but nothing changes. It's been two weeks now and I can't even make video calls. Please fix this asap!",2026-07-07T06:29:06.575254+00:00,Technical,High,Technical
TCK-v1.0-00482,Kavya Rao,+918022783769,"Sir/Madam, my netwrok has been completely down in my area (Sector 12, Gurugram) since yesterday evening. I cannot make calls or use data and it is seriously affecting my work. Please fix this ASAP, it's very urgent!",2026-06-27T23:23:05.586389,Technical,High,Technical
TCK-v1.0-00721,Aarav Chauhan,+919739989354,"Hey, I recently bought a new phone and want to transfer my old SIM number to it but the app keeps saying my SIM is still linked to the previous device. I called support and they couldn't sort it out, saying I need to visit the store. Please help me get the number transferred soon, I need it for work.",2026-06-05T19:32:37.577778,Account,Medium,Account
TCK-v1.0-00004,Sanjay Patel,+919759407816,"Sir/Madam, my broadband just drops every evening around 5‑6 pm and I have to restart the router each time. This has been happening for the past week, and today even the SMS alerts stopped coming, so I can't even see if the data is active. Also, I noticed the app shows my balance as zero even though I topped up yesterday. Please look into it.",2026-07-27T23:04:14.447618,Technical,Medium,Technical
TCK-v1.0-01728,Isha Joshi,+919627985524,"Hey, I tried logging into my account today but it keeps saying wrong password even though I'm sure it's correct. I haven't changed anything. Maybe it's a glitch? Could you check when you get a chance. No big rush, just want to view my usage.",2026-02-24T01:36:47.815094+00:00,Account,Low,Account
TCK-v1.0-01911,Neha Bhat,+917064990913,"Sir/Madam, my network signal has been terrible for the past week, especially in my home area (Gurgaon). Calls drop, internet is super slow, and I keep getting 'No Service' messages. I need this fixed asap because I work from home. Please send a technician or boost the tower soon.",2026-03-12T05:28:05.280083+00:00,Technical,High,Technical
TCK-v1.0-00546,Vikram Verma,+919810276212,"I tried to recharge my prepaid number yesterday but the amount got deducted from my bank and the balance still shows zero. The app says pending for hours, and I’m not sure if the recharge actually went through. Can someone check why the money is stuck? It’s getting annoying but not urgent, just need it sorted soon.",2026-03-06T03:25:47.007150,Billing,Medium,Finance
TCK-v1.0-01056,Karan Iyer,+919883242102,"Hey team, I tried to top up my prepaid number yesterday but the payment got stuck and my balance still shows zero. The amount of Rs.500 was deducted from my bank, but I got no credit. Can you please check and process a refund? It's been two days and I'm unable to use data. Thanks",2026-05-31T08:47:33.056267+00:00,Refund,Medium,Finance
TCK-v1.0-01856,Neha Gupta,+919839117182,"I just got my latest bill and it's way higher than usual—about ₹2000 extra for no reason. I think there's a mistake with the data usage charges. Please check and correct it soon. I'm not in a rush, but I'd like it sorted this month.",2026-07-17T14:24:55.393816+00:00,Billing,Medium,Finance
TCK-v1.0-01139,Ananya Sharma,+919997021355,"Hey team, I was browsing the app and saw a new data pack that looked great, but when I tried to activate it it says 'not eligible'. I'm not sure why, maybe my plan is old? Could you tell me if there are any offers for existing customers like me? Thanks",2026-05-11T09:53:42.273907+00:00,General,Low,General Support
TCK-v1.0-01776,Vikram Verma,+917040572025,"Hey, my internet keeps dropping every few hours for the past week. I've tried restarting the router many times but it still cuts out. It's affecting my work from home, but sometimes it works for a while, so I set it as Medium urgency. Please look into it.",2026-03-20T02:39:55.244627+00:00,Technical,Medium,Technical
TCK-v1.0-01201,Aarav Patel,+919938908386,"Hey, I was wondering if there are any new data pack offers coming up soon? I’ve been a loyal customer for years and just want to know before I renew my plan. Please let me know. Thanks!",2026-06-22T21:53:06.861360+00:00,General,Low,General Support
TCK-v1.0-00315,Karan Verma,+918041714677,"Hi, I was looking at my last invoice and it shows extra charge for a data pack I never subscribed to. My current plan is just the basic 500MB and I think there's a mistake. Please fix it when you can. Thanks!",2026-03-01T08:16:10.654567,Billing,Low,Finance
TCK-v1.0-01188,Kavya Joshi,+919003311907,"I paid my postpaid bill yesterday, amount deducted from my bank but the app still shows my balance due. Also, I keep getting dropped calls in my area, but not sure if related. Please fix the billing glitch soon.",2026-03-17T06:56:43.860741+00:00,Billing,High,Finance
TCK-v1.0-01487,Priya Nair,+919756238692,I just got my latest bill and it’s way higher than usual. I think there’s a mistake because I didn’t use extra data or any international calls. Please check and let me know why I was charged so much. Thanks.,2026-07-06T22:21:38.435248+00:00,Billing,Medium,Finance
TCK-v1.0-01950,Sneha Chauhan,+918071159212,My calls keep dropping repeatedly even on good network. I tried restarting but nothing works. This is really affecting my business and I need a fix quickly!,2026-06-09T16:30:17.105192+00:00,Technical,High,Technical
TCK-v1.0-00240,Pooja Verma,+918090965610,"Hey, I cancelled my broadband plan last week and was told I'd get the money back soon, but the latest bill still shows the full charge and I haven't seen any refund yet. Can someone please check if this is a billing mistake or a refund issue?",2026-07-23T08:13:09.383195,Refund,Medium,Refunds
TCK-v1.0-01471,Suresh Malhotra,+919771746488,"Hello, I subscribed to the 299/month data plan but my latest bill shows 459. I double‑checked my usage and it’s same as before. Please explain why I’m being overcharged, and adjust it asap. I’ve been a loyal user for 2 years, hoping this can be sorted quickly.",2026-04-14T13:20:38.459838+00:00,Billing,Medium,Finance
TCK-v1.0-00642,Aditya Chauhan,+919802842762,"I raised a request for a refund a few days back after I got an unexpected charge on my latest bill, but I still haven't seen any update. The portal shows it as 'pending' and my balance still reflects the full amount. I tried calling support but got a generic response and was told to wait. Can someone please check what’s going on? It’s getting a bit confusing since I also have a question about my data usage, but right now I just need that refund cleared.",2026-05-29T18:29:23.567206,Refund,Medium,Refunds
TCK-v1.0-01467,Neha Bhat,+917064990913,"Sir, my broadband keeps cutting off every few minutes for the past week, and I've called three times but nothing changes. I also tried to apply the 'SuperSave' promo but the app won't show it. Please fix the connection ASAP, it's affecting my work. This is getting unbearable.",2026-03-11T21:20:22.780899+00:00,Technical,High,Technical
TCK-v1.0-01319,Neha Sharma,+919969003432,"Hey, I cancelled my prepaid pack two weeks ago and was told I'd get the money back by next week, but still nothing. Also my last bill shows an extra charge I never used. Can you please check and process the refund? It's getting annoying.",2026-06-14T03:00:38.186390+00:00,Refund,Medium,Refunds
TCK-v1.0-00289,Vikram Rao,+919091212775,"Hello, I applied for a refund for the extra charges on my bill two weeks ago, but I haven't seen any credit yet. I understand processes take time, yet I was told it would be done within 5-7 days. Kindly check the status and let me know when I can expect the amount back. Thanks.",2026-05-05T13:15:08.556930,Refund,Medium,Refunds
TCK-v1.0-01955,Kavya Reddy,+919060494519,"Hey, I topped up my prepaid account this morning and I can see the amount was taken from my bank, but the balance still shows zero. I tried re‑logging and even checked my data usage, nothing changed. Can you please look into it? I need to use my data today.",2026-04-12T05:30:31.201995+00:00,Billing,Medium,Finance
TCK-v1.0-00919,Aarav Verma,+919721310962,"Bhai, my internet speed has been slwo for the last week, especially in the evenings when I need to join meetings. It keeps buffering and sometimes drops to 0. I tried restarting the router and even switched cables, but nothing changed. I called support and they said everything looks fine on their side, but I’m still stuck with this laggy connection. This is affecting my work and I can’t keep waiting, please check the line or send a tech ASAP.",2026-07-02T01:40:19.806247,Technical,High,Technical
TCK-v1.0-01046,Sanjay Desai,+919949578856,"Hey, I see that my account was charged yesterday but I still can't see the amount in my bill summary. Maybe the system just hasn't updated yet? Please check when you can. Thanks.",2026-03-30T17:46:39.437841+00:00,Billing,Low,Finance
TCK-v1.0-01194,Divya Nair,+919951751830,"I just got a new SIM today and it still shows 'No Service'. I tried restarting the phone and re‑inserting the SIM, but the network never registers. This is causing me to miss important calls. Please fix it ASAP, it's urgent!",2026-06-10T15:56:58.709252+00:00,Technical,Critical,Technical
TCK-v1.0-00943,Neha Verma,+919956778265,"My phone keeps dropping calls in my house, especially near the kitchen. The signal bars show 1‑2 but I hear static. Also I tried to check my data usage on the app but it says 'service unavailable' and I can't see if I've exceeded my limit. Can someone look into this? I'm not sure if it's just my device or the tower. It's getting annoying but not emergency.",2026-02-20T22:41:19.968196,Technical,Medium,Technical
TCK-v1.0-01674,Kavya Desai,+919030316179,"I am fed up, my 4G keeps dropping every few minutes for the past week, even after rebooting router. Calls drop, video calls impossible. This is affecting my work. Please fix ASAP!",2026-03-17T02:33:28.108192+00:00,Technical,Critical,Technical
TCK-v1.0-01765,Kavya Sharma,+918091779827,"Hey, my internet keeps dropping every few days, especially in evenings. It's not a total outage but it's getting annoying. Can you please check and fix it?",2026-08-17T11:39:10.157068+00:00,Technical,Low,Technical
TCK-v1.0-00319,Sanjay Malhotra,+919008989921,"I keep trying to log into my account on the portal but it just says 'invalid credentials' even though I'm sure I'm using the right password. I even tried resetting it, but the reset link never arrives on my email. This is getting frustrating, please help me sort it out asap.",2026-04-25T11:16:37.787927,Account,Medium,Account
TCK-v1.0-01813,Kavya Verma,+919604828148,"Hey, I have a query about my plan. I think I was promised unlimited data but my app shows I’m hitting a cap after 10GB. Could you check if it’s a network glitch or a plan limitation? Please get back soon.",2026-03-16T23:33:55.900625+00:00,General,Medium,General Support
TCK-v1.0-TOPUP-00059,Sneha Desai,+919690183865,"Hi, I saw the new data+call combo offer on your website but the details are a bit confusing. Is the extra 500 MB valid for the whole month or just first week? Also, will the price stay same if I upgrade my existing plan? Please let me know, thanks.",2026-06-16T06:33:41.662760+00:00,General,Medium,Finance
TCK-v1.0-01058,Rohan Joshi,+919865940139,"Hey, my SMS not sending any more. I try to send to my friends but they never get it, and I also don't receive any incoming texts. Restarted phone, checked network, still same. Please fix soon.",2026-03-21T03:47:38.957988+00:00,Technical,Medium,Technical
TCK-v1.0-01809,Priya Rao,+919764139537,"I got my latest bill and it shows Rs. 1499 instead of the usual Rs. 899. I think there is some extra charge for data that I never used. Also, my 4G keeps dropping after 10pm, which is annoying. Can you please check why the amount is higher? Thanks.",2026-05-09T09:33:36.423420+00:00,Billing,Low,Finance
TCK-v1.0-01290,Aditya Nair,+918007482175,"Hey, I just got a new SIM from you but my phone keeps showing 'No Service' and won't register on the network. I've tried restarting and re‑inserting the SIM, but nothing works. Can you please look into it? It's getting frustrating.",2026-03-21T02:58:46.186405+00:00,Technical,Medium,Technical
TCK-v1.0-01924,Ritu Verma,+919639821465,"I got charged twice for my March bill, both ₹799 amounts showing up. I need the extra amount refunded ASAP, this is causing trouble with my budget. Please fix the duplicate billing now!",2026-04-12T03:28:54.416602+00:00,Billing,High,Refunds
TCK-v1.0-00416,Kavya Joshi,+919794636887,"I have been facing constant call drops for the past week, every time I try to call my family the call cuts off after a few seconds. I already rebooted the router twice and even tried the reset button but nothing changed. Also I saw a small extra charge of ₹50 on my last bill that I don’t get. Please look into the network issue and also tell me why that extra amount appeared. Thanks.",2026-07-03T05:20:15.921153,Technical,Medium,Technical
TCK-v1.0-01173,Priya Malhotra,+919962067240,"I think my last bill has an extra Rs. 299 that I didn't opt for. Please check, thanks.",2026-08-15T18:55:42.323837+00:00,Billing,Low,Finance
TCK-v1.0-00351,Karan Rao,+919783564208,"My new SIM card just won’t register on the network – I keep seeing ‘SIM not provisioned’ and have zero signal since this morning. I need it for work calls, so it’s really hurting me. Also, I saw an extra Rs. 99 on my last bill that I don’t recognise. Please fix the network issue ASAP and tell me why that charge is there.",2026-04-12T10:17:48.108761,Technical,High,Technical
TCK-v1.0-01761,Meera Joshi,+918048837550,"I tried to log into my account today but it keeps saying 'invalid credentials' even though I'm sure I'm using the right password. Maybe it's a glitch? I can wait, but please check when you get a chance.",2026-06-22T13:39:01.076360+00:00,Account,Low,Account
TCK-v1.0-00848,Neha Malhotra,+919933305912,"I made a payment on my phone last week and saw the amount deducted, but now it's not showing up anywhere. The app still says my balance is due and I'm getting reminders. I think the money should have been credited back by now. Can someone check what's going on? I don't want to be cut off for something I already paid.",2026-05-13T03:37:47.010049,Refund,Medium,Refunds
TCK-v1.0-00751,Suresh Kapoor,+918099219212,I was charged twice for my last month’s bill. The amount shows up as ₹1200 and again ₹1200 on my online statement. I've tried calling but got no response. Please look into it and correct the duplicate charge.,2026-06-11T22:33:50.207219,Billing,Medium,Finance
TCK-v1.0-01647,Ananya Bhat,+918049912513,"Hey, I noticed I was charged twice for my March bill. It shows two identical amounts of Rs. 799. Please correct it when you can. Not a big emergency, just want it fixed. Thanks.",2026-06-02T00:31:46.212757+00:00,Billing,Low,Finance
TCK-v1.0-00828,Meera Patel,+919021416141,"Hello, I'm facing a weird issue with my SMS. For the past two days I can't send any messages and the ones I receive just show as 'failed' on my phone. I've tried restarting, checking network, even switching SIM slots, but nothing works. This is affecting my work since I need to get OTPs and coordinate with clients. Please fix ASAP.",2026-05-22T16:36:52.772165,Technical,High,Technical
TCK-v1.0-01055,Meera Chauhan,+919703447134,"Hey, my new SIM was activated yesterday but it still shows 'no service' on my phone. I tried restarting, reseating the SIM, even moved to a different spot in the house, but nothing. Maybe it's just a registration glitch? Please check when you can. No emergency, just need it to work for daily calls.",2026-03-10T09:47:31.660330+00:00,Technical,Low,Technical
TCK-v1.0-01080,Manoj Mehta,+919724745171,"Sir, I asked for a refund of Rs. 500 for the extra data charge last week, but I still haven't seen it in my account. Also, my internet drops a lot after 8pm, though I am on a premium plan. Please check the refund status and let me know if any info is missing.",2026-07-12T20:49:34.580010+00:00,Refund,Low,Refunds
TCK-v1.0-01253,Sneha Joshi,+919974529912,"I was charged twice for my March data pack, amount Rs.499 appears twice in my bill. Also, I tried to check my data balance on the app but it keeps freezing. Please correct the double charge and fix the app. Thanks.",2026-05-31T08:56:22.140591+00:00,Billing,Medium,Finance
TCK-v1.0-00617,Priya Bhat,+919049478730,I subscribed to the 299rs monthly plan but my latest bill came out as 450rs. Not sure what's happening – maybe some extra charges got added by mistake. Please check the invoice and refund the difference if possible. Thanks!,2026-08-17T12:28:21.248979,Billing,Medium,Refunds
TCK-v1.0-00579,Suresh Sharma,+919919620710,"I was checking my latest bill and i see I was charged for the premium data plan even though I'm on the basic 1GB pack. Please correct this and adjust the amount, it's a bit of a hassle.",2026-08-16T11:27:01.515997,Billing,Medium,Finance
TCK-v1.0-00019,Kavya Reddy,+919667010651,"Sir/Madam, I just got my latest bill and it shows Rs. 1499 for a 500 MB data plan, while I am on the 200 MB plan I subscribed to. I checked the portal and it still says 200 MB. Also, I tried calling the support line yesterday but the call dropped after 2 minutes, so I couldn't ask about the extra charge. Please fix the amount and let me know why the plan changed. Thanks.",2026-06-15T10:04:32.522122,Billing,Medium,Finance
TCK-v1.0-00053,Divya Kapoor,+919800330923,"I just saw my latest bill and it’s a bit higher than usual – about Rs.500 more. I can’t find any extra usage or services, maybe it’s a mistake? Could you please look into it when you get a chance. Not a big rush, just want to understand the charge.",2026-07-16T01:05:42.983467,Billing,Low,Finance
TCK-v1.0-01422,Priya Mehta,+919821913619,"Mere profile details are all messed up. My address shows a diffrnt city and my email is wrong, so I'm not getting OTPs. Please fix it asap, I'm losing time.",2026-06-16T09:18:07.584993+00:00,Account,Medium,Account
TCK-v1.0-00011,Sanjay Joshi,+919684801845,"Bhai, my 4G data has been completely down since yesterday evening. I restarted the phone, toggled airplane mode, even re‑inserted the SIM but still no internet. I have important work pending and can't afford this downtime. Please fix it ASAP!",2026-07-20T07:04:22.788709,Technical,High,Technical
TCK-v1.0-00406,Ananya Kapoor,+919060302992,"Hi team, could you please tell me if there’s any special plan that gives extra data on weekends? Also, I’ve been seeing duplicate SMS messages in my inbox lately – not a big deal but kinda confusing. Thanks!",2026-07-13T20:19:58.012114,General,Low,General Support
TCK-v1.0-00573,Neha Chauhan,+917070050506,"I tried to update my address in the app but it still shows the old one. Called support and they said it would be fixed in 24 hrs, but nothing changed yet. Please sort this out soon.",2026-07-18T10:26:49.891582,Account,Medium,Account
TCK-v1.0-00798,Sanjay Bhat,+919960041257,"I have been on the 199‑per‑month plan for the last three moths, but this month the bill shows 349. I might be missing something, but could you please check why the amount is higher? Not a big emergency, just want to understand the charge.",2026-04-15T02:35:44.356518,Billing,Low,Finance
TCK-v1.0-01535,Ananya Desai,+919606537947,"Hey, can you tell me what recharge plans are available? I want something cheap for data only. Also, my SMS alerts stopped yesterday, not sure if it’s related. Please let me know. Thanks!",2026-06-20T10:24:36.540026+00:00,General,Low,General Support
TCK-v1.0-00165,Neha Joshi,+917018299229,"Hey, my internet speed has been crawling for the past 2 days—streaming videos buffer forever and I can't even join my work meetings. This is hurting my job and I need it fixed ASAP!",2026-03-16T06:10:29.770647,Technical,Critical,Technical
TCK-v1.0-00855,Sneha Rao,+919031292087,"Hello, I recently got a new phone and tried to move my old number to the new sim. I filled the transfer request in the app, but it still shows the old sim as active. Can you please look into it and help me shift the number? Not a big rush, just want it sorted when you get a chance.",2026-05-29T13:37:54.894345,Account,Low,Account
TCK-v1.0-01939,Sanjay Bhat,+919085160481,"Hey, I asked for a refund on my prepaid pack last week and I still haven’t seen any credit. Not a huge hassle, just wondering when it’ll be processed. Please let me know. Thanks.",2026-04-25T00:29:47.997167+00:00,Refund,Low,Refunds
TCK-v1.0-00775,Rohan Verma,+917068578725,"Hey, I am really fed up – my calls keep dropping every few seconds, even when I am just chatting with my wife. I have tried restarting the router and even switched SIMs but nothing works. Also, I noticed a weird extra charge of Rs. 99 on my last bill which I don't understand. Please fix the call drop issue asap, it's affecting my work, and also clarify the extra charge.",2026-05-14T00:34:45.373210,Technical,Critical,Technical
TCK-v1.0-01615,Ritu Kapoor,+919880100623,"I just saw my latest bill and there’s an extra Rs. 500 that I can’t explain. I think it might be a mistake, but I’m not in a rush to fix it. Could you please check and let me know if a correction is needed? Thanks.",2026-08-01T05:29:51.964498+00:00,Billing,Low,Refunds
TCK-v1.0-00377,Ananya Kapoor,+919822816064,"I just checked my latest bill and it looks like I’ve been charged twice for the same amount – 500 rupees appears two times. I’m not sure if it’s a system glitch or if my plan got switched accidentally, but I definitely don’t want to pay extra. Can you please look into this and correct the duplicate charge?",2026-03-28T08:18:52.593252,Billing,Medium,Finance
TCK-v1.0-01791,Suresh Chauhan,+919752314913,"Hello, my calls keep dropping after a few seconds, especially on my home Wi‑Fi, but I also noticed the SMS app not showing incoming messages sometimes. Not a huge emergency, just annoying. Can you check why? Thanks",2026-05-29T12:40:59.174994+00:00,Technical,Low,Technical
TCK-v1.0-01764,Kavya Patel,+919793316373,"Hey, I keep checking your app for recharge plans but they keep showing old offers. I need to top‑up right now for an important call, but the options aren't updated. Can you fix the recharge list soon? It's getting annoying.",2026-05-25T00:39:09.001672+00:00,General,Medium,General Support
TCK-v1.0-01130,Suresh Iyer,+919918518888,I topped up my prepaid last night but the amount is still not reflected. The app shows a reversal but money hasn't come back to my bank. Please check and refund ASAP. This is causing inconvenience.,2026-03-30T03:52:47.757322+00:00,Refund,Medium,Refunds
TCK-v1.0-00283,Neha Rao,+919045187053,"I saw my recent bill and there is a charge for a 5GB add‑on that I never signed up for. My plan already gives enough data, so I’m confused about this extra amount. Also, I faced a call drop issue yesterday, but I think the main worry is the unexpected charge. Please check and let me know if it’s a mistake.",2026-06-03T22:14:58.812363,Billing,Medium,Finance
TCK-v1.0-00179,Kavya Joshi,+919709749930,"Hey, I was checking my plan details and I'm a bit confused about the data limits and any extra chargez that might show up. Could someone explain exactly what I'm getting and if there are hidden fees? Thanks!",2026-03-21T01:10:51.930992,General,Low,General Support
TCK-v1.0-01876,Arjun Rao,+919634216073,"Sir/Madam, I am unable to login to my account portal since this morning. Every time I enter my credentials it says 'Invalid user' even though I just changed my password. This is blocking me from checking my data plan and paying the bill. Please fix ASAP!",2026-06-28T21:26:19.510541+00:00,Account,Critical,Account
TCK-v1.0-00392,Suresh Bhat,+919887814141,"Sir, my broadband internet has been super slow for the past few days. Even simple sites take ages to load and video calls keep freezing. I rebooted the router multiple times but still getting 2-3Mbps speed. Kindly check and fix it soon.",2026-06-27T17:19:18.263430,Technical,Medium,Technical
TCK-v1.0-01553,Ananya Sharma,+919997021355,"Sir, my calls keep dropping after a few seconds even when I have full signal. I tried calling my sister and it cuts off every time. This has been happening for the past week and it's really frustrating. Please check the line and fix it soon.",2026-05-12T09:25:51.651667+00:00,Technical,Medium,Technical
TCK-v1.0-00948,Isha Kapoor,+919666558685,"I cancelled my postpaid plan two weeks ago and was promised the refund of Rs. 1200 within 5 working days. Yet I still haven’t seen any amount in my bank. I’ve called support multiple times and they keep giving me different excuses. This delay is really affecting my finances, please sort it out ASAP!",2026-07-19T11:41:31.811204,Refund,High,Refunds
TCK-v1.0-01336,Ananya Desai,+919606537947,"I just got my latest bill and it shows I was charged Rs. 1200 for data, but I only used the 500 GB plan. Also, the SMS pack I bought last month still shows as inactive on the app. Please fix the extra charge and update my pack status. Thanks.",2026-06-19T19:01:56.186274+00:00,Billing,Medium,Finance
TCK-v1.0-00524,Meera Patel,+919045046173,"I asked for my prepaid refund about a week ago and still haven’t got the money. The support team said they’d process it but nothing has shown up yet. I understand delays happen, but I’m getting a bit anxious and would appreciate if someone could check the status for me. Thanks!",2026-05-14T02:24:35.611035,Refund,Medium,Refunds
TCK-v1.0-01805,Sanjay Patel,+919759407816,"Hey team, I keep seeing different data pack offers on the app and on the website. Some say 1GB for ₹199, others 1.5GB for same price. Can you tell me which one is actually available? Not urgent, just want clarity.",2026-07-29T12:33:06.024550+00:00,General,Medium,General Support
TCK-v1.0-00169,Pooja Iyer,+919958815371,"I was checking my current plan and I'm a bit confused about the data rulover policy. Could someone please explain if the extra 1GB I got last month will be added to this month’s allowance? Also, where can I see the exact expiry dates for the add‑ons? Thanks.",2026-06-10T02:10:36.525103,General,Low,General Support
TCK-v1.0-00005,Neha Bhat,+918095931034,"Namaste, I was browsing the MyJio app and couldn't spot the latest offers or recharge packs. Could you please let me know what promos are currently active? Not a big rush, but a quick update would be appreciated.",2026-07-28T09:04:15.907893,General,Medium,General Support
TCK-v1.0-00354,Pooja Rao,+918056110022,"Maine apna address aur naam portal me update kiya tha last week, lekin abhi bhi purane details dikh rahe hain. Bar bar try kiya, lekin system change nahi kar raha. Bahut urgent nahi hai, lekin naya connection ke liye sahi info chahiye. Kripya isko theek kar dein, thx!",2026-05-25T05:17:54.268159,Account,Medium,Account
TCK-v1.0-01120,Manoj Sharma,+918059296222,"I got billed twice for this month’s prepaid recharge, both amounts show in my bill. I need this fixed ASAP, otherwise I’ll run out of balance. Please correct the duplicate charge immediately.",2026-02-21T08:52:02.159312+00:00,Billing,High,Finance
TCK-v1.0-00776,Isha Desai,+919674969033,"Namaste, I am unable to log into my account on the portal – it keeps throwing an 'Invalid credentials' error even though I'm sure the password is right. I tried the 'Forgot Password' link twice but never get the reset email. Can you please look into this and get me back in soon? Thanks!",2026-06-27T02:34:50.686171,Account,Medium,Account
TCK-v1.0-00794,Aditya Reddy,+918046926329,"Sir, my broadband has been crawling for the past few days – even simple YouTube videos buffer constantly and my video calls drop. I tried resetting the router twice but nothing changed. Please check if there's any line issue or if my plan is being throttled. It's really affecting my work from home. Thanks.",2026-04-29T02:35:39.319544,Technical,High,Technical
TCK-v1.0-01770,Suresh Kapoor,+918068460810,"My SMS service stopped working since this morning. I can't send any messages and incoming texts aren't coming through either. I've tried restarting the phone and checking network, but nothing helps. This is affecting my work urgently, please fix it now!",2026-05-13T23:39:40.219149+00:00,Technical,Critical,Technical
TCK-v1.0-01349,Manoj Iyer,+919087403450,"I got a new SIM but my old number still shows on the app and I'm unable to transfer the ownrship. I need this sorted today, otherwise I can't get important calls. Please fix the SIM transfer ASAP!",2026-03-04T02:02:57.388387+00:00,Account,High,Account
TCK-v1.0-01853,Sanjay Joshi,+919684801845,"I tried logging into my account portal for the last two hours, but it just shows an error and keeps refreshing. I need to pay my bill today and can't do anything. Please fix this ASAP, I'm stuck!",2026-07-22T02:24:49.442911+00:00,Account,Critical,Technical
TCK-v1.0-01568,Divya Verma,+919804696325,"I was billed twice for this month’s data pack, both Rs.199 charges appear on my bill. I checked the app and it's the same plan, not a family sharing. Please correct and refund the extra amount. Thanks.",2026-03-24T04:27:01.339238+00:00,Billing,Medium,Refunds
TCK-v1.0-TOPUP-00054,Karan Joshi,+919032700962,"Hi, I was trying to see what recharge plans are available for my number. The app shows some options but they look confusing, and I can't find if there is any special pack for data+talk. Could you please guide me? Thanks.",2026-05-06T05:33:35.332296+00:00,General,Low,Account
TCK-v1.0-00293,Sneha Sharma,+919832365199,"Sir/Madam, I am confused about the new data rollover policy you announced. The website info is a bit messy and I can't find clear details. Can you please tell me if I will be charged extra when I exceed my limit and how the rollover works? Thanks.",2026-06-12T14:15:14.972703,General,Medium,General Support
TCK-v1.0-01398,Aarav Patel,+919938908386,"Hey, my 4G network has been down in our area since morning. Calls keep dropping and internet is super slow. I restarted my phone and moved a bit, but still nothing. Plz fix it asap, I’m missing important work calls.",2026-06-22T22:12:57.186660+00:00,Technical,High,Technical
TCK-v1.0-01734,Arjun Kapoor,+919907446660,"I made a payment last night and saw a reversal message on my app, but the amount is still missing from my bank. I called support and was told it would be fixed in 24 hrs, yet nothing changed. Please check and get the money back, it's getting annoying.",2026-03-22T05:37:11.794299+00:00,Refund,Medium,Refunds
TCK-v1.0-01441,Rohan Chauhan,+919693676320,"Hey, I think I was charged twice for my last month's bill. The amount shows 1499 instead of 749. Could you please check and correct it? Thanks.",2026-07-22T14:18:58.310091+00:00,Billing,Low,Finance
TCK-v1.0-00868,Kavya Desai,+919627578446,"Hello, I tried to change my address in the app but it still shows the old one. Not a big rush, just want it correct for future bills. Can you help me update the details? Thanks",2026-04-05T18:38:22.690706,Account,Low,Account
TCK-v1.0-01675,Neha Kapoor,+918021020275,"Hey, I’ve been trying to log into my portal for the last 3 hours and it just shows an error every time. I need to update my plan before the due date, but I can’t even get in. Please fix this ASAP, it’s causing big trouble!",2026-04-07T11:33:29.587486+00:00,Account,Critical,Account
TCK-v1.0-00401,Divya Sharma,+918038567700,"I tried to update my registered address on the portal but it still shows the old one. Called support, they said it’ll be fixed but nothing changed yet. Can someone please look into it? It’s kinda urgent as I need the bills sent to my new house.",2026-03-04T06:19:50.528008,Account,Medium,Account
TCK-v1.0-01127,Aditya Joshi,+919810432898,"I got a new phone and tried to switch my old SIM to it, but the system still says the SIM belongs to my ex, and I can't make calls. Support said it's a paperwork issue but I'm stuck for days. Please sort this fast, I need my number for work.",2026-05-02T00:52:42.775038+00:00,Account,High,Technical
TCK-v1.0-00300,Divya Nair,+917003965223,"Sir/Ma'am, my calls keep dropping every few minutes, even on a clear signal. I was on an important work call yesterday and it cut off mid‑conversation. I tried restarting the phone and switching networks but nothing helps. Please fix this asap, it's really affecting my work!",2026-03-19T06:15:45.410045,Technical,High,Technical
TCK-v1.0-01407,Aditya Verma,+919723884969,I cancelled my postpaid plan two weeks ago and was told the pending amount would be refunded within 5 working days. Still nothing has hit my account. I keep calling but they just say it's being processed. Please check and get the money back soon.,2026-05-08T16:17:13.037613+00:00,Refund,Medium,Finance
TCK-v1.0-01648,Ananya Reddy,+918028669296,"Hey, my network has been down for the last 3 days in my locality (Sector 12, Jaipur). Calls drop instantly, no data, and I can't even send SMS. This is affecting my work, please fix ASAP!",2026-05-02T22:31:47.338311+00:00,Technical,High,Technical
TCK-v1.0-01392,Arjun Malhotra,+919904637454,"I asked for a refund for the extra data charge on 15th June and still haven't got it. It's been more than two weeks now. Please check and credit the amount soon, I’m waiting.",2026-03-21T13:05:46.668003+00:00,Refund,Medium,Refunds
TCK-v1.0-00852,Rohan Patel,+919683099974,"Hello, my internet has been crawling at 0.5Mbps for the past three days, which is unacceptable as I have to work from home and attend video meetings. I tried rebooting the router, resetting the Wi‑Fi, even moved the router to a different room but still same speed. Also, the bill this month shows an extra charge for an 'international roaming' that I never used. Please fix the speed ASAP and clarify the charge.",2026-02-20T17:37:51.327982,Technical,Critical,Technical
TCK-v1.0-00999,Isha Mehta,+919948963834,"Hey, I tried to recharge my prepaid line but the app only shows the old packs. Are there any new recharge options? I need data for my work tomorrow, please guide me soon.",2026-05-07T06:43:37.536673+00:00,General,Medium,General Support
TCK-v1.0-01855,Vikram Reddy,+919028809570,"I logged in to update my address but it still shows the old one. I tried calling support but they said they'd fix it; two days later nothing changed. Please sort it soon, it's affecting my bills.",2026-07-22T00:24:51.913607+00:00,Account,Medium,Account
TCK-v1.0-TOPUP-00040,Ananya Gupta,+919063425561,"I cancelled my broadband plan on 12th June and was promised the Rs.1500 refund within 5 working days, but still nothing has hit my account. Also, my router keeps rebooting randomly which makes browsing impossible. Please sort the refund asap, I’m stuck without my money and the connection is terrible.",2026-06-19T01:30:09.446741+00:00,Refund,High,Finance
TCK-v1.0-01454,Meera Rao,+919890586518,"Hi, I was checking the app and saw some new data packs mentioned but there’s no clear info on pricing or validity. Could you please tell me what the current offers are? I’m not in a rush, just want to plan my next recharge. Thanks!",2026-03-06T17:19:46.797505+00:00,General,Low,General Support
TCK-v1.0-01311,Sneha Desai,+918052809885,"Hey, my internet stopped working since yesterday evening in my area (Bandra). I've tried resetting router, but still no signal. It's affecting my work, need fix ASAP.",2026-02-28T08:59:48.939907+00:00,Technical,High,Technical
TCK-v1.0-00960,Sneha Patel,+919944211753,"Sir/Madam, I just checked my latest bill and there is an extra Rs. 499 charge that I never used. I think it's a mistake because my plan only includes 200 minutes and I didn't exceed it. Please look into this and correct it. Thanks.",2026-05-09T13:42:04.635440,Billing,Medium,Finance
TCK-v1.0-01537,Kavya Verma,+919039240758,"I recharged my prepaid number yesterday but the amount didn't show up. I called support and they said they'd check, but it's been a couple of days and I still haven't got the refund. Not super urgent, just hoping you can sort it out soon.",2026-07-23T05:24:39.260119+00:00,Refund,Low,Refunds
TCK-v1.0-00440,Ritu Verma,+919045587716,"Hey, my messages are just not going out and I cant receive any sms on my number. I tried restarting the phone, re‑inserting the SIM and even cleared the messaging app cache but still nothing. This is messing up my work because I need to verify OTPs. Also, I noticed my internet speed has become very slow these days, but I’m not sure if it’s related. Please fix this asap, I can’t afford to miss important alerts!",2026-03-13T07:21:14.171508,Technical,High,Technical
TCK-v1.0-01401,Suresh Nair,+919002654235,"I tried to recharge my prepaid number last night but the payment got declined and still shows as pending on my app. I need the amount back ASAP. Also, my data pack keeps dropping after every recharge, which is really annoying. Please sort the refund and fix the data issue.",2026-07-24T01:16:26.091510+00:00,Refund,Medium,Refunds
TCK-v1.0-01327,Pooja Mehta,+919847700541,"Hey, I got a new SIM last week but my phone still shows 'No Service' even after restarting and re‑inserting. I tried the network settings but nothing registers. Could be a activation glitch? I need data for work tomorrow, so please sort this ASAP.",2026-03-06T10:01:05.388403+00:00,Technical,High,Technical
TCK-v1.0-00971,Aditya Joshi,+919053816493,"I tried to recharj my mobile using my credit card but the amount got deducted twice, still my balance shows zero. I called support and they said they'd look into it. Could you please check? Not super urgent, just want it sorted.",2026-04-05T10:42:25.248037,Billing,Low,Finance
TCK-v1.0-00171,Arjun Gupta,+919027877470,I just checked my latest bill and it's way higher than what I normally pay. I don't see any major usage that justifies this extra amount—maybe some hidden charges or a mistake? Could you please look into it and let me know what's up?,2026-07-25T04:10:41.373282,Billing,Medium,Finance
TCK-v1.0-00625,Kavya Chauhan,+919812075452,"I checked my latest bill and it seems off. I'm on the 299 per month plan but the invoice shows 499 rupees. Not sure where the extra charge came from, could you please look into it? Thanks.",2026-04-25T21:28:45.405621,Billing,Medium,Finance
TCK-v1.0-TOPUP-00015,Priya Rao,+919092281992,"Hey, I was trying to understand why my data pack expires so quickly, but the portal also shows a random charge of Rs. 49 that I never used. Can you clarify the policy and maybe refund that amount? I'm a bit confused.",2026-07-25T06:24:13.443563+00:00,General,Medium,Refunds
TCK-v1.0-01150,Suresh Sharma,+919001094396,"Hey team, I’m travelling to Dubai next week and want to know what the roaming rates are for data and calls. Also, I’ve been expecting email alerts about my bill but haven’t gotten any for the past two months. Can you clear this up? Thanks.",2026-03-12T07:54:09.091372+00:00,General,Medium,General Support
TCK-v1.0-00621,Priya Nair,+919765044818,"I paid the Rs.500 auto‑renewal amount today but my account still shows zero balance. Money is dedcuted from my bank, yet I cannot use any data. Please check and credit it back ASAP.",2026-06-28T20:28:34.912746,Billing,High,Refunds
TCK-v1.0-00964,Manoj Rao,+919935130523,"I made a payment on my prepaid plan last week and saw a reversal on my bank statement, but the amount hasn't come back to my wallet yet. Could you please check? It's not urgent, just want to see it cleared.",2026-07-26T17:42:09.247868,Refund,Low,Refunds
TCK-v1.0-00735,Priya Chauhan,+919005626085,"I topped up my prepaid account yesterday and the amount was deducted from my bank, but when I check the balance it still shows the old amount. I also tried calling support and they said they will look into it, but nothing changed yet. Can someone please sort this out? It’s getting annoying.",2026-05-12T08:33:10.157586,Billing,Medium,Finance
TCK-v1.0-00321,Arjun Malhotra,+918011686854,"I cancelled my prepaid pack last week and was told I'd get the remaining balance back within 5 working days. It's already been 10 days and I still haven't seen any credit. I called support and they said they'd look into it, but nothing changed. I'm not sure if it's a billing issue or something else, but I need the money returned soon.",2026-04-06T02:16:41.982918,Refund,Medium,Refunds
TCK-v1.0-00702,Isha Mehta,+917097308069,"Sir/Madam, I need to update my registered address and email in your system. I tried doing it online but the portal keeps giving me an error, so I’m stuck. Please help me get this corrected soon; it’s affecting my bills and notifications. Thanks.",2026-05-28T23:31:51.371558,Account,Medium,Account
TCK-v1.0-01743,Sanjay Mehta,+917042104478,"I have been trying to login to my MyAccount portal for the past 3 days but it just keeps saying 'invalid credentials' even though I reset the password. Meanwhile my data pack expired yesterday and I still got charged extra Rs.200. Please fix the login issue ASAP, I need to check my bill. This is really frustrating!",2026-03-19T11:37:47.655621+00:00,Account,Critical,Account
TCK-v1.0-00273,Ritu Kapoor,+919971091043,"Mujhe apne registered details turant update karne hain – mera naam aur address galat aa raha hai. Phone pe baar‑baar call ki, lekin koi help nahi mila. Isse mere bills aur service mein problem ho rahi hai, isliye jaldi se fix kar dein, please!",2026-08-07T15:14:43.723501,Account,High,Account
TCK-v1.0-00622,Ananya Rao,+919892855445,I just checked my latest bill and it shows I was charged Rs.299 even though I'm on the Rs.199 plan. This mismatch is confusing and I need it fixed soon. Please look into it and correct the amount.,2026-07-23T23:28:38.049331,Billing,Medium,Finance
TCK-v1.0-01307,Sneha Chauhan,+918071159212,"I asked for a refund a week ago after my prepaid pack got cancelled, but I still haven't seen any credit. Please check and process it when you can. Not a big rush, just want to know when it'll happen. Thanks.",2026-06-08T16:59:40.199050+00:00,Refund,Low,Refunds
TCK-v1.0-01229,Rahul Malhotra,+919001640052,"Hello, I was trying to check the new data + calling plan you advertised on the app but it keeps showing 'unavailable' for my number. Can you tell me what's included and if I can switch without extra charges? I'm not in a rush, just need clear info before I decide.",2026-03-08T03:55:03.015406+00:00,General,Low,General Support
TCK-v1.0-00864,Rahul Sharma,+919863611284,"Hello, I just checked my latest bill and it shows I was charged Rs. 1499 for the unlimted 1GB plan, but I am actually on the 500MB prepaid plan. This is the third time this month the amount is wrong and my balance is now negative. I need this fixed immediately, otherwise I won't be able to pay my electricity bill. Also, when I tried to recharge via your app it kept crashing and wouldn't let me add money. Please sort out the billing mistake ASAP and fix the app so I can recharge. Thank you.",2026-03-20T01:38:11.811092,Billing,Critical,Finance
TCK-v1.0-TOPUP-00034,Divya Iyer,+918028044971,"I topped up my number 9876543210 with Rs.500 two hours ago, but the app still shows my balance as zero. I tried calling support, got put on hold forever, and now my data is cut off. This is unacceptable; I need the amount back immediately or my service restored. Please sort this out today, I can't wait any longer.",2026-05-19T11:29:13.389616+00:00,Refund,Critical,Finance
TCK-v1.0-00552,Manoj Malhotra,+919695654420,"Hey, my internet has been down for the past three days in my colony (Sector 12, Lucknow). I keep getting ""No Service"" on my phone and the broadband router constantly restarts. I called your support, but they said to check the cable which I already did. Also, I noticed my last bill has an extra Rs. 200 charge that I don’t understand. Please fix the network ASAP, I’m working from home and can’t afford more delays.",2026-02-20T21:25:57.790833,Technical,High,Technical
TCK-v1.0-01013,Sneha Desai,+917024493534,"Hey, I tried to recharge my prepaid last night but the amount got deducted twice from my bank and I still got a 'payment failed' message. Still waiting for the credit to come back. Can you look into it? Not urgent, just want it sorted soon.",2026-04-10T12:44:45.397820+00:00,Billing,Low,Finance
TCK-v1.0-00049,Aarav Reddy,+919766889373,"Hi, I need to change the address and email on my account. I tried updating it on the app but it keeps throwing an error. It's been two days now and I still can't get it sorted, so my bills might go to the wrong address. Please help me fix this soon. Thanks!",2026-06-09T03:05:38.228926,Account,Medium,Account
TCK-v1.0-01816,Isha Mehta,+919948963834,"Sir/Madam, I checked my latest bill and saw extra Rs. 450 for data that I never used. I think there's a mistake, because my usage last month was under 2GB. Please look into it and adjust the amount, otherwise I may have to switch provider. Thanks.",2026-05-08T08:33:59.477895+00:00,Billing,Medium,Finance
TCK-v1.0-01919,Sanjay Bhat,+919080715451,"Hey, I was trying to see what recharge plans are available for my postpaid number but the app keeps showing only the old ones. Could you tell me if there are any new packs or top‑up options? Not a big emergency, just want to know before next month.",2026-05-07T19:28:26.447579+00:00,General,Low,General Support
TCK-v1.0-00701,Sneha Kapoor,+919066799840,"Hello, I wanted to know what's included in the new 1.5GB data plan you launched last week. The website says 30 days but the app shows 28 days, could you clarify? Also, I got a random SMS about a discount that I never used, not sure if it's a mistake. Thanks",2026-04-15T04:31:50.049590,General,Low,General Support
TCK-v1.0-01544,Suresh Iyer,+919918518888,"Sir/Madam, my internet keeps dropping every few minutes for the past week. I reset the router multiple times but still no stable connection. It’s getting frustrating for my work from home. Please check the line or send a tech, thanks.",2026-03-31T03:24:47.588410+00:00,Technical,Medium,Technical
TCK-v1.0-00881,Manoj Desai,+918062110225,"I recharged my prepaid number with Rs. 500 on the app yesterday, but my balance still shows zero and I can't access any data. I called the helpline and was put on hold for over 30 minutes, then the call dropped. This is affecting my work and I really need that money back now. Please process the refund immediately, I’m waiting and it’s getting urgent.",2026-04-11T16:38:56.134425,Refund,Critical,Refunds
TCK-v1.0-00474,Meera Sharma,+917024043350,"I am really fed up, my SMS are not sending and I cant receive any texts for the past two days. Missed important work messages and my contacts keep asking why I am silent. Also noticed my data speed is super slow today, but the main problem is the SMS glitch. Please fix this asap, it's affecting my job!",2026-02-22T08:22:51.933844,Technical,High,Technical
TCK-v1.0-TOPUP-00029,Sneha Desai,+919690183865,"I tried logging into my account portal but it keeps showing 'service unavailable'. I also noticed my last bill has a typo in the address line. Can you check? Not urgent, just need it fixed when you can.",2026-06-16T06:25:19.923118+00:00,Account,Low,Technical
TCK-v1.0-01078,Divya Joshi,+919053394210,"Hey, I was checking my latest bill and noticed I was charged twice for the same data pack this month. I paid Rs. 399 on 5th and again on 12th for the same plan. Please correct it and adjust my account. Thanks",2026-05-30T13:49:28.745942+00:00,Billing,Medium,Finance
TCK-v1.0-01360,Suresh Reddy,+919682911467,"Hey team, I was looking at the new data packs on your website and I'm a bit confused. The benefits listed for the 1.5GB plan seem different from what I was told over the phone. Can someone clarify what's actually included and if there are any hidden charges? Thanks.",2026-04-05T23:03:30.182113+00:00,General,Medium,General Support
TCK-v1.0-TOPUP-00012,Vikram Bhat,+919768787822,"Hi, I was checking the app for any new data or call offers but couldn't find anything clear. Could u tell me if there are any ongoing promos for existing customers? No rush, just wanted to plan my next recharge.",2026-05-08T18:23:39.402408+00:00,General,Low,Account
TCK-v1.0-00413,Sanjay Reddy,+917091624731,"Hey team, could you please tell me what recharge options are available for my prepaid number? I want to know if there is any daily pack or combo offers. Thanks",2026-06-05T21:20:11.290361,General,Low,General Support
TCK-v1.0-00264,Vikram Malhotra,+918042415415,"Hey team, my calls keep droppin after a few seconds, especially in the evenings. I tried restarting my phone and even re‑inserting the SIM but the issue stays. Also noticed a random ₹50 charge on my last bill that I don't recall. Please look into the call drop problem first. Thanks!",2026-02-27T20:14:10.337486,Technical,Low,Technical
TCK-v1.0-01105,Arjun Patel,+919876226838,"Hello, my account got locked after I typed the wrong OTP a couple of times. I tried resetting but the portal just says 'account blocked'. It's been hours and I can't make any calls or check my data. Please unlock it asap, I'm missing important work calls. Thanks",2026-03-27T06:50:48.239583+00:00,Account,High,Account
TCK-v1.0-01672,Sanjay Mehta,+919786661889,"Hey team, my internet keeps dropping every few minutes for the past week. I tried restarting router multiple times but still no stable connection. It's affecting my work from home. Please look into it soon.",2026-07-10T19:33:25.332898+00:00,Technical,Medium,Technical
TCK-v1.0-01567,Pooja Iyer,+919958815371,"Hey, I noticed my latest bill is higher than my plan. I'm on the 299/month plan but the invoice shows 449. Please check and correct the amount.",2026-06-11T13:27:00.060422+00:00,Billing,Medium,Finance
TCK-v1.0-01003,Kavya Reddy,+919667010651,"Hello, I want to change the address and email linked to my account, but the portal keeps showing the old details. I tried updating it yesterday and it said 'processing', yet nothing changed. Could you please look into it when you get a chance? Not a huge rush, just want it correct soon.",2026-06-15T21:43:44.397433+00:00,Account,Low,Account
TCK-v1.0-00808,Arjun Bhat,+918071509976,"Hey, I have been trying to send SMS to my friends since early morning but none are going out and I cant receive any texts either. My phone shows the messages as sent but the recipients say they never got them. This is really affecting my work and I need it fixed asap!",2026-04-08T20:36:02.851994,Technical,High,Technical
TCK-v1.0-01832,Ananya Desai,+919686801128,"I recently requested to transfer my SIM to a new number but the portal still shows my old details. Support said it would be updated in 24hrs, yet I am still not getting OTPs and calls on the new line. Can you sort this out please?",2026-08-09T18:34:55.511307+00:00,Account,Medium,Account
TCK-v1.0-00472,Ritu Joshi,+919655855665,"I tried to recharge my prepaid number yesterday but the money was taken from my bank and my balance still shows zero. Not a huge emergency, just want it sorted when you get a chance. Please look into it and let me know what went wrong.",2026-03-15T09:22:31.683014,Billing,Low,Finance
TCK-v1.0-01095,Sneha Reddy,+919654527111,"I tried to recharge my prepaid number yesterday, but the amount was deducted twice and the balance still shows zero. I also noticed my data speed is super slow today, maybe unrelated. Can you sort the double charge and credit the extra amount? Thanks.",2026-07-25T14:50:09.669031+00:00,Billing,Low,Finance
TCK-v1.0-01701,Meera Gupta,+919025250029,"I asked for refund of the extra Rs.1500 I was overcharged last month, but it's still not showing in my account. Meanwhile my internet keeps dropping after 6 PM, which is super annoying. Please sort the refund ASAP, it's been 10 days!",2026-02-19T23:34:51.036071+00:00,Refund,High,Refunds
TCK-v1.0-01711,Kavya Desai,+917084443106,"Hey, I topped up Rs.500 on my app yesterday, but my balance still shows zero. I even got a SMS saying the amount was deducted, yet I can't use data. Also, the 4G speed in my area has been super slow lately, which is annoying. Please fix the balance issue ASAP.",2026-03-25T10:35:43.815528+00:00,Billing,Medium,Finance
TCK-v1.0-01862,Karan Mehta,+919626247317,"Hey, I was checking the latest offers on your website and couldn't find any clear info about the new data packs. Could you please share what's currently available? Thanks!",2026-04-01T08:25:11.728785+00:00,General,Low,General Support
TCK-v1.0-00740,Divya Malhotra,+919848913824,"I was shocked to see two separate bills for the same month on my account. The amount is exactly same and it's been deducted twice from my bank. Please fix this asap, I cannot afford to pay double. I have attached the screenshots. This is causing a lot of stress.",2026-03-25T03:33:27.967497,Billing,High,Finance
TCK-v1.0-01034,Isha Sharma,+919656272980,"Hello, I was checking the website and saw some offers but they are not showing up on my app. Can you tell me if there are any current recharge or data pack deals? Please let me know. Thanks.",2026-05-09T09:45:56.558331+00:00,General,Low,General Support
TCK-v1.0-00235,Vikram Nair,+919793752654,"Hey guys, I topped up my phone yesterday but the amount hasn't shown up in my balance yet. I think maybe the recharge got stuck, can you please look into it and refund the money if needed? Not a big rush, just want it cleared soon.",2026-02-20T20:12:59.808607,Refund,Low,Refunds
TCK-v1.0-01495,Sanjay Bhat,+919085160481,"Hey, I just checked my MyVodafon app and my adrees is still showing my old house number even after I updated it yesterday. Also I keep getting promotional SMS about data packs I never subscribed to. Please fix my profiel ASAP, it's affecting my bills. Thanks.",2026-04-24T16:21:56.334516+00:00,Account,High,Account
TCK-v1.0-01059,Rahul Joshi,+919827874296,"I recharged my phone yesterday but the amount didn't show up. The app says pending and it's been 48 hrs now. Pls process the refund soon, I need that money for my bills.",2026-03-08T12:47:40.949343+00:00,Refund,Medium,Refunds
TCK-v1.0-00353,Sneha Malhotra,+919737447012,"Hello, I live in Sector 12, Bhopal and the 4G signal has been flaky for a few days. I can barely load webpages, but I can still make calls, so it's not an emergency. Could you please check the tower status when you get a chance?",2026-08-07T07:17:53.051617,Technical,Low,Technical
TCK-v1.0-01699,Pooja Malhotra,+917005992937,"I tried logging into my myaccount portal many times, but after three wrong password attempts it's now locked. I need to access my bills and recharge, but I'm stuck. Please help unlock it soon.",2026-04-02T18:34:48.774077+00:00,Account,Medium,Account
TCK-v1.0-00709,Ritu Nair,+919989107711,"Sir/Madam, since yesterday my 4G data has been down completely in our colony (Sector 12, Bhopal). I tried restarting the phone, toggling airplane mode, even reinserted the SIM, but still no signal. This is affecting my work as I need to attend online meetings. Also, I noticed my last bill still shows an extra charge for an international call I never made. Please fix the network ASAP and clarify the charge.",2026-03-13T21:32:07.827941,Technical,High,Technical
TCK-v1.0-01991,Ananya Rao,+919917043030,"Hello, I just checked my latest bill and it shows I am on the 299/month plan but I'm being charged 399. I never upgraded, maybe a mistake? Please sort this out soon, it's affecting my budget. Thanks.",2026-05-31T02:32:46.853381+00:00,Billing,High,Finance
TCK-v1.0-00200,Rohan Sharma,+919651801704,"Sir, my internet keeps dropping every few hours for the past week. I tried restarting the router, resetting the box and even called support but still nothing. It’s affecting my work from home and my kids' online classes. I’m really fedd up, please fix this ASAP",2026-05-05T11:11:47.323264,Technical,High,Technical
TCK-v1.0-01952,Sneha Bhat,+918083673657,"Hey, I got a new phone and asked the shop to transfer my old SIM to my name, but now the network says it's still under the previous owner's ID. I called support, they said it's fine, but I'm still getting blocked calls and data. Please sort this out quickly, I can't use my own number. It's getting really annoying.",2026-05-08T22:30:21.682026+00:00,Account,High,Account
TCK-v1.0-01322,Kavya Nair,+919860529751,"I tried updating my address and email via the app but it keeps showing ""error"" and my old details are still there. I've called support twice and they said it'll be fixed, but nothing changed. Need this corrected soon, it's affecting my bills. Please sort it out ASAP.",2026-04-29T09:00:51.693575+00:00,Account,High,Account
TCK-v1.0-01408,Divya Verma,+917071012269,"Sir/Madam, I topped up Rs.500 today through my UPI app and the amount got deducted from my bank, but my prepaid balance still shows zero. I checked the transaction history and it's there, yet I can't make calls. Please look into this, it's been 2 hours already. Let me know when the balance will be updated.",2026-08-02T15:17:14.294683+00:00,Billing,Medium,Finance
TCK-v1.0-01368,Pooja Iyer,+919958815371,I was shocked to see I was billed for a 5G plan last month even though I’m still on the 4G prepaid plan. Please correct the charge and adjust my bill; it’s a hassle but not urgent.,2026-06-10T22:03:58.501731+00:00,Billing,Medium,Finance
TCK-v1.0-00221,Rahul Rao,+919615679334,"I have been trying to update my address on my account for the past week but it still shows my old one, even my name is wrong now. Every time I login I see the wrong details and I’m not getting my bill at the right place. On top of that my data balance shows 0 even though I topped up yesterday. Please fix my profile ASAP – this is really affecting my services.",2026-02-23T14:12:38.573139,Account,High,Account
TCK-v1.0-TOPUP-00062,Priya Verma,+919802669566,"I keep seeing different recharge packs on the app, but the ones shown are not the same as what I get after payment. Also, I want to know if there is any cashback or refund for the failed attempts. Please help.",2026-06-07T23:34:16.411455+00:00,General,Medium,Refunds
TCK-v1.0-TOPUP-00049,Neha Reddy,+919832130204,"Hey, I was checking the app and saw some promo for extra data packs, but the details are kinda vague. Can you tell me if these offers are still active for existing postpaid customers like me? Also, will they affect my current bill? Thanks.",2026-04-29T02:32:07.527795+00:00,General,Medium,Finance
TCK-v1.0-00159,Aditya Patel,+919055188442,"Sir/Madam, I noticed that my latest bill has an extra 150 rupees charged for a plan I never switched to. I am sure I am still on the basic 299/month plan. Also, the internet speed has been a tad slow these past few days, but that’s not why I’m writing. Could you please check the billing error and adjust it? Thanks!",2026-02-18T20:09:59.152530,Billing,Low,Finance
TCK-v1.0-00824,Rahul Desai,+919788694611,"I think my money should have come back by now, but I haven't seen any credit on my account after the double charge last week. I called support and they said it would be processed soon, yet nothing yet. Can you check what is happening? It's getting annoying.",2026-03-07T22:36:47.808169,Refund,Medium,Refunds
TCK-v1.0-00554,Meera Sharma,+919771281442,"Sir/Ma'am, I have been getting very weak signal at my home in Delhi for the past week. Calls keep dropping and data speed is like a snail, even after I restart the phone and try different spots. I am not sure if it is a network issue or my device, but it is seriously affecting my work. Please check and fix it soon.",2026-03-13T08:26:04.447864,Technical,High,Technical
TCK-v1.0-01670,Isha Kapoor,+917018055269,"I tried to topup my prepaid account yesterday but the transaction kept failing and the amount was still deducted from my bank. Still no credit on my balance. Please look into it and process the refund soon, it’s getting really annoying.",2026-05-03T16:33:19.815155+00:00,Refund,High,Refunds
TCK-v1.0-01987,Ritu Sharma,+918089324609,"I topped up my prepaid account yesterday with Rs.500 via netbanking, but the amount still shows pending and my data is cut off. I was told the reversal would happen in 24 hrs, yet nothing changed. This is affecting my work, please sort it out ASAP.",2026-05-21T04:32:22.056211+00:00,Refund,High,Refunds
TCK-v1.0-00501,Priya Joshi,+918065699988,"I cancelled my postpaid plan last week and was told I'd get the Rs. 500 prepaid amount back within 5 days. It's been almost ten days now and nothing has shown up in my bank. Can you please check? Not a huge rush, just want to know what's up.",2026-03-05T18:23:53.533207,Refund,Low,Refunds
TCK-v1.0-00079,Aditya Rao,+919834824771,"Sir/Madam, I noticed I got charged twice for the same data pack this month. The amount shows up as two separate entries of Rs.299 each on my statement. I’m not sure if it’s a system glitch or a mistake on my end, but it’s annoying to see my balance reduced unfairly. Can you please check and sort it out? Thanks.",2026-08-09T20:06:48.952897,Billing,Medium,Finance
TCK-v1.0-00663,Divya Nair,+919025754090,"Hello, I'm really frustrated with my broadband lately – the speed is crawling even though I'm on a 100Mbps plan. I get maybe 5-10Mbps all day, and rebooting the router hasn't helped. This is killing my work from home and my kids' online classes. Please look into this and fix it asap, it's becoming a big issue.",2026-03-01T15:30:24.712306,Technical,High,Technical
TCK-v1.0-00939,Meera Chauhan,+919971470827,"Hey, my internet has been down in my area since yesterday evening – no signal at all even after I rebooted the router multiple times. This is really hurting my work, so please sort it out ASAP. Also, I saw an extra Rs.200 charge on my latest bill that I don’t understand, maybe check that too.",2026-07-10T20:41:08.017164,Technical,Critical,Technical
TCK-v1.0-TOPUP-00069,Neha Rao,+918006421143,"Hey, I topped up Rs.500 on my number yesterday but the amount never got credited. I even got a failed SMS. This is messing up my data usage and I need the money back ASAP. Please process the refund immediately, I've been waiting 24 hrs already!",2026-07-24T04:35:41.244430+00:00,Refund,Critical,Finance
TCK-v1.0-00195,Neha Desai,+919845933272,"Sir/Madam, my internet has been really slow since yesterday—buffering while watching even short videos and sometimes it just cuts off. I tried restarting the router but no luck. Not sure if it's a plan issue or something on your side. Could you please check and let me know if there's any extra charge for a higher speed? Thanks.",2026-04-22T17:11:39.769921,Technical,Medium,Technical
TCK-v1.0-00860,Vikram Desai,+917061844626,"Sir/Madam, I got a new SIM today but it still shows 'No Service' and I cant get the network registartion working. I have tried restarting, re‑inserting the SIM and even went to the store, but nothing changes. Please fix this asap, I am missing important calls and work updates!",2026-04-23T14:38:03.496181,Technical,High,Technical
TCK-v1.0-00581,Kavya Gupta,+919990927914,"Hey, I was wondering what recharge options are available for my line. Can you tell me about the data packs, validity and any special offers? Also, is there a way to do it via USSD or the app? Thanks!",2026-05-20T03:27:05.899275,General,Low,General Support
TCK-v1.0-00405,Pooja Joshi,+918013651777,"I topped up Rs500 yesterday and saw the amount deducted from my bank, but when I check my balance on the app it still shows the old amount. I even tried restarting the app and it didn't help. Also, the SMS alert for my last data pack renewal never came, so I'm not sure if I got the extra 2GB I paid for. Can you please look into this? Thanks.",2026-06-24T22:19:56.526665,Billing,Low,Finance
TCK-v1.0-01039,Suresh Sharma,+919796631931,"Sir, I see my latest bill has been charged twice for the same data pack, amount Rs. 599 twice. I tried calling support but got disconnected and the app shows my data still 0GB. Please fix the double charge and let me know why my data isn’t updating. I need the refund soon, thanks.",2026-02-20T18:46:23.757553+00:00,Billing,Medium,Finance
TCK-v1.0-01278,Aditya Rao,+919834824771,"I asked for a refund for the extra charge on my last bill two weeks ago, but I still haven't seen any money back. Please look into it soon, it's getting annoying.",2026-08-10T15:57:52.108446+00:00,Refund,Medium,Refunds
TCK-v1.0-00914,Isha Desai,+919695236687,My mobile data has been down since this morning. I tried restarting my phone and toggling the data switch but it still says no network. Can you please check and fix it soon?,2026-04-01T23:40:07.969696,Technical,Medium,Technical
TCK-v1.0-01363,Arjun Malhotra,+918035841438,"Hey, I tried to recharge my prepaid number today but the amount got deducted twice from my bank and I still got a 'payment failed' message. I checked my balance, it's still low. Please sort this out quickly, I need the data ASAP. Not sure if it's my fault or system glitch.",2026-06-09T08:03:35.471566+00:00,Billing,Medium,Finance
TCK-v1.0-00317,Aditya Nair,+919949021158,"Hey, my mobile data has been actin weird for a few days. It sometimes works but most of the time it just shows ‘No internet’ even though I’m in a good coverage area. I tried restarting, toggling airplane mode, but nothing helps. Not a big emergency, just hoping you can look into it when you get time. Thanks.",2026-05-03T22:16:14.733977,Technical,Low,Technical
TCK-v1.0-00773,Pooja Reddy,+917063099384,"Sir/Madam, I have been trying to use mobile data and make calls since this morning in my area (Sector 12, Gurgaon) but there is absolutely no network. It was fine yesterday. I tried restarting my phone and toggling airplane mode but nothing changes. Please look into it, it’s getting quite inconvenient but not a life‑threatening emergency.",2026-07-10T06:34:41.250372,Technical,Medium,Technical
TCK-v1.0-00271,Karan Mehta,+917083640376,"Hello, my 4G data has been dropping completely for the last two days. I keep getting 'Network unavailable' even though I'm in the city centre. I tried restarting the phone, toggling airplane mode and even reinstalling the SIM, but nothing works. Also, I noticed a small extra charge of Rs. 50 on my last bill that I can't explain. Please fix the data issue soon, I need it for work, and let me know about the extra charge.",2026-07-20T09:14:41.215240,Technical,Medium,Technical
TCK-v1.0-00478,Rohan Rao,+919855661390,"Hi, I need to update my address and email on my account. The current info is old and I want to change it to the new details. Can you please tell me the steps or do it from your side? Thanks.",2026-03-07T20:22:57.908396,Account,Low,Account
TCK-v1.0-00314,Isha Verma,+919850614973,"I asked for a refund for the extra charge on my bill a week ago and still haven’t seen any credit. I called twice, got different answers each time, and now I’m getting pretty frustrated. Please look into this asap, I need the money back soon.",2026-07-24T16:16:09.577038,Refund,High,Refunds
TCK-v1.0-01445,Arjun Reddy,+917012236231,"I tried to log into my mytel account many times today and now it's locked. I think I entered the wrong OTP a couple of times, but I need to access my data plan urgently. Can you please unlock it? I'm not sure if it's a system glitch or my fault.",2026-05-04T14:19:15.905458+00:00,Account,Medium,Account
TCK-v1.0-01918,Rohan Chauhan,+919765512567,"I cancelled my postpaid plan two weeks ago and was promised the pending amount would be credited back within 5 days. Still nothing has shown up in my bank and the support team keeps giving me vague replies. Please check and process the refund soon, I’m getting a bit frustrated but hope it gets sorted.",2026-06-06T14:28:25.479103+00:00,Refund,Medium,Refunds
TCK-v1.0-00206,Divya Bhat,+918095995342,"I tried logging into my account portal today but it just keeps showing 'Error 500' and I can't see my bills or change my plan. I've been trying for the last 3 hours, even after clearing cache and restarting my phone. Please fix this ASAP, it's affecting my service.",2026-03-01T00:11:54.245339,Account,High,Account
TCK-v1.0-00838,Rahul Kapoor,+919612871539,"Sir/Madam, I asked for a refund on that extra charge I saw on my last bill and it's been over a week now with no credit. Meanwhile my internet keeps dropping, so I'm stuck. Please sort the refund soon, it's getting really frustrating.",2026-03-17T14:37:10.388212,Refund,High,Refunds
TCK-v1.0-00667,Meera Desai,+919085700272,I just looked at my latest bill and saw an extra Rs. 500 that I don't recognise. Could you please check if it's a mistake and let me know? Thanks.,2026-08-17T04:30:31.487349,Billing,Low,Finance
TCK-v1.0-00318,Divya Mehta,+919868687937,"Hey team, I noticed my account got charged 899 rupees today for the latest bill, but the app still says I'm pending payment. Can u please check? It's been like 3-4 hrs, not sure what's up. Please let me know soon so I don't get slapped with a late fee.",2026-06-02T14:16:18.335229,Billing,Medium,Finance
TCK-v1.0-00899,Rohan Desai,+917042694500,"Namaste, I need to update my registered info like address and email in my account. It's not a big emergency, just whenever you folks get time to correct it. Thanks!",2026-05-18T09:39:41.151811,Account,Low,Account
TCK-v1.0-00080,Meera Rao,+919924808613,"Hi team, I’ve been a subscriber for a while and lately I haven’t seen any fresh offers or recharge packs popping up on the app. I thought maybe there’s a new plan I’m missing? If there’s something I should be aware of, please let me know. Thanks!",2026-07-19T02:06:49.652762,General,Low,General Support
TCK-v1.0-00180,Ananya Mehta,+918096230913,"Sir, I have been trying to log into my account portal since morning and every time it throws an 'Invalid credentials' error even after I just reset my password. This is stopping me from checking my latest bill and making the payment, which is causing a lot of stress. Also, the promotional SMS about free data hasn't arrived on my number for the last few days. Please fix the portal ASAP, I need it working right now!",2026-08-13T02:10:53.050935,Account,Critical,Account
TCK-v1.0-01255,Meera Rao,+919890586518,"I tried to pay my prepaid rechrge yesterday but the transaction kept failing. The amount got deducted from my bank, yet my balance is still zero. I called support and they said they'd look into it. I understand stuff happens, but please process the refund soon, I need the money back. Thanks.",2026-03-06T01:56:25.060824+00:00,Refund,Medium,Refunds
TCK-v1.0-00068,Rohan Gupta,+919886999386,"I just looked at my latest bill and saw an extra Rs.789 charge I dont recognise. I havent used any extra data or international calls, maybe it's a mistake? Please check and let me know what happened. Thanks.",2026-04-24T02:06:34.795292,Billing,Medium,Finance
TCK-v1.0-01709,Rahul Patel,+919852621815,"I topped up my mobile yesterday but the amount didn't reflect in my balance. I contacted support and was told a refund would be processed, yet I still see no credit. Please sort this out soon. I need the money back for my daily expenses.",2026-03-19T08:35:41.255347+00:00,Refund,Medium,Refunds
TCK-v1.0-01372,Isha Nair,+917001624565,"Hello, I tried to change my address and email on the app but it keeps showing 'update failed'. Can you please fix it? Also, my internet drops for a few seconds randomly, not sure if related. Please help asap.",2026-08-07T00:04:18.992979+00:00,Account,Medium,Technical
TCK-v1.0-00659,Pooja Kapoor,+918016231981,"Hey guys, I am really frustrated – for the past two days there is no network at all in my loclaity (Sector 12, Gurgaon). I cant make calls or use data, the signal icon just stays at 0 bars. I have tried restarting the phone, switching SIMs, even resetting network settings but nothing works. Maybe it’s a outage, but it’s seriously affecting my work, please fix this soon. Thanks!",2026-04-05T19:30:15.509261,Technical,High,Technical
TCK-v1.0-01893,Suresh Kapoor,+919816272046,"Hello, I tried to change my address and email in the app but it keeps showing the old details. I called support and they said it will be updated in 48 hrs, but nothing changed yet. Could you please look into it? No big rush, just want it correct.",2026-05-28T05:27:15.071468+00:00,Account,Low,Account
TCK-v1.0-01165,Arjun Iyer,+919963689702,"I have been trying to transfer my SIM to my brother for a week now, but the portal keeps saying 'invalid request'. Meanwhile my data pack expired yesterday and I got a random extra charge of Rs. 50. Please sort the SIM transfer ASAP, I need it for my new job.",2026-04-07T21:55:10.318913+00:00,Account,High,Account
TCK-v1.0-00176,Meera Mehta,+919680002578,"I tried to log into my account on the app today but it keeps saying ""invalid credentials"" even though I'm sure I'm entering the right password. I even reset it twice, but still no luck. Also, my data usage stats haven't been updating since last week – maybe that's connected? Please help, bhai, I need to get this sorted soon.",2026-04-23T12:10:48.408420,Account,Medium,Account
TCK-v1.0-01304,Ananya Patel,+918002053950,"Hey, I topped up Rs.1500 today but my app still shows zero balance. I can see the amount deducted from my bank statement, yet I can't make calls. Please sort this out quickly, it's affecting my work. Let me know when the credit will reflect.",2026-07-05T03:59:36.363530+00:00,Billing,High,Finance
TCK-v1.0-01837,Manoj Iyer,+918085014294,"Hey team, I just checked my latest bill and it shows I'm on the 199 plan but I'm being charged for 399. I never upgraded anything and my account still says basic. This extra amount is huge and I need it fixed ASAP, otherwise I can't pay. Please look into it right away.",2026-08-10T02:35:01.908286+00:00,Billing,Critical,Finance
TCK-v1.0-01284,Arjun Desai,+919666270289,"I just checked my bill and I was charged for the premium data plan even though I'm on the 5GB plan. Please fix it ASAP. Also, my Wi‑Fi calling keeps dropping after the first call, not sure if that's related. I need this sorted, thank you.",2026-05-26T08:58:28.288193+00:00,Billing,Medium,Finance
TCK-v1.0-01289,Rohan Joshi,+919069379237,"Hi, I just got my latest bill and it shows extra ₹750 that I never used. I think there's a mistake because I didn't add any new services this month. Please check and correct it ASAP, otherwise I’ll have to downgrade my plan. Waiting for your quick response.",2026-03-08T03:58:45.189442+00:00,Billing,High,Finance
TCK-v1.0-00920,Vikram Desai,+917047657041,"Meri account ki profile mein mera adrs aur email dono galat aa rahe hain. Maine change karne ki koshish ki, lekin woh hi purane hi dikh rahe hain. Agar yeh galat info kisi charge ya service mein dikkat paida kare, toh thoda tension ho raha hai. Kripya isko theek kar den.",2026-07-09T15:40:21.015232,Account,Medium,Account
TCK-v1.0-00041,Arjun Chauhan,+919673872148,"I made a payment on my prepaid connection last night but the amount still shows as pending and my balance is still zero. I called the helpline and was told it would be reversed in 24 hrs, but it's already been 48 hrs and nothing changed. This is affecting my work calls. Please sort this out ASAP!",2026-02-28T20:05:28.845516,Refund,High,Refunds
TCK-v1.0-01975,Vikram Reddy,+919892546291,I cancelled my postpaid plan on 5th July and was told the refund would be processed within 5 working days. It's now 12th July and I still haven't got any money back. Please look into this and credit my account soon.,2026-05-31T18:31:46.084289+00:00,Refund,Medium,Finance
TCK-v1.0-01011,Sneha Patel,+917038425135,"I tried to top‑up my prepaid number yesterday but the payment got stuck and my balance still shows zero. I need the money back ASAP, it's urgent because I couldn't call my mom. Also, I noticed my data pack didn't get activated after I finally got the recharge. Please sort the refund and check the data issue.",2026-06-06T22:44:37.997943+00:00,Refund,High,Refunds
TCK-v1.0-01353,Priya Desai,+919059640165,"Hey, can you tell me what's included in the new 1.5GB night data pack? I tried to check the app but it shows a blank page, maybe a glitch. Also, last week I got a weird charge of ₹29 that I don't recall any service for. Please clarify.",2026-04-08T13:03:05.065311+00:00,General,Low,General Support
TCK-v1.0-01529,Aditya Chauhan,+917089255466,"Sir/Madam, I noticed my latest bill has extra Rs. 250 charged for data that I never used. Could you please verify and correct it? Thanks.",2026-05-24T06:24:19.099099+00:00,Billing,Low,Finance
TCK-v1.0-01060,Rohan Chauhan,+919765512567,"Hey, my data just stopped working since this morning. I tried toggling airplane mode, restarting the phone, even re‑inserting the SIM, but still nothing. It’s killing my work calls and apps. Can you please look into it fast? I need it back up ASAP.",2026-06-05T06:47:42.317663+00:00,Technical,High,Technical
TCK-v1.0-01048,Ananya Gupta,+919974989413,"Hey, I just got my new SIM and after inserting it, my phone keeps showing 'No Service' even though I'm in a good area. Tried restarting and re‑inserting, no luck. Please help register the network soon, it's affecting my work.",2026-06-03T20:46:51.126060+00:00,Technical,Medium,Technical
TCK-v1.0-00956,Ananya Iyer,+919912819648,"Sir, my mobile data stopped working from yesterday night. I have tried restarting the phone, toggling airplane mode and even re‑inserted the SIM but still get ""No Internet"" on every app. It’s affecting my work, please look into it soon. Thanks.",2026-07-08T06:41:58.210814,Technical,Medium,Technical
TCK-v1.0-00829,Suresh Gupta,+919671004090,"Sir, my internet keeps dropping every few minutes, one day it works fine and the next it’s just a slow, glitchy mess. I’ve tried restarting the router and even switched SIMs but still get no stable connection. Called the helpline, they said it might be a network issue but nothing’s changed for the past week. Can someone please check the line, it’s getting really frustrating.",2026-07-24T10:36:54.051670,Technical,Medium,Technical
TCK-v1.0-00404,Manoj Malhotra,+919972318432,"Sir, I tried to top‑up my prepaid balance yesterday but the transaction failed and the amount is still deducted from my bank. I need that money back, please process a refund. Also, my data pack from last week still hasn't been activated even though I topped up earlier this month – can you look into that too?",2026-07-01T11:19:55.291182,Refund,Medium,Refunds
TCK-v1.0-01155,Arjun Gupta,+919027877470,"I just noticed my address in the app is wrong – it shows 123 Main St instead of my flat in Delhi. Please correct it, not a big deal, just want the info right for future bills.",2026-07-25T15:54:41.140598+00:00,Account,Low,Account
TCK-v1.0-01748,Vikram Iyer,+919018914117,"I was checking my latest bill and saw I was charged for the premium data plan, but I never upgraded. maybe its a mistake? Please look into it and adjust the amount. I don't want this to keep happening.",2026-06-29T08:38:21.010659+00:00,Billing,Medium,Finance
TCK-v1.0-01803,Aarav Patel,+919938908386,"Hey, I asked for a payment reversal last week after I noticed a duplicate charge, but I still see the money pending. Not a big emergency, just wondering when it'll finally reflect. Could you check and let me know? Thanks.",2026-06-23T15:33:03.518268+00:00,Refund,Low,Refunds
TCK-v1.0-01614,Arjun Nair,+919077725228,"I logged into my account today and saw my adress and email are wrong. I had updted them last week but the portal still shows the old details. This is causing my bills to go to the wrong address. Please fix it soon, otherwise I might miss important info. Thanks",2026-04-15T22:29:50.324334+00:00,Account,Medium,Account
TCK-v1.0-00787,Arjun Joshi,+918099966361,"I tried to login to my account portal today but it just keeps throwing an error, so I cant check my plan details. Also noticed the data usage stats on the app are off by a few MB, but that's not urgent. Just hoping someone can look into the login issue when they get a chance.",2026-04-03T04:35:14.131419,Account,Low,Technical
TCK-v1.0-01132,Sneha Rao,+917052058527,"I noticed my latest bill has Rs.999 for a 500MB plan that I never signed up for. Please fix the charge and update my account, thanks.",2026-02-20T12:52:54.318659+00:00,Billing,Medium,Finance
TCK-v1.0-00785,Ritu Sharma,+919729240755,"Hi, I was checking the new data plans on your website but the page keeps loading forever. Also, could you tell me if the 1.5GB monthly plan includes any free OTT subscription? I tried calling earlier but got busy tone. Please help.",2026-06-21T03:35:06.367350,General,Low,General Support
TCK-v1.0-00715,Priya Iyer,+919002908466,"Hello, could you please tell me what recharge options are available for my postpaid connection? I also attempted to change my address in the app but got a server error message, so I couldn't finish it. Not urgent, just need the info and a quick fix.",2026-02-23T18:32:27.646871,General,Low,General Support
TCK-v1.0-01524,Karan Verma,+917021277997,I tried to log into my account multiple times today but it keeps saying 'incorrect password' even though I'm sure it's right. I even reset the password but still can't get in. This is affecting my bill payments. Please fix ASAP!,2026-02-25T09:23:45.985791+00:00,Account,High,Account
TCK-v1.0-00865,Sneha Mehta,+919794849102,"Hey, I have been trying to use data and calls since morning in my area (Sector 12, Noida) but the netwrok is just down. Some neighbours are facing the same issue. I even restarted my phone a couple of times and tried the SIM in another handset, but still no signal. It's getting quite frustrating as I need to work from home. Please look into it soon.",2026-05-28T04:38:13.246288,Technical,Medium,Technical
TCK-v1.0-01662,Vikram Malhotra,+918042415415,"Hey, I tried logging into my online portal several times and now it says my account is locked. I think I might have entered the wrong OTP a couple of times. Can you please unlock it? I need to check my plan details.",2026-03-01T07:32:49.308509+00:00,Account,Medium,Technical
TCK-v1.0-01187,Ritu Iyer,+917063375243,"I asked for a refund two weeks back, but still haven't seen the money. Could you please check? Not urgent, just want to know when it'll clear. Thanks.",2026-07-21T02:56:42.958648+00:00,Refund,Low,Refunds
TCK-v1.0-00599,Divya Reddy,+919748640155,"Hey, my 4G just drops completely in my neighbourhood of Sector 12. I tried restarting the phone but still no signal. Also, I noticed my last bill shows an extra Rs.200 that I don't remember using. Can you check? Thanks.",2026-04-24T01:27:42.212659,Technical,Low,Technical
TCK-v1.0-00600,Manoj Mehta,+919017884795,"Sir, I just checked my latest bill and I'm shocked to see an extra Rs. 2500 charged for something I never used. This is totally unacceptable and I need it fixed immediately, otherwise I will have to switch providers. Please sort this out today!",2026-02-25T18:27:53.728531,Billing,Critical,Finance
TCK-v1.0-01661,Priya Patel,+918070127706,"I tried updating my address and email on the app but it keeps showing an error, and now my monthly bill is still showing the old address. Please fix my account details ASAP, I can't get the new SIM to work because the system still has my old number info. This is getting annoying.",2026-06-28T05:32:48.137763+00:00,Account,High,Account
TCK-v1.0-00711,Aditya Rao,+917071255213,"I just got my latest bill and it's way higher than usual – I see charges for 5GB data usage when I only used about 1GB. Also, my Wi‑Fi calling has been dropping a lot lately and the app kept freezing so I couldn't even check my usage properly. Please sort out the bill asap, I can't afford this extra amount!",2026-04-27T03:32:20.766338,Billing,High,Finance
TCK-v1.0-01603,Priya Gupta,+918006738302,"I topped up my prepaid account yesterday, Rs. 500, and the app still shows the amount as pending. It’s been 48 hours and I need the balance for my travel. Also, my 4G speed has been really slow since last week, but that’s probably a separate thing. Please process the refund quickly.",2026-04-12T18:29:08.373431+00:00,Refund,Medium,Refunds
TCK-v1.0-00627,Karan Verma,+919861107603,"Hey, I'm stuck agian – the internet has been down in my neighbourhood (Sector 12, Pune) for the past 3 days. Even after resetting the router, no signal. This is affecting my work from home. Please fix ASAP!",2026-07-21T15:28:57.463385,Technical,High,Technical
TCK-v1.0-01270,Meera Chauhan,+919703447134,"Hello, I tried to top‑up my prepaid number yesterday but the payment got stuck and my balance is still zero. Money was deducted from my bank, but I got no credit. Please process the refund ASAP, this is affecting my work calls. I need it fixed today.",2026-03-10T17:57:20.017579+00:00,Refund,High,Refunds
TCK-v1.0-00136,Manoj Sharma,+918059296222,"I cancelled my prepaid pack last week and was told I'd get the refund within 3 days. It's now 10 days and still nothing in my bank. Also my data pack keeps getting blocked even after I recharged, which is annoying. Please sort the refund and let me know what's up.",2026-02-20T21:09:23.621174,Refund,Medium,Refunds
TCK-v1.0-00226,Pooja Sharma,+919863159996,"Sir/Madam, I did a rechrge of Rs500 on 12th Aug using my card, but the amount got deducted twice and my account still shows 0 balance. I raised a ticket yesterday and got a generic reply to wait, but I need the service today for work. Please look into this billing glitch urgently.",2026-05-26T16:12:49.144753,Billing,High,Finance
TCK-v1.0-01948,Priya Verma,+918068117758,"Hey, I tried to top‑up my prepaid account yesterday but the payment got stuck and my balance didn't change. The amount was deducted from my bank, but I haven't got the credit yet. Could you please check and refund it when convenient? Not a big rush, just want it sorted. Thanks!",2026-03-21T08:30:12.489282+00:00,Refund,Low,Refunds
TCK-v1.0-01235,Manoj Iyer,+918085014294,"Hey, I just got my latest bill and it's way higher than usual. I think maybe some extra charges slipped in, but I'm not sure if it's from extra data usage or some hidden fee. Can someone check why my amount jumped this month? Thanks.",2026-08-09T08:55:20.813563+00:00,Billing,Medium,Finance
TCK-v1.0-01050,Isha Patel,+919009477752,"I logged in to my MyVodafone app today and saw my address still showing the old flat I moved from last year. I tried updating it but it keeps reverting back. It’s not urgent, but I need my bills and new promos sent to the right place. Please fix this soon.",2026-08-04T19:46:53.406275+00:00,Account,Medium,Account
TCK-v1.0-00734,Ananya Sharma,+919733971895,"Hello team, I was wondering if there are any new offers or combo packs available for my postpaid plan. Could you share the details? Thanks!",2026-05-06T22:33:09.407654,General,Low,General Support
TCK-v1.0-01074,Rohan Joshi,+919069379237,"Hey, I have been trying to use mobile data and make calls for the past 3 hours, but the network is completely down in my area (Bangalore West). It's affecting my work and I can't get any connection. Please fix it ASAP!",2026-03-07T19:49:15.599029+00:00,Technical,High,Technical
TCK-v1.0-01968,Karan Verma,+917021277997,"Hey team, can you tell me what recharge packs are available for 5G data? I tried checking the app but it's stuck on loading, and I also didn't get the SMS confirmation for my last top‑up. Need a quick list so I can choose before my data runs out.",2026-02-25T17:31:17.460139+00:00,General,Medium,General Support
TCK-v1.0-01582,Isha Reddy,+919658441986,"I recently bought a new number but the old SIM is still linked to my account. When I tried to transfer the ownership to my son, the system kept showing an error. Can you please sort this out? I don’t want to lose the balance on the old SIM.",2026-05-09T16:28:05.342908+00:00,Account,Medium,Account
TCK-v1.0-01695,Priya Patel,+919762638380,"I tried to recharge my prepaid number last night but the amount got deducted from my bank, yet the balance shows unchanged. I checked the app and it still says ‘payment failed’, but I'm not sure. Can you please look into it? I need the credit soon.",2026-05-13T05:34:43.495607+00:00,Billing,Medium,Finance
TCK-v1.0-00761,Aarav Chauhan,+917059311091,"I cancelled my prepaid pak last week and was promised the refund within 3 working days. It's now 10 days and still nothing in my account. This delay is causing me a lot of inconvenience, please process the refund immediately.",2026-03-19T10:34:12.287511,Refund,High,Refunds
TCK-v1.0-01115,Aditya Chauhan,+917089255466,"Hey, my new SIM card still shows 'no service' even after I tried rebooting the phone. I think it's not registered on your network yet. Also, the welcome SMS with my data plan details never arrived, so I'm not sure what I have. Please check the registration and send the plan info. Thanks",2026-05-23T06:51:10.474902+00:00,Technical,Low,Technical
TCK-v1.0-01715,Aditya Nair,+919949021158,"I topped up my mobile just now and the amount was instantly debited from my bank, but the balance on my account still shows zero. I'm not sure if it's a system glitch or something on my end. Please check and credit it back ASAP, it's quite urgent.",2026-05-05T09:35:54.683214+00:00,Billing,High,Refunds
TCK-v1.0-01385,Ritu Desai,+919721993308,"Hey, my new SIM card still shows 'No Service' even after 3 days. I tried restarting and re-inserting but network never registers. I'm stuck without calls or data, need this fixed ASAP!",2026-06-21T16:04:47.835001+00:00,Technical,High,Technical
TCK-v1.0-00816,Sanjay Iyer,+919977689627,"Sir/Madam, I have been facing very poor signal strength at my house in Jodhpur. The bars on my phone rarely go beyond 1 and calls drop frequently. I even tried restarting the device and moving around, but still I get ""No Service"" in my bedroom. I understand there could be network issues, but this is affecting my work from home. Please look into it. Thanks.",2026-08-12T04:36:20.129155,Technical,Medium,Technical
TCK-v1.0-00536,Ananya Nair,+919059928161,"I recharged my number 2 days ago for Rs.500 but the amount is still deducted and my data is not activated. This is causing me huge trouble as I need the internet for work. Please process the refund immediately! I have been waiting for days and it's unacceptable. I need this resolved ASAP, yaar.",2026-05-25T23:25:11.131371,Refund,Critical,Refunds
TCK-v1.0-01324,Manoj Kapoor,+919888355231,"Yaar, my phone shows 'no service' most of the day even though I'm just at home. Sometimes I get a few bars but calls drop instantly and internet is super slow. I've tried restarting, but nothing helps. It's frustrating as I need it for work. Please check the tower or fix the signal ASAP.",2026-07-12T04:00:54.822453+00:00,Technical,High,Technical
TCK-v1.0-01863,Priya Kapoor,+917001326773,"Hey, I was trying to see the rechrge plans on the app but it keeps loading forever. Can you tell me what options I have? Also, my caller ID still shows the old number even after I updated my profile. Not a big deal, just need some guidance.",2026-05-09T10:25:13.041840+00:00,General,Low,General Support
TCK-v1.0-00505,Ritu Verma,+919665702793,"I did a recharge of Rs.199 on my prepaid plan this morning but the money came out of my account and the app still shows my balence as zero. It says the transaction failed, yet I see the charge. Can you please look into this and fix it? Thanks.",2026-04-23T14:24:01.539927,Billing,Medium,Finance
TCK-v1.0-00528,Rohan Reddy,+919601840943,"Hello, I was wondering if there are any new data pack offers or recharge bonuses coming up next month? I haven't seen anything on the app yet and would love to know before I top up. Thanks!",2026-05-27T10:25:01.211698,General,Low,General Support
TCK-v1.0-00036,Manoj Iyer,+918085014294,"Hello, my interent has been crawling for the past two days. I pay for 100Mbps but I'm getting maybe 2-3Mbps, and it's affecting my work and kids' online classes. I have tried rebooting the router multiple times and even called support yesterday, but nothing changed. I need a stable connection ASAP, otherwise I will have to switch provider. Please fix this immediately.",2026-08-08T13:05:22.932409,Technical,Critical,Technical
TCK-v1.0-TOPUP-00023,Pooja Verma,+919942862283,"Hey team, I noticed I was charged for an extra data pak I never activated on my postpaid plan. Not sure if it's a system glitch or my mistake, but could you please look into it and process a refund if applicable? Thanks.",2026-06-23T19:25:01.404281+00:00,General,Medium,Refunds
TCK-v1.0-00704,Neha Desai,+919975738395,"Sir/Ma'am, I just opened my latest bill and saw I got charged twice for the same data pack. This duplicate billing is really annoying. Kindly check and adjust the amount, please. Thanks!",2026-03-15T18:31:53.772681,Billing,Medium,Finance
TCK-v1.0-01470,Karan Iyer,+919883242102,"I got my latest bill and it's way higher than usual—₹3,500 instead of ~₹1,200. I think they added some roaming charges I never had. Also, my caller ID stopped showing my name last week. Please clarify the extra fees and fix the caller ID. Thanks.",2026-06-01T08:20:37.193402+00:00,Billing,Medium,Finance
TCK-v1.0-01213,Neha Gupta,+919839117182,"Hey, I'm facing really weak signal in my area near Gopalpur. Calls keep dropping after a few seconds and I can't even load webpages. I know network issues happen, but it's been like this for weeks. Could you please look into it? Thanks.",2026-07-16T14:53:29.864276+00:00,Technical,Low,Technical
TCK-v1.0-00454,Vikram Sharma,+919635647570,"I tried to topup my prepaid using my debit card yesterday, but the amount got deducted from my bank and I never got the credit. I called support and they said they'd check, but it's been 48 hours and still no update. This is causing me not to be able to make calls for work, so please process the refund ASAP.",2026-05-25T14:21:58.163525,Refund,High,Refunds
TCK-v1.0-00088,Neha Gupta,+918016117240,"Hello, I recently bought a new phone and wanted to shift my existing number to the new SIM. I followed the steps on the app but it still shows my old SIM as active. When I called your help line they said it might be a billing issue, but I think it’s more about my account ownership. Please help sort this out soon, I can’t use my data.",2026-08-06T06:07:28.845242,Account,Medium,Account
TCK-v1.0-TOPUP-00038,Manoj Desai,+917032999167,"I topped up my account yesterday and the amount was instantly deducted, but still my balance shows zero. I called support and they promised a reversal within 24 hrs, yet nothing changed. This is affecting my work calls. Please sort this out now, I need the money back ASAP!",2026-03-06T07:30:00.689693+00:00,Refund,Critical,Finance
TCK-v1.0-01833,Suresh Mehta,+919962045053,"Sir/Madam, my June bill shows an extra Rs.500 for data usage that I never had. Please look into this and adjust the amount, it’s causing inconvenience.",2026-02-25T22:34:56.653224+00:00,Billing,Medium,Finance
TCK-v1.0-01300,Sneha Bhat,+919696405377,"Hello, I noticed some extra amount on my latest bill, not sure what it is for. Maybe it's a data pack I didn't use? Could you please check and let me know? Thanks.",2026-06-19T00:59:30.666129+00:00,Billing,Low,Finance
TCK-v1.0-01957,Ritu Rao,+919099809402,"Hello, I am facing constant network drop in my area (Sector 12, Lucknow). Calls keep dropping and even simple WhatsApp messages take forever to send. I have tried restarting and SIM swap, nothing works. This is affecting my work as I need to join online meetings. Please look into this ASAP, it's getting really frustrating.",2026-06-10T13:30:37.606872+00:00,Technical,High,Technical
TCK-v1.0-01565,Aarav Chauhan,+918084473647,"Sir/Madam, my 4G suddenly dropped in my entire colony since morning, I can't make calls or use internet, it's affecting my work. Also, I noticed my last bill has an extra Rs.200 charge I don't understand. Please fix the network ASAP, it's urgent!",2026-07-31T05:26:43.921777+00:00,Technical,Critical,Technical
TCK-v1.0-01020,Manoj Iyer,+918085014294,"Hey team, I saw Rs.5000 got deducted from my bank today for my mobile bill, but the app still shows my last payment as pending and my balance unchanged. I tried calling but got busy tone. Please sort this out asap, it's causing me stress. Let me know when the amount will reflect.",2026-08-09T00:45:24.240311+00:00,Billing,High,Finance
TCK-v1.0-00500,Karan Rao,+919912797573,"Mujhe baar‑baar call drop hoti hai – koi bhi important conversation beech mein cut ho jati hai. Pichle 2‑3 din se network bilkul down lag raha hai, aur kaam ke liye phone pe depend karna mushkil ho gaya hai. Yeh sirf inconvenience nahi, business pe bhi asar pad raha hai. Kripya isko turant theek karein, warna aur bura ho sakta hai.",2026-04-30T04:23:52.396578,Technical,Critical,Technical
TCK-v1.0-01546,Sneha Rao,+917052058527,"I just got my latest bill and i see charges for a 5GB data pack i never subscribed to. My plan is only 2GB, so why am i being overcharged? Please fix this ASAP, it's too much for me.",2026-02-21T12:24:51.437424+00:00,Billing,High,Finance
TCK-v1.0-00040,Ananya Joshi,+917046804436,"Hello, I have been trying to use data on my phone for the past few days and it just keeps dropping. I live near Sector 12, and sometimes I get a signal but most of the time it's like nothing. I checked my bill and everything seems fine, so I think maybe there's some issue with the tower in my area. Could you please look into it? Thanks.",2026-03-21T21:05:27.722584,Technical,Low,Technical
TCK-v1.0-01480,Ritu Verma,+919639821465,"Sir, I got charged twice for my March bill, ₹1,299 each, and the app still shows the old amount as due. I called support but they said they need my last payment receipt which I already sent. Also, my internet speed is fluctuating a lot lately. Please fix the duplicate charge now or I will have to switch provider.",2026-04-11T19:21:14.368018+00:00,Billing,Critical,Finance
TCK-v1.0-01066,Ritu Verma,+919639821465,"Hey, I tried to top‑up my prepaid number yesterday but the payment got stuck and I got a ‘transaction failed’ message. Money was deducted from my bank, but my balance didn't increase. Please look into it and process a refund. It's been 3 days now, so a quick help would be appreciated.",2026-04-10T19:48:32.918557+00:00,Refund,Medium,Refunds
TCK-v1.0-00797,Kavya Chauhan,+919943807017,"Hey, my mobile data has been actin' up since yesterday. Sometimes it works for a few minutes then drops, other times it doesnt connect at all. I havent changed any settings. Not a huge emergency, but it'd be nice if someone could look into it. Thanks.",2026-05-12T06:35:43.239159,Technical,Low,Technical
TCK-v1.0-00515,Arjun Mehta,+919683390198,"I recently got a new SIM and tried to transfer the ownership to my wife, but the app still shows the old name and I can't even use data on the new number. I called support and they said it's being processed, yet nothing changed for days. This is really bothering me, please sort it out quickly!",2026-07-26T01:24:17.917669,Account,High,Technical
TCK-v1.0-01484,Aditya Patel,+917070262174,"Hey, can you tell me what current data and talk offers are available for a postpaid plan? I saw something on social media but didn't get details. Please let me know the best deal. Thanks!",2026-05-24T08:21:20.084415+00:00,General,Low,General Support
TCK-v1.0-01745,Vikram Gupta,+918009821506,"Sir, I see Rs. 499 was debited from my bank this morning for my postpaid bill but the portal still shows zero balance due. Also, my WhatsApp notifications from your service are not coming through after I updated the app. Please sort the billing mismatch and let me know if I need to do anything else. Thanks.",2026-03-08T19:37:58.662941+00:00,Billing,Low,Finance
TCK-v1.0-01254,Suresh Sharma,+919796631931,"I topped up my phone yesterday but the amount is still showing as pending. My balance is still zero and I couldn't make any calls. I tried the app and website, both say payment successful but I get no credit. Please sort this ASAP, it's affecting my work.",2026-02-21T02:56:23.765056+00:00,Billing,High,Finance
TCK-v1.0-00459,Sanjay Rao,+919900979251,"I tried to login to my account many times after forgetting my password and now it says my account is locked. I'm stuck and can't check my data usage or pay my bill. Please unlock it asap, I need to use the service for work. Thanks.",2026-06-15T11:22:03.452593,Account,Medium,Technical
TCK-v1.0-00458,Priya Bhat,+918031365024,"I topped up my prepaid line yesterday evening but the balance still shows zero. I used my credit card and the amount was deducted, yet the app says recharge failed. Maybe it's just a glitch, but I need the credit for tomorrow's calls. Could you please check and credit the amount? Thanks.",2026-03-21T13:22:02.386103,Billing,Medium,Finance
TCK-v1.0-01089,Ananya Patel,+918002053950,"Hi, I was checking your website and saw some great data packs but couldn’t find the latest offers for prepaid users. Could you please share if there are any new bundles or discounts available? Thanks!",2026-07-04T19:49:54.885370+00:00,General,Low,General Support
TCK-v1.0-00082,Ritu Verma,+919639821465,"I have been facing call drops on my mobile for the past few days. Every time I try to make a call it cuts off after a minute or two, even when I have good signal strength. I tried restarting the phone and resetting network settings but nothing helps. Please look into it, as it is quite annoying for work calls, but I can manage for now. Thanks.",2026-04-10T08:07:18.283117,Technical,Medium,Technical
TCK-v1.0-00604,Arjun Kapoor,+918057988774,"I tried to top-up my prepaid account yesterday but the amount didn't show up, and I was still charged. Could you please check and maybe give me the money back? I'm not sure if it's a billing glitch or something else.",2026-03-25T12:27:59.647545,Refund,Medium,Refunds
TCK-v1.0-01840,Neha Mehta,+919765648236,"Hello, I noticed I was charged twice for my last month's bill. It's just Rs.200 extra, not a big deal but please correct it when you get a chance. Thanks.",2026-03-01T17:35:12.011058+00:00,Billing,Low,Finance
TCK-v1.0-00067,Isha Patel,+919016719022,"Hey, I was checking your website for the latest data+talk plans but the info looks a bit confusing. Can someone clarify what's included in the 1.5GB combo and if there are any hidden charges when I exceed data? Thanks.",2026-03-26T07:06:33.766145,General,Low,General Support
TCK-v1.0-00675,Aditya Patel,+919872563669,"Sir/Madam, I am facing a weird issue with my SMS service. Sometimes the messages I send go out but the receiver says they never got it, and other times I get incoming texts but they just disappear after a few seconds. I tried restarting my phone and even toggling the network, but the problem still persists. Please look into this, as I need to stay connected for work. Thanks.",2026-06-13T14:30:48.447056,Technical,Medium,Technical
TCK-v1.0-01982,Manoj Bhat,+919841247826,"Hey, I’m trying to log into my MyTel account but it keeps saying 'invalid credentials' even though I’m sure I’m typing the right password. I’ve tried resetting it twice and still no luck. Please help, I need to check my latest bill ASAP.",2026-07-27T04:32:04.770053+00:00,Account,High,Account
TCK-v1.0-01425,Sneha Patel,+917038425135,"My phone won't send any SMS and I am not receiving any texts either. It's been hours and I need to confirm a bank OTP. Please fix this ASAP, it's critical!",2026-06-07T22:18:10.457770+00:00,Technical,Critical,Technical
TCK-v1.0-00517,Meera Joshi,+919687729343,"Hello, I'm facing really bad signal strength in my locality (Bandra West). After 5pm the network just disappears, I get 'No Service' messages even though I am on a 4G plan. I have tried restarting the phone, toggling airplane mode and even moving the SIM to another handset but the issue persists. This is affecting my work calls and I need a fix quickly, please look into it.",2026-08-17T13:24:20.892138,Technical,High,Technical
TCK-v1.0-00998,Neha Gupta,+919839117182,"Sir, I got my latest bill and it's way higher than usual – Rs. 3,200 instead of around 1,500. I think there’s a mistake with the extra data charges, but I also noticed my SMS pack hasn't been activated since last month. Could you please check the bill and also look into the pack issue? Thanks.",2026-07-16T06:43:32.686473+00:00,Billing,Medium,Finance
TCK-v1.0-01829,Aditya Bhat,+917049808412,"Hello, I have been trying to figure out why my data pack keeps resetting every month even though I didn't use it all. Maybe it's a system thing? I'd appreciate if someone could check. Not urgent but kinda confusing.",2026-06-13T02:34:37.270634+00:00,General,Low,General Support
TCK-v1.0-01483,Arjun Desai,+919666270289,"I keep getting dropped calls on my 4G line. It happens almost every day for the past week, and I have to restart my phone each time. Please look into it soon. This is affecting my work but not a total outage.",2026-05-27T00:21:18.462132+00:00,Technical,Medium,Technical
TCK-v1.0-01554,Priya Joshi,+919975571928,"Hey, my SMS are not sending or even getting delivered. I tried restarting phone and checking network, but still nothing. This is affecting my work, please fix ASAP!",2026-05-17T15:25:52.381852+00:00,Technical,High,Technical
TCK-v1.0-01043,Aditya Gupta,+919079965075,"Hey, my calls keep dropping every few minutes, even on a strong signal. I was on a important work call and it cut off again. This is getting really frustrating, please fix ASAP!",2026-07-02T12:46:33.613932+00:00,Technical,High,Technical
TCK-v1.0-00989,Neha Bhat,+918095931034,"Hey, my internet has been slower than usual these days. It still loads pages but takes double the time. Not a total outage, just a bit annoying during evenings. Could you check if something’s wrong? Thanks.",2026-07-28T20:43:18.640980+00:00,Technical,Low,Technical
TCK-v1.0-00403,Rohan Mehta,+919763865577,I checked my latest bill and it shows I was charged for a 1GB data plan even though I'm subscribed to the 500MB plan. The extra Rs.150 is confusing and the app still shows my old plan. Can you please sort this out and adjust the charge? Thanks.,2026-03-16T16:19:54.012787,Billing,Medium,Finance
TCK-v1.0-01990,Sneha Rao,+917052058527,"I checked my latest bill and it shows two charges for the same data pack on 15th June. I'm not sure if it's a system glitch or my plan got duplicated. Please look into it and correct the amount, I don't want to overpay.",2026-02-21T20:32:43.378092+00:00,Billing,Medium,Finance
TCK-v1.0-00327,Rohan Gupta,+919636785082,"I was checking my latest bill and I see I have been charged Rs. 999 for the 1GB data plan, but I only subscribed to the 500MB plan. I called customer care yesterday and they said they'd fix it, but I haven't seen any update. Also, my internet speed has been fluctuating a lot these past few days, sometimes it drops to 0.5Mbps. Please sort out the billing mistake and let me know if there's anything else I need to do. Thanks.",2026-08-01T07:16:50.786578,Billing,Medium,Finance
TCK-v1.0-01579,Arjun Iyer,+919963689702,"Hey, I just got my March bill and it's way higher than usual – about ₹2,500 instead of ₹1,200. I think there’s a mistake because I didn’t add any extra services. Also, my internet has been dropping for the past two days, but I’m not sure if it’s related. Please check the bill and let me know.",2026-04-08T21:28:00.856670+00:00,Billing,Medium,Finance
TCK-v1.0-01161,Meera Malhotra,+917025952694,"I paid my bill last week and saw the amount deducted, but the app still shows pending and I haven't got the money back. Can you check why the reversal hasn't happened yet? It's causing some trouble with my account.",2026-03-19T17:54:59.310593+00:00,Refund,Medium,Refunds
TCK-v1.0-00752,Divya Malhotra,+917043089487,"I did a payment reversal for the Rs. 499 recharge yesterday but the amount is still showing as debited. I called the helpline and they said it would clear in 2‑3 working days, yet it’s been over a week now. Please check and get the money back soon, plz.",2026-08-17T03:33:53.569736,Refund,Medium,Refunds
TCK-v1.0-01321,Pooja Patel,+919606071596,"I was shocked to see my March bill show 1200Rs while my plan is only 699Rs. I called support and they said they need my last 3 months statements which I already emailed. Also my internet speed has been lagging for a week, but that’s a different story. Please fix the bill ASAP!",2026-03-25T00:00:42.668156+00:00,Billing,High,Finance
TCK-v1.0-00633,Aditya Patel,+917027548015,"Sir/Madam, my broadband keeps dropping every evening after 8pm for the past two weeks – one day it works fine for an hour then goes off and I have to reboot the router three times. It’s really affecting my work from home. Also, I noticed I’m not getting any SMS alerts about the outages, and the app still shows my last bill as paid even though I think there was a small extra charge. Please send someone to check the line and fix the connectivity, and let me know why the SMS notifications are missing. Thanks.",2026-04-13T13:29:07.486326,Technical,Medium,Technical
TCK-v1.0-01852,Divya Verma,+917071012269,"Hey, I made a payment of Rs. 1499 on 5th Aug and the amount was supposed to be reversed after I cancelled my plan, but I still see it deducted. I have called support twice and they said it'll be fixed, but nothing changed. Please sort this out ASAP, it's affecting my balance.",2026-08-02T23:24:48.205651+00:00,Refund,High,Refunds
TCK-v1.0-01206,Ananya Mehta,+918032764835,"Hello, I noticed I was charged twice for my last month's postpaid bill. The amount shows as ₹1,299 and again ₹1,299 on the same cycle. I tried checking the app but it still shows both entries. Could you please look into this and correct it? I don't want to keep paying extra. Thanks.",2026-08-04T04:53:17.747531+00:00,Billing,Medium,Finance
TCK-v1.0-00324,Isha Joshi,+917070246299,"Hello, I was checking my latest bill and I see an extra Rs150 charge for data I never used. Could you please look into it? Not urgent, just want it corrected when convenient. Thanks!",2026-02-23T18:16:45.989582,Billing,Low,Finance
TCK-v1.0-00043,Rohan Chauhan,+919693676320,"Sir, my broadband keeps disconneting every 2-3 hours since last Monday. I've tried restarting the router but nothing changes. This is affecting my work from home, pls sort it out soon.",2026-07-21T03:05:30.674540,Technical,Medium,Technical
TCK-v1.0-00532,Priya Patel,+919601662997,"Hello, I tried to update my address and email through the MyApp but it still shows the old details. I called the care center and they said it would be fixed within 24 hrs, yet after three days nothing changed. I need the new address on my next bill, please look into it soon.",2026-03-13T05:25:05.867757,Account,Medium,Account
TCK-v1.0-01049,Pooja Verma,+919708240084,"Hey, I was trying to see what recharge plans are available on my app, but it keeps showing weird promos and I can't find the usual monthly pack. Can someone tell me where to look? Not a big deal, just need some guidance.",2026-02-20T23:46:52.398462+00:00,General,Low,General Support
TCK-v1.0-00602,Vikram Chauhan,+919938046827,I topped up my prepaid number yesterday but the amount hasn't been credited yet. I see a deduction of Rs.500 in my bank statement and the app still shows zero balance. Please look into this and refund the amount as soon as possible. I have tried contacting support but no response yet.,2026-05-21T03:27:56.912727,Refund,Medium,Refunds
TCK-v1.0-00937,Ananya Joshi,+919613671577,"Sir/Madam, my calls are dropping every time after just 2-3 seconds, even when I speak on a simple voice call. It's really affecting my work and I keep getting disconnected mid‑conversation. Also, I noticed my data speed seems slower than what I am paying for, but the call drop is the biggest issue right now. Please look into this urgently, it's causing a lot of trouble.",2026-03-05T23:41:05.570204,Technical,High,Technical
TCK-v1.0-01303,Karan Joshi,+919935290422,"Hey, I was checking your website for the latest data pack offers and noticed the info is outdated. The page still shows the old 1GB plan at Rs.199, but I heard there's a new 2GB combo. Could you please update the site or let me know the correct rates? Thanks.",2026-04-02T03:59:35.144273+00:00,General,Medium,General Support
TCK-v1.0-00687,Rahul Verma,+919961032664,"Bhai, my 4G data stopped working since yesterday even though I have full signal strength. I tried restarting the phone, toggling airplane mode and even re‑inserted the SIM, but still nothing. Please check my line, it's getting annoying.",2026-03-04T20:31:22.846526,Technical,Medium,Technical
TCK-v1.0-00060,Karan Reddy,+919045494808,"Hello, I am facing an issue where my SMS are not sending and I cannot receive any incoming messages. It started a couple of days back. Could you please look into it? It's not super urgent, just would like it fixed when possible. Thanks!",2026-06-30T14:06:25.802903,Technical,Low,Technical
TCK-v1.0-01706,Arjun Verma,+918015704331,"I topped up my prepaid number 2 hours ago, but the amount still shows pending and I can't make calls. Need the recharge to reflect ASAP, it's urgent as I have work calls. Plz fix and refund if needed.",2026-05-21T19:35:30.693552+00:00,Billing,High,Refunds
TCK-v1.0-TOPUP-00037,Sanjay Joshi,+919052131297,"I just got my latest bill and it's way higher than usual—₹4,200 instead of the ₹1,200 I was expecting. I never used extra data and my plan hasn't changed. Also, my internet keeps dropping after 6 PM, which makes me think I'm being overcharged for something I can't even use. Please sort this out ASAP and refund the excess amount!",2026-05-23T17:29:17.184410+00:00,Billing,Critical,Refunds
TCK-v1.0-01903,Divya Desai,+919678377701,"I keep trying to log into my account on your app but it just says 'invalid credentials' even though I'm sure I'm using the right password. I also tried resetting it, but the reset link never arrives. This is blocking me from checking my data usage and paying my bill. Please fix this ASAP!",2026-06-05T04:27:48.636387+00:00,Account,High,Account
TCK-v1.0-01979,Ananya Desai,+919606537947,My new SIM got inserted but network never registers. I keep getting 'No service' even after reboot. I called support and they said to wait 24 hrs but still nothing. Please help fix this soon.,2026-06-20T18:32:00.000154+00:00,Technical,Medium,Technical
TCK-v1.0-00867,Manoj Desai,+919922694053,"Sir, I cancelleed my postpaid plan about 12 days back and was told the refund would hit my account in 5 working days, but still nothing shows up. Also I saw some extra data usage on my bill that I never used – maybe a system glitch? Kindly look into the refund and clear the data confusion. Thanks.",2026-02-24T21:38:21.414825,Refund,Low,Finance
TCK-v1.0-01409,Sanjay Joshi,+919684801845,"I tried to log into my MyJio app three times and now it says my account is locked. I need to make an urgent call for my daughter's doctor appointment, but I also haven't received the OTP for my new number yet. Please unlock it asap!",2026-07-21T18:17:15.583429+00:00,Account,High,Account
TCK-v1.0-01634,Isha Joshi,+919035646519,"Hey, I topped up my number yesterday but the amount hasn't reflected and I still got a low balance message. I tried the app twice, both times it said payment successful. Also, I've been getting occasional call drops in my area, but that's not the main issue. Please look into refund asap.",2026-06-28T09:31:16.736926+00:00,Billing,Medium,Refunds
TCK-v1.0-01098,Vikram Kapoor,+919631585149,"Hello, I have been using your network for months and I’m not sure why my data speed drops at certain times even though I pay for unlimited. Could you please tell me what’s going on and if there’s any plan change needed? I don’t want any extra charges, just a clear answer. Thanks.",2026-06-21T14:50:29.890640+00:00,General,Medium,General Support
TCK-v1.0-01145,Suresh Reddy,+919682911467,"I noticed my profile shows a different email and adress than what I gave. It's causing me to miss OTP's and bills. Please fix it soon, I don't want any service disruption.",2026-04-05T14:54:00.925609+00:00,Account,Medium,Account
TCK-v1.0-00783,Aarav Chauhan,+918082633373,"I recharged my number yesterday and the amount got deducted twice, still my balance shows zero. Please process the refund immediately, this is causing me a lot of trouble.",2026-04-06T22:35:04.366610,Refund,High,Refunds
TCK-v1.0-00217,Ritu Kapoor,+919880100623,"Sir/Madam, I just checked my account details on your app and noticed my address is wrong – it shows the old flat number instead of the current one. I tried editing it but it keeps reverting back. Not a huge issue yet, but could cause trouble later if bills go to the wrong place. Could you please look into it when you have a moment? Thanks.",2026-07-30T18:12:29.862434,Account,Low,Account
TCK-v1.0-01576,Manoj Bhat,+917087947055,"I tried to top‑up my prepaid number yesterday but the transaction kept failing, yet I see a charge on my bank statement. I called support and was told to wait, but nothing has been refunded yet. Please look into this and credit back the amount, I need the balance soon.",2026-02-28T00:27:26.464403+00:00,Refund,Medium,Refunds
TCK-v1.0-00241,Divya Mehta,+918088993756,"Hey, my data has been acting weird since yesterday. I can make calls fine but when I try to open any app it just shows ""No internet"". I restarted the phone, toggled airplane mode, even tried the default APN settings, but still nothing. It's not urgent as I have Wi‑Fi at home, but please fix it soon.",2026-04-20T19:13:10.649961,Technical,Low,Technical
TCK-v1.0-00249,Ananya Bhat,+918049912513,"Hey team, the internet keeps dropping in my locality for the past 3 days. Even simple things like WhatsApp messages take ages or don't go through. I tried rebooting the router and checking my bill, but nothing changed. Could you please look into the network issue?",2026-05-31T13:13:45.152008,Technical,Medium,Technical
TCK-v1.0-00771,Sneha Sharma,+919026153473,"Sir/Madam, my mobile keeps dropping calls every few minutes, especially when I'm on a road trip. I try to call my wife and it just cuts off mid‑conversation, sometimes even before the ringtone finishes. I’ve restarted my phone, checked for network updates, and even switched SIM slots but nothing works. It’s getting really frustrating as I need stable connection for work. Please look into this asap, because I can’t afford to lose important calls.",2026-05-15T05:34:39.327953,Technical,High,Technical
TCK-v1.0-01288,Priya Nair,+919756238692,"Hi, I saw some new data pack offers on your website but the details were confusing. Can you please explain which plan gives the best value for a student like me? Also, is there any extra discount for existing broadband users? Thanks.",2026-07-06T06:58:43.996185+00:00,General,Low,General Support
TCK-v1.0-01400,Aarav Patel,+919938908386,"Hey, my broadband has been slower than usual for the past few days, like 2-3 Mbps instead of the 10 Mbps I pay for. It’s not killing anything, just streaming videos buffer a bit. Can you check? Thanks.",2026-06-23T13:16:23.746208+00:00,Technical,Low,Technical
TCK-v1.0-01310,Sneha Reddy,+919654527111,"I asked for a refund on the extra Rs.500 charge from last month’s bill and it's still not in my account. I keep calling support, but they just tell me to wait. Also, my 4G data keeps dropping after 2GB, which is annoying. Please sort the refund soon and fix the data cut‑off. Thanks.",2026-07-25T22:59:47.312381+00:00,Refund,Medium,Refunds
TCK-v1.0-01935,Suresh Nair,+918040640909,"Hey, I just got my new sim today and it's still not registering on any network. I keep getting ""No Service"" even after restarting the phone multiple times. It's been 3 days, I need it for work. Please fix this asap, I'm losing important calls. This is getting really frustrating!",2026-04-14T02:29:20.118780+00:00,Technical,High,Technical
TCK-v1.0-00736,Rohan Patel,+919882422412,"Hello, I have a quick question about the services you provide. I’m not sure if my current plan covers the extra data I need for streaming, and I also heard that coverage in some areas is a bit spotty. Could you tell me what options are available and if there’s any way to improve the signal at home? Thanks!",2026-05-31T03:33:11.283917,General,Medium,General Support
TCK-v1.0-00750,Meera Gupta,+919836149872,"I made a payment today but it still hasn't shown up in my account. The amount was deducted from my bank, but my balance here is still same. Please check and update it soon.",2026-03-29T10:33:48.927668,Billing,Medium,Finance
TCK-v1.0-01989,Sanjay Bhat,+919606540515,"I tried logging in multiple times and now my account is locked. I know I messed up the password but I need urgent access to check my data usage. Please help unlock it ASAP, I’m losing patience and can’t figure out where to go.",2026-06-18T12:32:41.925376+00:00,Account,High,Account
TCK-v1.0-00038,Kavya Sharma,+917083561595,"Hey team, I topped up my prepaid on 12th March but the ₹500 still shows as pending even after the SMS said it was reversed. I need that money back asap. Also, my data pack seems to have expired yesterday even though I didn't use any data, maybe the system messed up. Please look into the refund and fix the data issue. Thanks",2026-03-01T13:05:25.542742,Refund,Medium,Refunds
TCK-v1.0-01930,Neha Gupta,+918016117240,"Sir, my broadband speed has dropped to 2 Mbps for the past two days, even after restarting the router many times. It's affecting my work from home and video calls keep buffering. Please fix this ASAP, it's getting really frustrating.",2026-08-08T01:29:05.126136+00:00,Technical,High,Technical
TCK-v1.0-01061,Sanjay Bhat,+919080715451,"My account got locked after I typed the wrong password three times. I need it unlocked ASAP because I have an important call in an hour. Also, I noticed my data balance didn't update after last recharge, but that's not the main issue.",2026-05-06T11:47:43.662042+00:00,Account,High,Account
TCK-v1.0-01523,Manoj Kapoor,+919888355231,"Hi, I did a rechrge this morning but my balnce is still same. I tried the app and the call centre, but nothing changed. Could you please check and process a refund if needed? Thanks.",2026-07-12T19:23:41.821704+00:00,Refund,Medium,Refunds
TCK-v1.0-00698,Karan Patel,+919003037236,"Hey, I have been trying to get internet on my phone for the past couple of days, but it's just not working in my area. The signal bars show 0 or sometimes 1, and even data apps keep failing. I live in Kalyan and the problem started after the new tower upgrade. Could you please check if there's any outage? It's affecting my work, but I'm not sure if it's just my line or a wider issue.",2026-03-09T23:31:45.877035,Technical,Medium,Technical
TCK-v1.0-TOPUP-00041,Suresh Sharma,+918085866257,"I paid my latest bill on 10th June and the amount still shows as pending. I called support, they said it would be reversed in 24 hrs but nothing changed. This is affecting my service and I cannot afford any more delays. Please sort this out ASAP, I need the money back now!",2026-03-10T02:30:32.462098+00:00,Refund,Critical,Finance
TCK-v1.0-01830,Sneha Desai,+917024493534,"My calls keep dropping every few minutes, even when I’m on a clear signal. It’s been happening since yesterday and I can’t get any work done. Please fix this ASAP, it’s really frustrating!",2026-04-11T14:34:38.630523+00:00,Technical,High,Technical
TCK-v1.0-00933,Ananya Malhotra,+919721495511,"My calls keep dropping after a few seconds, even when I move a little. This is happening with both my mobile and landline on your network. I have to repeat everything every time, it's getting really frustrating. Please fix it ASAP!",2026-07-02T18:40:58.207972,Technical,High,Technical
TCK-v1.0-00486,Meera Malhotra,+919940514770,"Hey, i was wondering if there any new data or calling packs coming up soon? I saw some ads on TV and on the app but cant find details. Can u tell me what offers are available and if i can get any discount if i upgrade my current plan? thx.",2026-05-25T10:23:09.892074,General,Low,General Support
TCK-v1.0-00959,Sanjay Rao,+919704120911,"I have been trying to send SMS since morning but none of them go through and I also not getting any incoming messages. My network shows bars but still can't send or receive. I tried restarting phone, checking settings, even reinserted SIM but still same. This is really annoying as I need to coordinate with work. Please fix ASAP.",2026-04-21T21:42:01.568024,Technical,High,Technical
TCK-v1.0-01345,Suresh Iyer,+919918518888,"Hey, I’m facing no network at all in my area (Sector 12, Lucknow) since yesterday evening. Calls drop, data won’t load, and even SMS are stuck. I tried restarting, SIM swap, but nothing works. Could you please look into it? It’s getting annoying but I can wait for a fix.",2026-03-30T12:02:50.067058+00:00,Technical,Medium,Technical
TCK-v1.0-00644,Manoj Sharma,+919647969545,"Hey, I have been facing weird call drops for the past few days. Sometimes I'm on a call and it just cuts off, other times I can't even get a dial tone. I tried restarting my phone and even switched SIM slots but still same. Could be network or maybe something with my account? Please look into it.",2026-08-02T16:29:25.735665,Technical,Medium,Technical
TCK-v1.0-01793,Arjun Gupta,+919036452577,"Yaar, my phone keeps dropping calls and the signal is super weak even when I'm just outside my house. I tried restarting and re‑inserting SIM but nothing changed. Could be network issue? Please check ASAP.",2026-04-26T16:41:02.399572+00:00,Technical,High,Technical
TCK-v1.0-01722,Isha Joshi,+917070246299,"Hey, I tried logging into my MyTelecom account today but it keeps saying 'invalid credentials' even though I'm sure my password is right. I even reset it but still can't get in. Please help me sort this out soon. Thanks.",2026-02-25T05:36:37.918672+00:00,Account,Medium,Account
TCK-v1.0-01740,Ananya Reddy,+918000743292,"Hey, I am really fed up – my mobile signal drops to zero in my house, especially evenings, and I keep missing important work calls. I tried restarting and moving around but nothing helps. Please send someone to fix this ASAP, it’s affecting my job.",2026-04-16T01:37:41.730628+00:00,Technical,Critical,Technical
TCK-v1.0-00668,Karan Kapoor,+919759112382,"Sir, my mobile network has been really flaky since I shifted to the new flat. The signal strength is weak most of the day and calls drop with a lot of static. I rebooted the phone and re‑inserted the SIM but still no improvement. Kindly check the tower coverage in my area soon.",2026-03-17T19:30:32.447713,Technical,Medium,Technical
TCK-v1.0-00116,Neha Malhotra,+919750229612,"I just got my bill for this month and it's way higher than usual – Rs. 3499 instead of the usual Rs. 1499! I never used extra data or made extra calls, and I’m sure there's some mistake. Please sort this out ASAP, I can’t afford this extra charge.",2026-03-08T16:08:33.226200,Billing,High,Finance
TCK-v1.0-00859,Divya Sharma,+919924329839,"Sir/Madam, I have a quick question about the roaming charges on my current plan – can you tell me if I will be billed extra when I travel to Nepal next month? Also, I noticed my last bill had a small extra Rs.50 that I don't understand. Please let me know the details. Thanks.",2026-05-18T08:38:00.287994,General,Medium,General Support
TCK-v1.0-01367,Priya Verma,+919667735925,I noticed my latest bill has an extra Rs. 500 added for a plan I never upgraded to. I called support but they said it’s a system error and asked me to wait. This is hurting my budget. Please fix the charge ASAP.,2026-05-28T13:03:55.145750+00:00,Billing,High,Finance
TCK-v1.0-00372,Suresh Kapoor,+918068460810,"Sir/Madam, my SMS is stuck. I try to send messages to my family but they never get delivered, and I also dont receive any replies. I have restarted my phone, checked network bars, and even tried the SIM in another device – still same. This is affecting my work since I need to confirm appointments. Please fix ASAP.",2026-05-12T12:18:44.571223,Technical,High,Technical
TCK-v1.0-01622,Rahul Malhotra,+917090250392,"I asked for my money back a week ago after being overcharged, but still see no credit. Every call I make just gets me a generic apology, and now my data is slower too. Please sort this out ASAP, I can't wait any longer.",2026-05-10T01:30:23.676266+00:00,Refund,Critical,Refunds
TCK-v1.0-01464,Isha Patel,+919009477752,"Hey, my broadband has been crawling for the past three days. I keep getting 1-2 Mbps even though I pay for 50 Mbps. I tried restarting the router multiple times, still same. It’s affecting my work from home. Please check and fix ASAP, this is really frustrating.",2026-08-05T19:20:13.339861+00:00,Technical,Critical,Technical
TCK-v1.0-01481,Aarav Nair,+918049972787,"Hey, my SMS's just stopped working – I try to send to friends and they never get them, and incoming texts aren't showing up either. It's been like this for a day, and I can't even confirm OTPs. Please fix ASAP, this is really messing up my work.",2026-05-22T17:21:15.964773+00:00,Technical,Critical,Technical
TCK-v1.0-00183,Rahul Joshi,+919633484344,"Hello, I noticed that I was charged twice for my last month's postpaid bill – the same Rs.1199 shows up two times. I have already paid once, so please correct it. Also, my broadband speed has been a bit slower lately, but it's not urgent.",2026-02-18T10:10:56.830321,Billing,Low,Finance
TCK-v1.0-00930,Rohan Desai,+919932288985,"I tried to recharge my prepaid number yesterday but the amount got deducted from my bank and my balance still shows zero. The app says payment failed, yet the money is gone. Not sure if it’s a system glitch or my bank’s fault, but I need the data soon. Please look into it.",2026-04-25T12:40:55.009142,Billing,Medium,Finance
TCK-v1.0-00747,Rohan Rao,+918018071569,"Hello, I asked for a refund on the extra data charge from last month, but it's still not showing up in my account. I understand these things take time, so I'm not in a hurry. Also, I tried to change my email ID in the app yesterday and it kept saying 'error' – not sure if that's related. Please let me know when I can expect the money back. Thanks.",2026-05-18T04:33:38.366810,Refund,Low,Refunds
TCK-v1.0-00021,Priya Kapoor,+917001326773,"Maine aaj subah se internet baar baar drop ho raha hai, video calls bilkul bhi kaam nahi kar rahi. 2 ghante se hi problem chal rahi hai, aur customer care se baat ki, lekin koi solution nahi mila. Ye bahut pareshan kar raha hai, jaldi se fix karo!",2026-05-07T15:04:34.797536,Technical,High,Technical
TCK-v1.0-00891,Meera Patel,+919893371189,"Hi team, I was browsing your site and couldn't spot any info about the latest recharge offers. Could you please share if there are any promos on data packs or talk time? Thanks!",2026-05-22T07:39:15.828304,General,Low,General Support
TCK-v1.0-00725,Kavya Chauhan,+918076228277,"Hey, my internet speed has been crawling for the past two days. I pay for 100Mbps but I'm getting like 2-3Mbps. Streaming video buffers every time. I even rebooted the router and checked cables, still same. Please fix this asap, it's affecting my work from home.",2026-07-14T18:32:50.368357,Technical,High,Technical
TCK-v1.0-01314,Ritu Rao,+919099809402,"I tried to topup my prepaid number yesterday, but the amount got deducted and the recharge never went through. My balance is still zero and I cant make calls. Please look into this and process a refund ASAP. It's getting frustrating.",2026-06-09T14:00:18.347778+00:00,Refund,High,Refunds
TCK-v1.0-01316,Rohan Desai,+917036675254,"I topped up Rs. 500 today at 7pm but the amount still shows pending on my app, and I'm unable to make calls. Also, the promotional SMS for data pack didn't come, so I'm not sure if I qualify for the discount. Please fix the recharge ASAP!",2026-05-26T18:00:26.232468+00:00,Billing,High,Finance
TCK-v1.0-01019,Pooja Nair,+919033036541,"I asked for a refund on my last bill 10 days ago and still see nothing. My money is stuck and I need it back urgently. Please process it now, this delay is unacceptable.",2026-06-07T16:45:23.118273+00:00,Refund,High,Refunds
TCK-v1.0-TOPUP-00017,Aditya Nair,+919844357469,"Sir/Madam, I was billed twice for my July data pack – Rs. 599 showed up two times in my app. This is causing me serious trouble, I need the extra amount refunded immediately. Please fix this ASAP, I'm very upset.",2026-07-11T14:24:30.250683+00:00,Billing,Critical,Refunds
TCK-v1.0-01663,Ananya Sharma,+919643611037,"Paid my prepaid recharge of ₹299 on phone app at 3pm, amount is deducted but my balance still shows 0. Also, the new SIM I got last week has occasional call drops, but I think that's separate. Please fix the credit soon.",2026-07-30T23:32:50.571562+00:00,Billing,Medium,Finance
TCK-v1.0-01627,Pooja Patel,+919804754121,"Hey, I just noticed my latest bill has a charge for a data plan I never signed up for. I thought I was on the basic 1GB pack, but the invoice shows a premium 5GB plan for the whole month. Can someone check why this happened? I’m not sure if it’s a system glitch or something else, but I’d like it corrected soon.",2026-07-02T14:30:45.010714+00:00,Billing,Medium,Finance
TCK-v1.0-00872,Manoj Kapoor,+917009728321,"Sir, I am really frustrated. I tried logging into my MyJio account today and it just says 'invalid credentials' even after I reset the password twice. The OTP never arrives on my registered number, so I’m locked out and cannot check my latest bill. Also, I noticed my last data pack is still showing as unused even though I used it. Please fix the login ASAP, I need to pay the due before due date!",2026-05-16T12:38:39.067891,Account,High,Account
TCK-v1.0-01267,Rohan Gupta,+919886999386,"Hey team, I was looking at the new data packs and I'm not sure which one suits my usage. The website shows a lot of options but the info is kinda confusing. Could you please clarify the benefits of the 1.5GB vs 2GB plan? Thanks!",2026-04-24T21:57:14.740934+00:00,General,Low,General Support
TCK-v1.0-00199,Kavya Chauhan,+917008740640,"Hi, I was looking at my data plan details and couldn't figure out the exact validity period – is it 28 days or 30 days? Could you pls let me know? Thanks!",2026-06-22T22:11:46.173604,General,Low,General Support
TCK-v1.0-00383,Neha Sharma,+917058877043,"I topped up my account yesterday via the app and Rs.500 was debited from my bank, but my prepaid balance still shows the old amount. I’ve tried refreshing, logging out and back in, even restarted the phone – nothing. Please check why the payment isn’t reflected. It’s not a total emergency but I need the data soon.",2026-05-27T00:19:01.691867,Billing,Medium,Finance
TCK-v1.0-01083,Rohan Kapoor,+919074612004,"Hey, I’m trying to log into my account portal but it keeps showing ‘service unavailable’. I’ve cleared cache and tried different browsers, still nothing. Need access to view my bill and settings ASAP. Please fix this soon.",2026-04-14T00:49:43.620026+00:00,Account,Medium,Account
TCK-v1.0-00227,Rahul Rao,+919673586629,"Hey, my internet has been super slow since yesterday, buffering every video and loading pages takes ages. I need it fixed ASAP, can't work from home. Please check the line.",2026-03-01T04:12:50.652816,Technical,High,Technical
TCK-v1.0-00950,Kavya Kapoor,+919791111096,I subscribed to the unlimited 1.5GB plan last month but my latest bill shows I’ve been charged for 2GB usage and extra data fees. I checked the app and it still says I’m on the 1.5GB plan. Could someone please sort this out? I don’t see why I’m paying more.,2026-07-22T01:41:38.266876,Billing,Medium,Finance
TCK-v1.0-00969,Neha Joshi,+919085601256,"Hello, I was trying to see what recharge options are there for my prepaid line but the app keeps loading forever. Can you please share the list of plans available? Thanks!",2026-07-01T05:42:23.136513,General,Low,General Support
TCK-v1.0-01549,Rahul Patel,+919056676527,"Hey, my SMS stopped sending and receiving since this morning. I restarted the phone and checked network, but still nothing. It's really annoying when I can't get important texts. Please look into it soon.",2026-02-22T12:25:09.082001+00:00,Technical,Medium,Technical
TCK-v1.0-01664,Suresh Gupta,+917070051627,I am seeing a weird charge on my latest bill – I am on the 499/month unlimited plan but the invoice shows Rs. 799. Could you please check why I am being overcharged? I haven't changed any add‑ons.,2026-07-31T20:33:12.684544+00:00,Billing,Medium,Finance
TCK-v1.0-01566,Priya Verma,+919667735925,"Hey, my calls keep dropping after a few seconds, even on 4G. I was on an important work call today and it cut off twice. Please look into it soon. Thanks",2026-05-29T04:26:58.618102+00:00,Technical,Medium,Technical
TCK-v1.0-00133,Vikram Reddy,+919892546291,"Hey team, could you let me know what recharge options are available for my plan? I'm looking for any combo packs or data bundles and want to know if there's an easy way to recharge through the app. Thanks!",2026-05-29T23:08:54.444573,General,Low,General Support
TCK-v1.0-00393,Suresh Chauhan,+919752314913,"Hi team, can you tell me what's included in the new Unlimited+ plan? I tried checking the website but the page keeps loading forever. Also, I noticed a tiny extra Rs.5 charge on my last bill which I can't locate. Not a big deal, just want clarification.",2026-05-28T01:19:19.452676,General,Low,General Support
TCK-v1.0-01338,Kavya Verma,+919039240758,"Hey, my phone stopped sending any sms and I hardly get incoming texts. I checked my balence, it's fine. Maybe it's a network glitch? Please sort it out soon. It's annoying when I can't chat with my family.",2026-07-22T14:02:09.064605+00:00,Technical,Medium,Technical
TCK-v1.0-01457,Aditya Gupta,+919079965075,"Sir/Madam, I tried to change my address in the portal but it keeps showing old one, even after I cleared cache. Also I got a weird charge of Rs. 99 on my bill which I think is unrelated. Please fix my profile update and tell me why that extra amount appeared. Thanks.",2026-07-03T12:20:04.433002+00:00,Account,Medium,Account
TCK-v1.0-01974,Meera Sharma,+919051518644,"Sir, my broadband speed has been crawling at 0.5Mbps for the last 48 hrs, streaming videos keep buffering and video calls drop. This is affecting my work, please look into it urgently.",2026-03-03T16:31:44.832210+00:00,Technical,High,Technical
TCK-v1.0-01570,Manoj Chauhan,+919939500479,"Hey, I noticed I was charged twice for my last month's data pack. The bill shows ₹499 twice. Please correct it and refund the extra amount. Thanks.",2026-03-04T06:27:11.281185+00:00,Billing,Medium,Finance
TCK-v1.0-01357,Rahul Desai,+919639473121,"Hey, I just saw my latest bill and it shows I was charged for the 5G plan even though I'm still on the basic 1.5GB plan. I didn't opt for any upgrade. Can you check why this happened? I need the extra amount corrected soon.",2026-04-25T07:03:21.704216+00:00,Billing,Medium,Refunds
TCK-v1.0-01170,Ritu Desai,+919721993308,"Hey, my SMS sometimes doesnt go through and I get them late. Not urgent but kinda annoying, can you please check it?",2026-06-21T07:55:27.970102+00:00,Technical,Low,Technical
TCK-v1.0-01230,Ananya Desai,+919686801128,"Hi, I was looking at the new data plans on your website but it's a bit confusing. Can you tell me which one is best for occasional video streaming and occasional calls? Also, does the unlimited night data apply to all apps? Thanks.",2026-08-09T00:55:04.673736+00:00,General,Low,General Support
TCK-v1.0-01558,Ananya Rao,+919783132370,"Hey, I got a new phone yesterday and inserted my old SIM, but it still shows 'No Service'. I tried restarting and re‑inserting, nothing changes. Maybe the network just needs to register? It's not affecting my work much right now, but I'd like it fixed when you can. Thanks.",2026-05-18T10:26:10.140468+00:00,Technical,Low,Technical
TCK-v1.0-00425,Manoj Nair,+919718489476,"I was checking my latest bill and saw I was charged Rs. 899 for a data pak I never activated. I already canceld my extra pack last month, but it still shows up. Also my internet speed has been a bit slow lately, though that’s not the main issue. Please correct the bill and let me know the updated amount. Thanks!",2026-03-26T01:20:51.912430,Billing,Medium,Finance
TCK-v1.0-00250,Ananya Reddy,+918028669296,"hi, i was wondering if there's any plan that gives extra data on weekends because i use a lot on saturdays. also i noticed my promotional sms for the new offer didn't come through last week, not sure if i missed something. could u please clarify? thanks",2026-05-01T11:13:46.577628,General,Low,General Support
TCK-v1.0-00186,Ritu Desai,+919721993308,"I did a top‑up of Rs.500 on my prepaid number yesterday, but the amount still hasn't reflected. The money is deducted from my bank, yet I can't use any credit. I called the helpline and got stuck in the IVR, no one called me back. Could you please check and arrange a refund? Thanks.",2026-06-20T20:11:02.173028,Refund,Medium,Refunds
TCK-v1.0-01916,Rohan Joshi,+919865940139,"Hey, I noticed my name is spelled wrong in the app and the address seems off too. Not a huge deal but could you please fix it when you get a chance? Thanks.",2026-03-22T11:28:20.819746+00:00,Account,Low,Account
TCK-v1.0-01077,Suresh Nair,+918040640909,"Hey, I tried to topup my prepaid last night but the app showed payment failed and yet the amount was deducted from my bank. I haven't got any credit and it's been 2 days. Can you please look into this and process the refund? Thanks.",2026-04-12T18:49:27.445375+00:00,Refund,Medium,Refunds
TCK-v1.0-01279,Meera Rao,+919924808613,"I tried updating my address and email on the portal but it keeps throwing an error. My new address is 12/3, Sector 5 and I need the future bills sent there. Please fix it soon, it’s affecting my mail.",2026-07-19T21:57:53.107117+00:00,Account,Medium,Account
TCK-v1.0-01118,Sanjay Kapoor,+919052816850,"I tried logging into the portal today but it just keeps loading and then shows an error. I need to check my bill and update my address, please help. This is getting annoying.",2026-05-17T18:51:55.246131+00:00,Account,Medium,Account
TCK-v1.0-00685,Aarav Patel,+919677490509,"I have been trying to log into my mytel account for the last two days, but every time it says ""invalid credentials"" even though I'm sure I'm entering the right password. I even tried resetting the password but the reset link never arrives. This is causing me to miss important bills and I need it fixed ASAP!",2026-04-24T06:31:18.301429,Account,High,Account
TCK-v1.0-01644,Meera Malhotra,+919979660334,"Hey, I was checking the app and saw some promotional offers, but they disappear when I try to apply them. Can you tell me what the current deals are and how to redeem them? Thanks!",2026-02-20T01:31:30.308528+00:00,General,Low,General Support
TCK-v1.0-00467,Sneha Sharma,+917067899405,"I topped up my prepaid account yesterday using my debit card and the amount of ₹500 was instantly deducted from my bank, but when I check my balance it still shows the old amount. I even tried restarting the app and re‑logging, but nothing changed. Also, I noticed my data pack expires a day earlier than promised, which is confusing. Please look into the recharge issue and let me know when the balance will be updated.",2026-06-21T21:22:17.382256,Billing,Medium,Finance
TCK-v1.0-01299,Sneha Gupta,+917026758692,"Hey, I was just wondering if you could tell me the steps to check my data usage on the app. I tried opening it but it keeps crashing, though I can still make calls. Could you guide me? Thanks!",2026-05-03T15:59:29.386043+00:00,General,Low,General Support
TCK-v1.0-00940,Karan Reddy,+917009605673,"I am really frustrated, I cant log into my account on the MyTel portal since this morning. Every time I type my password it says ""invalid credentials"" even though I havent changed it. I tried resetting the password but the OTP never arrives. This is affecting my bill payments and I need it fixed ASAP!",2026-08-04T10:41:09.203829,Account,High,Account
TCK-v1.0-TOPUP-00042,Vikram Bhat,+919768787822,"Hey team, I was trying to find the best recharge plans for my data and talk, but the app shows so many options and it's confusing. Can someone guide me which pack is good for a student like me? Also, any discount for auto‑renew? Thanks.",2026-05-08T18:30:33.772857+00:00,General,Low,Finance
TCK-v1.0-01993,Rahul Patel,+919056676527,"Hey, my internet has been super slow these days, sometimes it drops to 0.5Mbps. I tried restarting the router and checking cables, but still laggy. Not a complete outage, just can't stream videos without buffering. Could you please look into it? Thanks.",2026-02-22T20:32:49.867787+00:00,Technical,Medium,Technical
TCK-v1.0-01243,Divya Verma,+919087083172,"Hey, I did a recharge of Rs.399 yesterday but the amount got deducted twice. I raised a ticket already, but still no update. Can you please look into it and process the refund soon? I don't want to keep waiting forever, but I understand things take time.",2026-04-21T14:55:34.953009+00:00,Refund,Medium,Refunds
TCK-v1.0-TOPUP-00011,Suresh Sharma,+918085866257,"Hey, I tried logging into my portal today but it just keeps loading forever. I've cleared cache and even tried on another device, still nothing. Not urgent, maybe a glitch, please check when you can. Thanks.",2026-03-10T02:23:36.237322+00:00,Account,Low,Technical
TCK-v1.0-00931,Arjun Nair,+919796063399,"Sir/Madam, I noticed that my profile details on the app are totally wrong – my address shows some other locality and my email is not the one I set. This is causing my new SIM activation to fail and I can't even get my bills. Please fix it ASAP, it's really messing up my plans!",2026-07-29T12:40:56.129885,Account,High,Account
TCK-v1.0-00465,Rohan Kapoor,+917063878294,I have been trying to figure out why my data plan seems to be limited even though I topped up last week. Can someone explain how the rollover works? I keep getting confused with the messages on my app. Please help.,2026-05-27T03:22:14.886930,General,Medium,General Support
TCK-v1.0-01172,Isha Chauhan,+918034540193,"Hi, my internet keeps dropping every few minutes for the past week. I have tried restarting the router and even called support, but the problem persists. It's affecting my work from home. Please send someone to fix it soon.",2026-04-03T04:55:33.031497+00:00,Technical,Medium,Technical
TCK-v1.0-01309,Sneha Bhat,+918083673657,"Hey, could you tell me what recharge options are available for my number? I want to see the latest plans and prices, please. Thanks!",2026-05-07T22:59:43.782528+00:00,General,Low,General Support
TCK-v1.0-00102,Sneha Kapoor,+919785064317,"Sir/Madam, I was checking the new combo plan and I'm not sure what's included. The page says unlimited calls but the data part is unclear. Also, I think I was overcharged last month, could you clarify if I can get any refund? Please let me know.",2026-07-24T19:07:46.612439,General,Low,Refunds
TCK-v1.0-00537,Rohan Rao,+919787696393,"Hey, my sms are not sending or receving. I try to send msg to my friends and they never get it, and incoming texts also dont show up. I even restarted my phone and checked network, but still same issue. Please look into it.",2026-03-30T11:25:16.037450,Technical,Medium,Technical
TCK-v1.0-00575,Isha Malhotra,+917003202041,"Hello, I was checking my current plan and I'm a bit confused about what all is included. Could you please tell me if my data roler works and whether I get any extra benefits for calling abroad? Not a big hurry, just want to know when I have a moment.",2026-04-22T21:26:52.287615,General,Low,General Support
TCK-v1.0-01476,Aarav Kapoor,+919087603859,"Hey, I noticed I was charged twice for my last month's plan. The amount shows up as two separate entries of Rs. 799 each. Please check and correct it. It's not urgent, just want the extra amount refunded. Thanks.",2026-04-13T07:20:57.093519+00:00,Billing,Low,Finance
TCK-v1.0-00437,Ananya Iyer,+919628857448,"Sir/Madam, I have been trying to change my address and email in my account for the past 2 days but the portal keeps throwing error 500. I need the correct info updated now because my bills are going to a wrong address and I might miss important notifications. Please fix this ASAP, it's causing huge inconvenience.",2026-03-25T15:21:10.534259,Account,Critical,Account
TCK-v1.0-00359,Meera Patel,+919637562890,"Sir, my internet keeps dropping every few minutes for the past week, even after I restart the router several times. I also saw an extra charge on my last bill that I can’t figure out, but the connectivity issue is killing my work from home. Please send a technician asap, the app also shows ‘service unavailable’ when I try to check my data usage.",2026-08-14T20:18:03.616136,Technical,High,Technical
TCK-v1.0-00641,Ritu Reddy,+919088006167,"Hey team, I tried to recharge my prepaid number 5 days ago using my debit card but the amount got deducted twice and I still see my balance unchanged. I called the helpline and they said they'd check, but I haven't got any update. Also, my internet is buffering a lot lately, maybe it's related? Please sort out the double charge and credit the extra amount. Thanks",2026-05-29T04:29:22.525748,Billing,Medium,Finance
TCK-v1.0-01597,Kavya Chauhan,+917008740640,"I checked my account and my address is still showing the old house, even after I updated it online yesterday. Also, I'm getting random promotional SMSs in Hindi which I never subscribed to. Please fix my profile ASAP, it's affecting my bill delivery.",2026-06-24T09:28:24.545811+00:00,Account,Critical,Account
TCK-v1.0-00163,Suresh Verma,+919026801824,I tried to recharge my prepaid number yesterday but the amount got deducted from my bank and the rechrge never went through. The app still shows my balance unchanged. Please look into this and refund the Rs.500 I lost. It's annoying but not an emergency.,2026-07-06T11:10:25.164378,Refund,Medium,Refunds
TCK-v1.0-01925,Aarav Nair,+918049972787,"I recently got a new phone and want to change the name on my SIM, but the app says something about 'ownership not verified' and I can't make calls. I called support, they said they'd check, but it's been days. Please help me sort this out.",2026-05-23T01:28:57.612229+00:00,Account,Medium,Account
TCK-v1.0-00766,Aditya Joshi,+918059959465,"Sir/Madam, I saw the new 1.5GB daily data plan on your website but I'm not clear about the validity period and extra charges if I exceed the limit. I tried calling the helpline but kept getting a busy tone. Could you please send me the full details or an email? Thanks.",2026-07-07T13:34:33.568233,General,Medium,General Support
TCK-v1.0-00341,Vikram Verma,+919956972521,"Sir, I am really confused. I signed up for the 299 rupee unlimited pakage but the last invoic shows I was charged 449 rupees. I checked my app and it still says I am on the cheaper plan. Can you please sort this out ASAP? I need the correct bill because I can't afford the extra charge.",2026-04-15T06:17:14.651897,Billing,High,Finance
TCK-v1.0-00970,Divya Patel,+919955251050,"Sir, I tried logging into the account portal this morning but it just shows an error saying something went wrong. I think maybe the site is down or my login got messed up. No big emergency, just want to check my data usage later. Can someone look into it when possible? Thanks!",2026-05-25T10:42:24.158870,Account,Low,Account
TCK-v1.0-00296,Rahul Chauhan,+919909993476,"Hey, I got a new SIM card yesterday but it still shows no service and I cant reigster on the network. I tried restarting my phone, re‑inserting the SIM and even used another handset – same issue. It's messing up my work, please look into it soon.",2026-03-30T01:15:38.847752,Technical,Medium,Technical
TCK-v1.0-01922,Meera Rao,+919924808613,"Hey, my phone keeps dropping calls after the last network update. Sometimes I get a full bar but the call ends after a few seconds. I tried restarting, but no luck. Could it be a billing block or something? Please check.",2026-07-20T21:28:49.614644+00:00,Technical,Medium,Technical
TCK-v1.0-01412,Neha Gupta,+919839117182,"Hey, my network signal is super weak at home and even in my office. Calls drop after a few seconds and data speed is crawling. I’ve tried restarting the phone, but nothing changes. Please fix this ASAP, it’s affecting my work!",2026-07-17T06:17:19.581836+00:00,Technical,High,Technical
TCK-v1.0-00774,Divya Sharma,+918042897317,"Hi, my mobile datta suddenly stopped working today. I switched on airplane mode, rebooted the phone, even re‑inserted the SIM but still get 'No internet' on all apps. I’m not sure if it’s a network glitch or something on my end, but I need data for work and can’t wait. Please look into this urgently.",2026-02-28T21:34:42.726349,Technical,High,Technical
TCK-v1.0-00042,Meera Reddy,+919834332003,"Namaste, I just looked at my latest bill and it shows I was charged for a 2GB data plan while I'm on the 1.5GB plan. Please fix the error and refund the extra amount of ₹200. Thank you.",2026-04-17T21:05:29.841374,Billing,Medium,Refunds
TCK-v1.0-01721,Suresh Rao,+919819148564,"I tried to recharge my prepaid number today but the amount got deducted twice and my balance still shows zero. Also, I noticed my email ID in the app is still the old one, not updated after I changed it last month. Please fix the recharge and help me update the email. Thanks.",2026-05-12T07:36:26.476013+00:00,Billing,Low,Finance
TCK-v1.0-01485,Sanjay Kapoor,+919858657809,"Hey, my network signal has been terrible in the whole city block for the past week, calls keep dropping and 4G is like a snail. Also, I noticed my prepaid balance not updating in the app, but that's probably separate. Can you fix the signal issue soon? It's affecting my work.",2026-08-01T20:21:21.771094+00:00,Technical,Medium,Technical
TCK-v1.0-00035,Pooja Nair,+919033036541,"Sir/Madam, I just saw that I was chargd for the 1GB data pack this month while I only signed up for the 500MB plan. It’s a small extra amount but it’s confusing. Also, I tried to change my caller tune yesterday and it still shows the old song. Could you please sort out the billing mix‑up and let me know why the tune isn’t updating? Thanks.",2026-06-07T05:05:21.936884,Billing,Low,Finance
TCK-v1.0-00056,Meera Rao,+919890586518,"Sir/Madam, I have been trying to log in to my account portal since yesterday but it keeps throwing an ""Invalid credentials"" error even though my password is correct. I tried resetting it but the reset link never comes to my email. Please help, I need to check my usage details soon.",2026-03-05T06:06:21.356353,Account,Medium,Account
TCK-v1.0-00196,Meera Reddy,+919687833918,"Mere account se Rs.500 ka deduction ho gaya hai aaj, lekin app mein abhi bhi pending dikh raha hai. Shayad koi glitch hai, thoda dekh ke bata dena jab time mile. Dhanyavaad!",2026-04-25T00:11:40.890828,Billing,Low,Finance
TCK-v1.0-00331,Neha Sharma,+919602933334,"Sir/Madam, my internet has been super slow for the last few days, often freezing when I join online classes or video calls for work. I restarted the router, checked cables, even tried a different device but still no improvement. It was fine earlier this month, so something must be wrong. Please look into this ASAP as it's affecting my job and studies.",2026-03-04T03:16:55.782895,Technical,High,Technical
TCK-v1.0-01657,Vikram Desai,+919023253672,"I lodged a refund request for the extra charges on my last bill on 5th June, but till now I see nothing. It's been over two weeks and I keep getting automated replies saying 'processing'. Please sort this out soon, I need the money back. I'm getting frustrated.",2026-03-24T07:32:40.615462+00:00,Refund,High,Refunds
TCK-v1.0-00335,Rahul Kapoor,+919744432830,"Hey, my calls keep dropping after a few minutes when I talk on the network. It's not affecting work much, just annoying when chatting with friends. Can you please look into it? Thanks.",2026-03-17T04:17:04.845491,Technical,Low,Technical
TCK-v1.0-00890,Suresh Mehta,+917053439611,I was checking my latest bill and I see I was charged extra Rs. 500 for data usage that I never used. I think there might be some mistake. Please check and adjust the amount. Thank you.,2026-07-14T20:39:14.689858,Billing,Medium,Finance
TCK-v1.0-01767,Meera Joshi,+919786693465,"I got a new number but my old SIM is still showing as my primary line in the app. I asked customer care to transfer ownership to my brother, but nothing changed. Please sort this out quickly, I'm losing important calls.",2026-06-04T13:39:12.344923+00:00,Account,High,Account
TCK-v1.0-00294,Aarav Patel,+919972151070,"Hey, I tried updating my address on your app yesterday but it keeps saying 'service unavailable'. I need the new address for my new house bills, otherwise my SIM will be deactivated. Also, I still haven't got the welcome SMS for the new plan I switched to. Please fix my account details ASAP, this is really hurting my day.",2026-07-04T22:15:36.014378,Account,High,Account
TCK-v1.0-01144,Ananya Rao,+919783132370,"My internet has been down for the past 5 hours in Sector 12 and I cant even stream anything. Also my prepaid balance shows wrong amount, but the main issue is the network being completely dead.",2026-05-17T10:53:56.077095+00:00,Technical,Critical,Technical
TCK-v1.0-00074,Rohan Joshi,+919865940139,"I am really confused about my latest bill. I am on the 399/month unlimited data plan but the invoice shows ₹699 and includes charges for extra data that I never used. I called earlier and was told it will be corrected, but still same amount. Please fix ASAP, this is affecting my finances.",2026-03-20T16:06:42.604482,Billing,High,Finance
TCK-v1.0-00706,Rohan Kapoor,+919622329716,"Hey, I’ve been trying to use internet on my phone since yesterday evening but the netwrok just drops completely in my area. I even rebooted the router and checked my balance, everything seems fine on my end. Still no data. Could you please look into it? It’s not a total outage, sometimes I get a few bars, but nothing works for browesing or streaming.",2026-04-13T07:32:03.965324,Technical,Medium,Technical
TCK-v1.0-01106,Pooja Patel,+919606071596,"My calls keep dropping every few seconds, even on strong signal. I was on an important work call and the line died. This is unacceptable, please fix ASAP!",2026-03-24T15:50:49.518132+00:00,Technical,Critical,Technical
TCK-v1.0-00095,Priya Joshi,+919721456232,"I am really upset about the latest bill – I was charged Rs. 2500 for data that I never used and an extra Rs. 800 roaming fee that is totally wrong. I have been a loyal customer for 5 years and this is the first time I see such a huge mistake. I tried calling customer care but got disconnected twice and the IVR kept looping, so I couldn’t even get a clarification. Please sort this out ASAP, I can’t afford this extra money. Also, my internet speed has been dropping to 2G in my area for the past week, not sure if it’s related but it’s annoying.",2026-04-01T05:07:37.163957,Billing,Critical,Finance
TCK-v1.0-00662,Rahul Bhat,+917007851586,"Hey, I am facing repeated service failures on my broadband for the last week. Every evening it drops after a few minutes and I have tried restarting the router and even reconecting the cable but nothing seems to fix it. I know there might be some maintenance work, but this is getting quite annoying. Please look into the line and let me know what can be done. Thanks!",2026-04-17T19:30:23.454005,Technical,Medium,Technical
TCK-v1.0-00128,Pooja Mehta,+919847700541,"My broadband has been unbelievably slow since yesterday. Even simple browsing takes ages and video calls keep dropping. I work from home and this is affecting my job badly. Please send someone to fix it urgently, this cannot wait!",2026-03-05T14:08:46.642913,Technical,Critical,Technical
TCK-v1.0-01315,Neha Malhotra,+919750229612,"Hey, I was checking the website and saw some great data packs but they’re not showing up in the app. Can you tell me if there are any new offers for me? Thanks.",2026-03-09T12:00:24.744834+00:00,General,Low,General Support
TCK-v1.0-01092,Sneha Chauhan,+918071159212,"Hey, my 4G data stopped working since this morning. I turned airplane mode on/off, restarted the phone, but still shows 'No internet' even though I have balance. Please fix it soon, it's affecting my work.",2026-06-08T08:49:58.158535+00:00,Technical,Medium,Technical
TCK-v1.0-01520,Pooja Patel,+919606071596,"Hey team, my 4G keeps dropping every few minutes for the past week. I’ve tried rebooting, re‑installing the SIM, even asked neighbours – same issue. It’s really annoying for my work calls but I can manage with Wi‑Fi, so I’m not in panic. Please look into it soon.",2026-03-25T15:23:37.712923+00:00,Technical,Medium,Technical
TCK-v1.0-01096,Sneha Desai,+918052809885,"I just bought a new phone and want to shift my old SIM to it, but the app says the SIM is already linked to another account. I called support, they put me on hold for 30 mins and still no solution. Please fix this ASAP, I need my number on the new phone today!",2026-02-28T00:50:27.120124+00:00,Account,High,Account
TCK-v1.0-00784,Ritu Rao,+919675153663,"Hey, I was checking the app for rechrge options and it's a bit confusing. Can you please list out the plans clearly? Thanks!",2026-04-27T02:35:05.571699,General,Low,General Support
TCK-v1.0-01121,Ananya Desai,+919606537947,"I recently bought a new SIM and want to transfer my old number to it, but the app keeps showing 'ownership verification pending'. Can you please check? It's not urgent, just want it sorted when you have time.",2026-06-19T10:52:03.491278+00:00,Account,Low,Account
TCK-v1.0-00835,Sneha Desai,+919649328980,"I topped up my prepaid account today, Rs.500 got deducted from my bank but the balance still shows zero. Also, when I open the MyPlan app to check my data usage it just keeps loading and never shows anything. Please sort out the recharge issue and maybe look into the app lag as well.",2026-07-16T01:37:04.614263,Billing,Low,Finance
TCK-v1.0-00303,Meera Gupta,+919025250029,"Sir, I noticed that my latest bill shows two charges for the same data pakage on 15th June. I paid the amount already and now I am being asked to pay again. This double charge is affecting my buddget, please sort it out ASAP. I have attached the bill screenshot. Kindly refund the extra amount.",2026-02-18T12:15:51.251959,Billing,High,Finance
TCK-v1.0-01142,Rahul Desai,+919639473121,"I have been trying to send SMS for the past two days and some messages just won't go through, and I also don't receive any texts from my friends. Phone shows 'sent' but they never get it. Not sure if it's network or my SIM. Please check, it's getting annoying but not emergency.",2026-04-24T22:53:46.636450+00:00,Technical,Medium,Technical
TCK-v1.0-01004,Karan Mehta,+919626247317,"Hey, I think you charged me for the premium data plan this month even though I am on the basic 1GB plan. Could you please check and correct it? Not a big rush, just want it fixed soon. Thanks.",2026-03-31T00:43:45.197273+00:00,Billing,Low,Finance
TCK-v1.0-00447,Ananya Joshi,+917079688457,"Yaar, I have been facing very slow internet speed on my broadband for the past 3 days. The connection keeps dropping and even simple browsing takes forever. I pay for 100Mbps but I'm getting like 5-10Mbps. This is affecting my work from home, plz fix it ASAP!",2026-04-01T09:21:49.056785,Technical,High,Technical
TCK-v1.0-00737,Ananya Sharma,+917052004615,"Sir, my mobile data has been acting weird since yesterday. I turned airplane mode on and off, reset network settings, but still can't load any webpages. The balance shows enough and I didn't exceed any limit. Please check what's wrong.",2026-07-12T03:33:12.287990,Technical,Medium,Technical
TCK-v1.0-01590,Karan Verma,+917066851612,"Hi, I saw some promo on your website about extra data on recharge but when I tried to apply it during top-up it didn't show up. Could you tell me if the offer is still valid or if I missed something? Not urgent, just want clarification.",2026-07-14T12:28:15.103498+00:00,General,Low,General Support
TCK-v1.0-00072,Karan Iyer,+919883242102,"Sir, my 4G data is not working since yesterday evening. I have tried restarting the phone, toggling airplane mode and even recharging but still zero speed. Also noticed my last month bill shows extra Rs.200 which I never used. Please sort this out quickly.",2026-05-30T21:06:39.263475,Technical,High,Technical
TCK-v1.0-00516,Meera Malhotra,+919046954899,"Hello, I'm really frustrated. My broadband connection has been extremely slow for the past few days, sometimes dropping to 0.5 Mbps while I'm trying to attend online meetings. I have tried restarting the router multiple times and even checked the cables, but nothing changes. My bill shows I'm on a high speed plan, yet I can't even load a simple webpage. Please fix this ASAP, it's affecting my work and I'm paying a lot for a service that's not delivered.",2026-05-19T12:24:19.144332,Technical,Critical,Technical
TCK-v1.0-00368,Priya Mehta,+919697829221,"Hey, I have been trying to get internet on my 4G connection for the past 3 days in my area (Sector 12, Noida) and it just keeps dropping or not showing any signal at all. I even rebooted the router and checked the SIM in another phone, but still nothing. Could you please look into it? It's getting really annoying as I need to work from home. Thanks.",2026-05-09T19:18:20.091701,Technical,Medium,Technical
TCK-v1.0-00023,Karan Sharma,+917080500978,"Sir/Madam, I was trying to find the recharge options for my postpaid plan on the app but it's not obvious. Could you please tell me what packs are available and how to choose them? Thanks!",2026-04-04T11:04:37.051620,General,Low,General Support
TCK-v1.0-01264,Pooja Verma,+919708240084,"Hello, I was checking your website for any new plans but couldn't find clear info. Could you please send me the latest offers and any promotional bundles available? No rush, just need the details when convenient. Thanks!",2026-02-21T07:56:56.422701+00:00,General,Low,General Support
TCK-v1.0-01713,Karan Verma,+918041714677,"Hey, my 4G data has been dropping constantly since yesterday, even after restarting my phone. I also tried switching SIM slots but still no speed. Meanwhile, the SMS alerts for my recharge aren't coming, so I'm not sure if my balance is enough. Please fix the data and let me know about the SMS issue. Thanks.",2026-03-02T19:35:46.694276+00:00,Technical,Medium,Technical
TCK-v1.0-01521,Kavya Nair,+919860529751,"Sir/Madam, my 4G data has been down since yesterday evening. I tried restarting, toggling airplane mode, and even reinstalling the SIM app but still no internet. Please look into this soon as I need it for work, but it's not an emergency. Thanks.",2026-04-30T00:23:39.040425+00:00,Technical,Medium,Technical
TCK-v1.0-00334,Sneha Sharma,+917058994417,"I tried loggin in to my accout a few times and now it says it's locked. Not sure if I typed wrong password or the system just got a bit too strict. Can you please unlock it when you get a chance? Not a big rush, just want to use the app again.",2026-08-01T06:17:03.636777,Account,Low,Account
TCK-v1.0-00145,Ritu Sharma,+918089324609,"Hello, I have a quick query about the new data packs. I saw an offer on the website but when I tried to activate it through the app it didn't show up. Can anyone tell me if it's still availble or if I need to wait for it to appear? Thanks!",2026-05-19T09:09:38.605667,General,Low,General Support
TCK-v1.0-01125,Aditya Malhotra,+919706068536,"Hey, my internet keeps dropping randomly throughout the day. Sometimes it works fine for a while then just cuts off, and I have to restart the router. Not a big emergency, but it's annoying when I'm watching videos.",2026-07-28T16:52:40.398362+00:00,Technical,Low,Technical
TCK-v1.0-01002,Isha Gupta,+917029973763,"Hey, I think my network just vanished from my area for the past couple of days. I can’t get any signal, but maybe it’s just a temporary thing? Not a huge deal, just wondering when it’ll be back.",2026-07-25T00:43:43.118396+00:00,Technical,Low,Technical
TCK-v1.0-01007,Karan Sharma,+917080500978,"I topped up Rs.500 on my phone this morning but the balance didn't reflect. I need the money back ASAP because I have an emergency call. Also, my data pack keeps dropping after I switch to 4G, which is annoying.",2026-04-04T22:44:01.088203+00:00,Refund,Critical,Refunds
TCK-v1.0-00441,Aditya Kapoor,+919925699611,"Hello, I have been facing issue with SMS not sending or receving since today morning. Even after rebooting my phone and toggling network mode, messages neither go out nor come in. This is causing big trouble for my work, so please look into it quickly.",2026-07-07T06:21:15.918323,Technical,High,Technical
TCK-v1.0-00130,Isha Mehta,+919907151820,"I paid my monthly bill via netbanking this morning and the amount was deducted from my account, but the portal still shows my previous due. Kindly update the balance soon, it's causing confusion. Thanks.",2026-06-14T18:08:49.163868,Billing,Medium,Finance
TCK-v1.0-01205,Sneha Iyer,+919775255341,"My new SIM card still shows 'No Service' even after 2 days. I tried restartin, reinserted, but network registration fails. This is affecting my work, need it fixed ASAP!",2026-03-15T15:53:16.310635+00:00,Technical,High,Technical
TCK-v1.0-00534,Neha Kapoor,+918077332945,"Mujhe samajh nahi aa raha ki mera data speed free 1GB ke baad kyun throttle ho raha hai – aapke FAQ me bilkul clearly likha nahi hai. Kaam ke liye internet bahut jaroori hai aur is confusion ke kaaran bahut pareshani ho rahi hai. Kripya jaldi se jawab den, yeh matter meri daily work ko affect kar raha hai.",2026-05-09T11:25:08.792063,General,High,General Support
TCK-v1.0-01306,Aditya Mehta,+919990847007,"Sir, I noticed my latest bill has an extra charge for a data plan I never subscribed to. It’s just a small amount but I’d like it corrected. Please check and adjust the invoice. Thanks.",2026-05-07T22:59:38.869805+00:00,Billing,Low,Finance
TCK-v1.0-01456,Rahul Joshi,+919087769453,"Hey, my 4G data has been down since morning on my iPhone 13. I tried restarting, toggling airplane mode, even reinserted the SIM, but still zero speed. I'm stuck without internet for work, please fix ASAP!",2026-07-27T19:20:03.754898+00:00,Technical,High,Technical
TCK-v1.0-00628,Manoj Joshi,+919871401401,"I got a new SIM today but my phone still shows no network. I've tried restarting, re‑inserting the SIM and even moving to different spots, but it still says 'No Service' and I cannot make any calls. This is really impacting my job as I need to be reachable 24/7. Please look into this ASAP, it's critical!",2026-07-16T21:28:58.969159,Technical,Critical,Technical
TCK-v1.0-00908,Vikram Sharma,+919903662543,"I topped up my prepaid number on 12th June but the amount is still not reflected and I was told I would get a refund for the failed transaction. Still waiting for it and it's affecting my balance. Also, my data pack keeps dropping after a few minutes, not sure if related. Please check and get the money back soon.",2026-02-23T04:39:58.753172,Refund,Medium,Refunds
TCK-v1.0-01063,Aditya Rao,+919834824771,"Hey, my mobile data has been glitchy for the past two days. It keeps dropping every few minutes, but I can still make calls. Not urgent, just need it fixed soon.",2026-08-10T07:48:23.657911+00:00,Technical,Low,Technical
TCK-v1.0-01780,Aditya Gupta,+918099305616,"I topped up my wallet yesterday but the amount is still missing, and I got a text saying the payment was reversed. Still can't use data and I'm worried it'll affect my bill. Please sort this out quickly.",2026-06-14T10:40:09.863550+00:00,Refund,High,Refunds
TCK-v1.0-00451,Rohan Iyer,+918038944846,"I cancelled my prepaid plan last week and was told I'd get the amount back within 3-5 working days. It's been 10 days now and still no money in my account. I'm checking my bank and it's not there. Please look into this urgently, otherwise I may have to switch providers.",2026-06-30T14:21:55.239805,Refund,High,Refunds
TCK-v1.0-01526,Pooja Mehta,+919847700541,"Hello, I noticed my latest bill has charged me for a 2GB data plan even though I switched to the 500MB plan last week. The extra Rs.150 seems wrong. Please check and adjust. Thanks.",2026-03-07T01:23:48.514944+00:00,Billing,Medium,Finance
TCK-v1.0-00188,Isha Chauhan,+918034540193,"I recently got a new phone and tried to shift my old SIM to the new number, but the app still shows the previous owner. I called support and was told it may take a couple of days, but nothing has changed yet. Not a huge emergency, just hoping you can sort it when possible.",2026-04-02T17:11:05.050807,Account,Low,Account
TCK-v1.0-01111,Meera Reddy,+919052717744,"I canceld my prepaid plan last week and was told the money would be credited within 3 days. Still no refund and my account still shows the same balance. Please sort this out fast, it's getting urgent.",2026-03-20T02:51:01.198576+00:00,Refund,High,Refunds
TCK-v1.0-01606,Sanjay Rao,+917056624628,"I topped up Rs.500 through Paytm two hours ago but my balance still shows zero. The app also keeps crashing when I try to check my data usage. Please fix the recharge asap, I'm about to lose my internet for work!",2026-04-19T20:29:21.035229+00:00,Billing,High,Finance
TCK-v1.0-01342,Aditya Joshi,+919810432898,"Hey, I just got my new sim and after a few tries it's still not registering on the network. Calls drop, data never works. I've rebooted the phone, reinserted the sim, even tried another device, but same thing. This is affecting my work, need it fixed asap.",2026-05-02T09:02:18.161514+00:00,Technical,High,Technical
TCK-v1.0-00694,Aditya Verma,+919026016459,"Sir/Madam, I tried to update my address and email on your portal but it keeps showing error code 502. I even called support and they told me to wait 48 hrs, but still nothing changed. Meanwhile my data speed has become slow after the last recharge, maybe unrelated but frustrating. Please fix my profile ASAP, I’m moving next week and can’t get my new SIM activated with wrong address. Also, I noticed a small extra charge on my last bill – not sure if it’s linked, but please look into that too.",2026-04-22T19:31:34.688038,Account,High,Account
TCK-v1.0-01868,Arjun Gupta,+919762475107,"Hey, I'm trying to find the best recharge option for my postpaid plan but the app keeps showing weird bundles and some of them disappear after I select them. Can someone explain which pack I should actually go for? It's confusing and I need to recharge soon.",2026-03-12T17:25:47.396538+00:00,General,Medium,General Support
TCK-v1.0-00885,Sanjay Sharma,+919732609310,"Hey, I raised a refund request about the extra charge on my last bill, but it's still pending after a week. I called the helpline, they said it'll be processed soon, yet no money has come back. This is really affecting my plans, so pls look into it quickly.",2026-05-12T03:39:01.092356,Refund,High,Refunds
TCK-v1.0-01248,Aarav Reddy,+919766889373,"Hey, I tried to recharge my prepaid number today but the amount got deducted from my bank, yet the balance didn't update. Can you please check and credit the recharge? It's not urgent, just want it sorted when you get a chance.",2026-06-09T22:56:09.509368+00:00,Billing,Low,Finance
TCK-v1.0-00903,Ananya Malhotra,+919969312163,I topped up my prepaid number yesterday but the 199 rupees is still not showing. I got a failed SMS and my balance is unchanged. I need the recharge to work today because I have an urgent call. Please fix this and refund the amount ASAP!,2026-04-22T20:39:52.002930,Billing,High,Refunds
TCK-v1.0-01396,Pooja Patel,+917010883982,"Hey, my new SIM just arrived but it never registers on the network even after 3 days of trying. I keep getting 'no service' and cannot make calls. Also, the welcome SMS said I would get 100MB data, but I see zero balance. Please fix the network issue ASAP, I have work calls pending. Thanks",2026-07-07T02:05:53.228760+00:00,Technical,High,Technical
TCK-v1.0-00033,Sneha Reddy,+919086923226,"Sir/Madam, I was trying to check the new data+talk plans on your app but it keeps showing the old ones. Can you tell me what's the current combo for 2GB data? Also, I noticed my last SMS didn't go through yesterday, though I have balance. Not a big emergency, just need the correct info.",2026-08-11T11:05:20.068189,General,Low,General Support
TCK-v1.0-01945,Karan Kapoor,+918090053293,"Hey team, I noticed my latest bill shows I'm on the premimum plan but I'm actually on the basic one. The amount is a bit higher than expected. Can you check and adjust if needed? Not a huge rush, just want it right. Thanks.",2026-08-01T18:30:03.538341+00:00,Billing,Low,Refunds
TCK-v1.0-00002,Aarav Patel,+919938908386,"Hey, my internet has been crawling for the past few days. I usually get around 15Mbps but now it's stuck at 2-3Mbps even after resetting the router. I tried contacting support but got the same generic steps, still no improvement. Could you please check if there's any issue on my line? It's affecting my work from home, but not a total outage.",2026-06-22T02:04:11.759647,Technical,Medium,Technical
TCK-v1.0-00693,Aditya Kapoor,+918094549180,"Sir, since yesterday my 4G data is completely down in the Mohali area. I tried restarting the phone, toggling airplane mode and even swapping the SIM, but still no network. This is affecting my work, please look into it soon.",2026-07-18T17:31:33.421090,Technical,Medium,Technical
TCK-v1.0-01297,Rahul Joshi,+919651370985,"Hey, my 4G data suddenly stopped working since this morning. I tried restarting the phone, toggling airplane mode, even re‑inserting the SIM but still only shows 'No internet'. I need it for work, so please sort it out quickly. Not sure if it's a network issue or my plan.",2026-03-15T04:59:26.181394+00:00,Technical,High,Technical
TCK-v1.0-01973,Aditya Chauhan,+917089255466,"Hey, my data seems off. I try to open WhatsApp and it just says connecting but never loads. I haven’t changed any settings, maybe it’s a network glitch? Could you please check when you get a chance?",2026-05-24T14:31:40.019878+00:00,Technical,Low,Technical
TCK-v1.0-00661,Sanjay Rao,+918036321234,"Sir/Madam, I noticed that ₹500 was deducted from my bank for the latest recharge but when I opened my bill it still shows zero for that amount. Could be a system lag, but I'd appreciate it if you could verify and update my bill. Thanks.",2026-04-27T03:30:20.341472,Billing,Low,Finance
TCK-v1.0-00147,Sanjay Bhat,+919606540515,"I tried to recharge my prepaid number via the app today, but the amount got deducted from my bank and my balance still shows zero. The transaction status says failed. Please check and credit my account soon.",2026-06-16T17:09:42.190921,Billing,Medium,Finance
TCK-v1.0-00770,Neha Verma,+919942583230,"Hi team, I saw that my recent invoice has charges for a 1GB data pack while my actual plan is the 500MB unlimited talk one. Not a huge issue but could you please sort it out and adjust the bill? Thanks!",2026-07-03T08:34:37.888195,Billing,Low,Finance
TCK-v1.0-00511,Rahul Joshi,+918083022050,"Sir/Madam, my 4G data suddenly stopped working today. I tried restarting, toggling airplane mode and even resetting network settings but still zero bars and no internet. I need it for an important video conference in 2 hours, so please fix this ASAP!",2026-07-11T15:24:11.487953,Technical,Critical,Technical
TCK-v1.0-01124,Manoj Bhat,+919841247826,"I have been trying to login to my MyAccount portal for the past 2 hours, but it keeps saying 'invalid credentials' even though I'm sure I'm entering the right password. I need to check my data usage ASAP. Please fix this now!",2026-07-25T20:52:37.597790+00:00,Account,High,Account
TCK-v1.0-01079,Priya Joshi,+919721456232,"I tried to top‑up my prepaid number this morning but the app said payment failed and money is still deducted. I need the refund ASAP, my balance is zero now. Also, my data pack that should have auto‑renewed didn't activate even after I cleared the cache. Please sort the refund quickly and let me know when the data will work.",2026-04-01T16:49:29.870329+00:00,Refund,High,Refunds
TCK-v1.0-00057,Aarav Bhat,+919671657262,"My phone keeps dropping calls every few minutes, even when I'm on an important client call. I have tried restarting, resetting network settings and even switching SIM slots but nothing works. This is affecting my business and I need it fixed ASAP! Also, I noticed my last bill has an extra Rs. 500 charge that I don't understand. Please look into both issues.",2026-04-05T20:06:22.403545,Technical,Critical,Technical
TCK-v1.0-01323,Divya Iyer,+917068164535,"Hey, I just checked my latest bill and it shows I’m on the 299 plan but I’m being charged 399 this month. I never upgraded my plan, and the extra Rs100 is a big surprise. Can you please sort this out quickly? I need the correct amount reflected, otherwise I’ll have to consider switching.",2026-07-06T10:00:53.223012+00:00,Billing,High,Finance
TCK-v1.0-01714,Rohan Kapoor,+917062565270,"I need my registered address and email changed ASAP! My SIM is tied to my old info and I'm facing service block. I already tried online but it keeps rejecting. Please fix it immediately, this is affecting my work. I can't wait any longer!",2026-06-12T13:35:52.292196+00:00,Account,Critical,Account
TCK-v1.0-01377,Manoj Bhat,+917087947055,"Hey, can you tell me what recharge plans are available for a 2GB data pack? Also, I tried calling your helpline yesterday and got a busy tone, not sure if the line is down. Just need the info, not urgent.",2026-02-27T09:04:31.144809+00:00,General,Low,General Support
TCK-v1.0-00997,Vikram Reddy,+919028809570,"Hi, I was looking at the new plans on your website and I'm a bit confused about the data limits and call minutes. Could you tell me which plan is best for a family of four? I haven't changed anything yet, just want some clarification. Thanks!",2026-07-20T16:43:31.120436+00:00,General,Low,General Support
TCK-v1.0-01178,Suresh Sharma,+919753017426,"I topped up my prepaid account yesterday, Rs.500 was deducted from my bank but the balance is still showing zero. I checked the app and it says pending, but it's been 4 hours. Can you please look into it? I need the credit soon for my work calls.",2026-02-23T11:55:57.593158+00:00,Billing,Medium,Finance
TCK-v1.0-00218,Vikram Sharma,+919987509977,"Hey team, I tried to top‑up my prepaid number yesterday but the payment got stuck and the amount is still showing as deducted in my bank. I haven't received the recharge yet, so could you please check and refund it when you can? No rush, just want it sorted.",2026-08-13T16:12:32.893214,Refund,Low,Refunds
TCK-v1.0-01358,Aditya Patel,+919055188442,"I was checking my latest bill and saw I was charged twice for the same data pack this month. I called support but they said it's fine. This duplicate charge is affecting my budget, please sort it out ASAP.",2026-02-19T16:03:23.306477+00:00,Billing,High,Finance
TCK-v1.0-00695,Aditya Joshi,+919045232194,"Yaar, I tried logging into my account many times today and after a few wrong passwords it got lockd. Now I cant see my plan details or recharge and I need it urgently for work. Please unlock it ASAP, I’m really stuck and need my data balance for an important call. Plz sort this out quickly!",2026-02-26T13:31:36.127758,Account,High,Account
TCK-v1.0-00901,Divya Reddy,+919739627365,"Hey, my broadband speed has been super slow these last few days, like only 2-3Mbps even though I'm paying for 100Mbps. Streaming videos keep buffering and video calls drop all the time. I've tried restarting the router many times but nothing changes. Please fix this asap, it's affecting my work from home.",2026-07-11T01:39:49.322002,Technical,High,Technical
TCK-v1.0-01730,Manoj Sharma,+919007229034,"Hey, my 4G data just stopped working since yesterday. I tried toggling airplane mode, restarting the phone, even reinstalling the SIM, but still zero speed. This is ruining my work calls and I'm stuck. Please fix ASAP!",2026-03-16T18:36:55.852522+00:00,Technical,Critical,Technical
TCK-v1.0-01845,Suresh Nair,+919002654235,"Hey, my 4G data suddenly stopped working since this morning. I tried toggling airplane mode, restarting the phone, even reinstalling the SIM, but nothing. I'm stuck without internet for work and can't afford to lose clients. Please fix this ASAP, it's really affecting my business.",2026-07-24T09:24:35.563233+00:00,Technical,Critical,Technical
TCK-v1.0-00150,Manoj Iyer,+919087403450,"Hello, I requested a refund for the extra charge on my bill on 12th June and it's been more than a week now with nothing credited yet. I'm not sure if there's a glitch on your side, but could you please check and let me know when I can expect the amount? Thanks.",2026-03-03T06:09:45.844117,Refund,Medium,Finance
TCK-v1.0-00449,Neha Chauhan,+917007740649,"My new SIM card still shows no service even after 3 days. I cant make calls, internet not working and it's ruining my work. Please fix it immediately!",2026-06-19T16:21:51.192752,Technical,Critical,Technical
TCK-v1.0-00574,Manoj Chauhan,+918082931027,"Sir, my 4G signal is almost zero in our colony even though I have a 5G plan. Calls drop after a few seconds and I couldn't even send an SOS when my wife was sick. On top of that, I noticed my last bill still shows a data usage of 5GB while I barely used anything this month. Please fix the network ASAP, this is affecting my work!",2026-03-03T16:26:50.789555,Technical,Critical,Technical
TCK-v1.0-00429,Ananya Desai,+918037333433,"I am getting really fed up, my calls keep dropping every few minutes on my 4G network, especially when I'm on WhatsApp calls. It started after the recent network upgrade. I tried restarting my phone and even re‑inserted the SIM, but no luck. Also, I haven't seen my latest bill in the app – not sure if that's related or just me being slow. Please look into this soon.",2026-06-27T09:20:57.372941,Technical,Medium,Technical
TCK-v1.0-00027,Sneha Patel,+917038425135,"I tried logging into my MyJio app for the past hour, but after three wrong PIN entries my account got locked. Now I can't check my balance or recharge, which is urgent because my data pack expires today. Also, I noticed that my last bill shows an extra Rs. 150 charge that I don't recall any usage for. Please unlock my account ASAP and clarify the extra charge.",2026-06-06T11:05:13.287766,Account,High,Technical
TCK-v1.0-01871,Sneha Desai,+917024493534,"I was billed twice for this month’s postpaid plan and the extra ₹500 still shows as unpaid. Meanwhile, my data pack reset yesterday and I couldn’t use any 4G even though I paid for it. Please fix the duplicate charge asap, I can’t afford this extra fee.",2026-04-11T20:26:10.611731+00:00,Billing,High,Finance
TCK-v1.0-00758,Rohan Sharma,+919865120704,"Hello ji, can u tell me what recharge packs i can use? The app keeps showing weird combos and I’m not sure which one fits my data needs. Also, i topped up on 12th but the amount got deducted and the recharge never went through – still waiting for that refund. Please sort this out asap.",2026-03-13T20:34:00.652418,General,Medium,Refunds
TCK-v1.0-01841,Ananya Joshi,+917046804436,"Hey, I got a new sim last week and sometimes it shows ""no network"" even though I’m in the city. I tried restarting, reseating the sim, but it still flips on and off. Not a big emergency, but it’s annoying when I need to check WhatsApp. Can someone look into it when possible? Thanks.",2026-03-23T10:35:12.989125+00:00,Technical,Low,Technical
TCK-v1.0-01591,Arjun Malhotra,+919904637454,"Hey team, I keep seeing ads about new data packs but cant find any details on your website. Can you tell me what offers are currently available? Thanks.",2026-03-22T04:28:16.539246+00:00,General,Low,General Support
TCK-v1.0-00422,Priya Reddy,+919902146566,I cancelled my postpaid plan on 10th July and was told I'd get the refund in about a week. It's now been more than ten days and nothing has come through yet. Can u please look into it and process the amount? Thanks.,2026-03-20T10:20:46.974170,Refund,Low,Refunds
TCK-v1.0-01812,Sanjay Joshi,+919684801845,"I topped up my prepaid number yesterday but the amount got deducted and I still have zero balance. I tried contacting support but got no response. Please process the refund asap, it's been 2 days now.",2026-07-21T20:33:54.778950+00:00,Refund,Medium,Refunds
TCK-v1.0-01293,Divya Joshi,+919053394210,"Hey, I just got my new SIM and tried to use data, but it keeps saying 'No network' even after restarting my phone. I also saw a weird message about registration failing. Not sure if it's a SIM problem or my plan. Please help sort this out soon.",2026-05-30T21:59:13.826051+00:00,Technical,Medium,Technical
TCK-v1.0-01896,Sneha Joshi,+919974529912,"Hello, I was checking the new plan you advertised and I'm a bit confused. The brochure says unlimited calls and 1.5GB data, but the website shows 1GB. Can someone clarify what I actually get and if there are any hidden charges? I need to decide soon.",2026-06-01T08:27:21.425217+00:00,General,Medium,General Support
TCK-v1.0-00433,Manoj Chauhan,+919700369155,"Sir/Madam, can u pls tell me what new offers are available for postpaid customers? I am thinking of upgrading my plan but want to know the current promos. Thanks!",2026-03-14T08:21:02.372139,General,Medium,General Support
TCK-v1.0-01395,Meera Reddy,+919687833918,"I was checking my latest bill and it shows two charges of Rs. 399 for the same data pack. I think there is a mistake, but I'm not sure why it's happening. Could you please look into it and adjust the amount? Thanks",2026-04-25T20:05:51.154734+00:00,Billing,Medium,Finance
TCK-v1.0-00138,Divya Nair,+919073597746,"Hello, I tried to top‑up my prepaid number yesterday and the amount got deducted from my bank but my balance still shows zero. I checked the app and it says ‘transaction failed’, still the money is gone. Could you please process a refund? Also, I was expecting the OTP for my new SIM activation but never got it, maybe you can look into that too. Thanks.",2026-04-11T00:09:28.304916,Refund,Low,Refunds
TCK-v1.0-00796,Neha Kapoor,+919837681511,"I tried to top up my prepaid number on your app yesterday, but the amount got deducted from my bank and the recharge never went through. I checked the app and it still shows balance unchanged. Can you please look into this and refund the amount? It's a bit frustrating but I hope it can be sorted soon.",2026-04-10T06:35:41.666861,Refund,Medium,Refunds
TCK-v1.0-01943,Sneha Bhat,+919696405377,"Hey, my SMS not sending or receiving since morning. Tried restarting phone, checking network, nothing works. I need to send urgent OTP for bank, it's causing huge trouble. Please fix asap!",2026-06-20T00:30:00.875854+00:00,Technical,High,Technical
TCK-v1.0-00436,Divya Bhat,+919843866322,"Hi, I was checking my March invoice and it shows I was billed for the premium plan even though I'm on the basic 2GB plan. Can you please fix it? No hurry, thanks!",2026-04-18T16:21:07.458655,Billing,Low,Finance
TCK-v1.0-00786,Kavya Kapoor,+919068459090,"Bhai, I just saw that my name and address on my account are totally wrong. I tried to correct it on the app but it still shows the old info. This is messing up my bills and I can’t even get the new SIM activated. Please sort it out right now, I'm really upset and need it fixed ASAP!",2026-07-13T12:35:11.587606,Account,Critical,Account
TCK-v1.0-01482,Ritu Rao,+917067533963,"I topped up my prepaid account yesterday, Rs.500 was deducted from my bank, but the balance still shows zero. I checked the app and it still says no credit. Can you please look into it? I need the service soon.",2026-05-06T02:21:17.226604+00:00,Billing,Medium,Finance
TCK-v1.0-01036,Aditya Reddy,+919764641708,"Hey, my internet keeps dropping every few minutes, sometimes I get no signal at all. I've tried restarting the router and checking my bill, everything seems fine there. Can you please look into it? It's getting annoying, but not a total emergency.",2026-08-04T16:46:01.517308+00:00,Technical,Medium,Technical
TCK-v1.0-01815,Neha Gupta,+919839117182,"Hey, I just checked my latest bill and it shows I was charged for the 1GB data plan, but I never upgraded – I’m still on the 500MB pack. Please correct it, I don’t want to overpay. Thanks.",2026-07-17T08:33:58.128207+00:00,Billing,Medium,Finance
TCK-v1.0-01273,Rohan Joshi,+919865940139,"Hey, my 4G data just stopped working since this morning even after restarting phone. I also tried switching SIM slots but no luck. Meanwhile my last bill shows an extra Rs.200 charge I don't recognize. Please fix the data issue soon; I need it for work. Thanks.",2026-03-21T11:57:35.182170+00:00,Technical,Medium,Technical
TCK-v1.0-00821,Isha Kapoor,+918050663370,"Hi, I wanted to know what recharge options are available for my prepaid plan. Are there any combo packs or special offers for data+talktime? Please let me know. Thanks",2026-05-16T20:36:43.973006,General,Low,General Support
TCK-v1.0-01828,Sneha Patel,+917038425135,"I made a payment of Rs. 1500 yesterday and was told it would be reversed immediately, but still see it pending. This is causing me a lot of trouble, please fix ASAP. I need the amount back today.",2026-06-08T00:34:35.974664+00:00,Refund,High,Refunds
TCK-v1.0-TOPUP-00019,Neha Reddy,+919832130204,"Hi, I was checking the new data packs on your portal and saw an attractive 500MB extra offer, but the page says it’s only for postpaid users. Also, my last bill still shows a small charge for an SMS bundle I never used. Could you clarify the eligibility and adjust the bill? Thanks.",2026-04-29T02:24:38.977279+00:00,General,Medium,Finance
TCK-v1.0-TOPUP-00033,Suresh Kapoor,+918039046387,"Hey, I was checking your website and saw some 199/199+ offers. Could you tell me if these are still active for my current plan? I haven't seen any update in the app. Just want to know before I decide to upgrade. Thanks.",2026-04-08T02:29:08.255723+00:00,General,Low,Finance
TCK-v1.0-01755,Aditya Verma,+917065902771,"I was checking the latest data pack offers on your app, but the page keeps loading forever. Also, I tried to redeem a promo code I got from a friend but it says invalid, though I entered it exactly. Can you tell me what offers are currently available? Thanks.",2026-05-05T13:38:31.662768+00:00,General,Medium,General Support
TCK-v1.0-01509,Sneha Reddy,+919654527111,"Hey, my SMS aren't going out or coming in since yesterday. I tried restarting my phone, checking network, but still nothing. It's affecting my work as I need to send important messages to clients. Please fix this asap, I'm really stuck.",2026-07-26T14:23:04.039214+00:00,Technical,High,Technical
TCK-v1.0-00994,Divya Verma,+917071012269,"Hey, I saw the amount got deducted from my bank for my monthly bill, but the app still shows my balance as unpaid. Not sure if it's a glitch or something. Can you check? Thanks",2026-08-01T15:43:25.518063+00:00,Billing,Low,Finance
TCK-v1.0-00330,Isha Joshi,+919627985524,"Hello, my network keeps dropping randomly, especially after I move a few steps inside my house. Yesterday I tried to video call my sister and the call cut off within seconds. I also see 'No Service' on my phone even though I'm standing right next to the router. Could you check if there's any outage or if my SIM needs resetting? This is really affecting my work.",2026-02-22T14:16:54.492097,Technical,High,Technical
TCK-v1.0-00504,Neha Joshi,+919882771812,"I recently got a new sim yaar and after putting it in my phone it just says 'No network' all the time. I tried restarting, re‑inserting and even moving to another spot but the registation still doesn't happen. Not a big emergency cause I can use Wi‑Fi, but please check why the network isn't registering.",2026-03-20T18:24:00.337829,Technical,Low,Technical
TCK-v1.0-00514,Arjun Reddy,+919616814721,"I got a new SIM card a couple of days ago but my phone still shows ""No Service"" even after rebooting it. I even tried putting the SIM in another handset and same thing – no network registration. Please help fix this, it’s been bothering me for 2 days. Thanks!",2026-02-21T08:24:14.846539,Technical,Medium,Technical
TCK-v1.0-00328,Manoj Iyer,+919989023303,"Hey team, I cancelled my prepaid plan about two weeks ago and was told I'd get the Rs. 500 refund in 5‑7 days. Still haven’t seen it in my bank account. I understand these things take time, but could you please check it for me? Thanks.",2026-08-09T02:16:52.030047,Refund,Low,Refunds
TCK-v1.0-00009,Aditya Verma,+919723884969,"Bhai, I just checked my latest bill and it shows a charge for a 5GB plan even though I'm on a 2GB one. Can you please fix the extra amount? It's not super urgent, just want it corrected when you get a chance.",2026-05-07T05:04:20.708987,Billing,Low,Finance
TCK-v1.0-00611,Pooja Patel,+919709398343,"Hey, I got a new SIM card but it still shows ""No Service"" after two days. I tried restarting my phone and re‑inserting the SIM but the network regisration just won’t work. I’m missing important calls, please fix this ASAP!",2026-08-12T14:28:14.369416,Technical,High,Technical
TCK-v1.0-00882,Divya Sharma,+918056906744,"Sir/Ma'am, I have been facing internet drops for the past week, especially every evening around 7-9 pm my connection just cuts off. I have reset the router many times but nothing changes. Please look into this as it’s affecting my work from home. Thanks.",2026-04-15T14:38:57.289540,Technical,Medium,Technical
TCK-v1.0-00840,Rohan Reddy,+918093195256,"I cancelled my prepaid pack on 12th June and was told the Rs.500 would be credited back within 7 days. It is now two weeks later and I still see no refund. My account is low on balance and I need that money urgently for my kid's school fees. I called support twice, got different promises and now I'm really frustrated. Please sort this out today, otherwise I will have to raise a formal complaint.",2026-03-22T17:37:19.452044,Refund,Critical,Finance
TCK-v1.0-01432,Arjun Rao,+919634216073,"Hey, I just got my latest billi and it shows I'm on the 299₹ plan but I'm being charged 499₹ this month. I never upgraded. Please sort this out soon, it's affecting my budget.",2026-06-28T13:18:20.808751+00:00,Billing,High,Finance
TCK-v1.0-00305,Ananya Desai,+919675289539,"Hello, I just noticed that my name is spelled wrong in my account details – it shows ""Sanjay Kumar"" instead of ""Sanjay Kumar Singh"". I updated it last month but it still shows the old version. Also, I think the email I gave (sanjay.k@gmail.com) is not getting promotional messages, maybe because of the typo. Not a big deal, just want it corrected when you have time. Thanks.",2026-07-04T04:15:54.491913,Account,Low,Account
TCK-v1.0-01183,Kavya Chauhan,+917008740640,"Sir, my network signal drops to 0 bars every evening after 7pm, even in my own house. I also sometimes don't get OTPs on my phone, which is annoying. I tried restarting but no help. Please check the tower near my area. Thanks",2026-06-23T09:56:16.245639+00:00,Technical,Medium,Technical
TCK-v1.0-01628,Aditya Mehta,+917086101581,"I tried to recharge my prepaid number this morning but the payment got stuck. Money was deducted from my bank but my balance still shows zero. I've been waiting for hours and can't use data for work. Please fix this ASAP, I need the service now!",2026-03-19T08:30:50.495813+00:00,Billing,High,Finance
TCK-v1.0-01592,Suresh Sharma,+919753017426,"I tried loggin in many times and now my account is locked. Even after resetting the password it still says wrong attempts. Need it unlocked asap, I'm missing important messages. Please help quickly.",2026-02-24T11:28:17.340119+00:00,Account,High,Account
TCK-v1.0-00593,Aditya Chauhan,+919918063254,"I have been seeing two same amount charges on my latest bill, like Rs. 599 twice for this month. I called support and they said they will look into it, but I haven’t got any update yet. Also, my 4G data speed has been really slow these days, which is annoying. Please sort the duplicate billing soon, I need the refund. Thanks",2026-06-16T20:27:24.767503,Billing,Medium,Finance
TCK-v1.0-00874,Neha Nair,+919644309634,"Hi, I was looking at the new postpaid plans on your site and got a bit confused about the data rollover and night call benefits. Can you pls tell me which plan is best for a family of four? Thanks!",2026-03-06T00:38:47.646235,General,Low,General Support
TCK-v1.0-01823,Ananya Iyer,+919864746872,"Sir, my phone shows no signal for hours in my area even though neighbours get 4G. I try restarting, but still just 'no network' and calls drop. It's affecting my work, please check the tower or fix it soon.",2026-07-01T20:34:12.094882+00:00,Technical,High,Technical
TCK-v1.0-01962,Neha Sharma,+919969003432,"I tried logging into my account portal but it just keeps loading, maybe the site is down. Also I noticed my data usage shows extra 200MB which I think is a mistake, but not urgent.",2026-06-15T02:30:54.728940+00:00,Account,Low,Account
TCK-v1.0-01286,Sanjay Kapoor,+919858657809,"Hey, my SMS not going out and I can't receive any texts either. It's been like 3 hours and I need them for work. Please fix ASAP, this is really affecting me!",2026-08-01T04:58:31.145292+00:00,Technical,High,Technical
TCK-v1.0-00902,Rohan Chauhan,+919972239724,"Hello, I got a new sim yesterday but my phone keeps showing 'No Service' even after restarting several times. I tried inserting it in another phone and same thing, so I think it's a registration problem. Also, I noticed my last bill had a charge for an extra data pack I never bought, could someone check that? Please help.",2026-08-12T07:39:50.528170,Technical,Medium,Technical
TCK-v1.0-01774,Meera Bhat,+919073598933,"Hey, I tried to recharge my prepaid number yesterday but the transaction showed as failed on my bank app, yet the amount was deducted. Please process the refund soon. It's inconvenient but not urgent.",2026-06-04T13:39:52.688104+00:00,Refund,Medium,Refunds
TCK-v1.0-TOPUP-00050,Rahul Iyer,+919702703778,"I asked for a refund of Rs. 1499 for the last month’s bill after I cancelled the plan on 5th June, but it's still not in my account. This is unacceptable; I've called three times and got no update. Please process it immediately or I will raise it higher.",2026-04-14T02:32:27.532256+00:00,Refund,Critical,Finance
TCK-v1.0-00247,Suresh Patel,+919082553714,"I topped up my phone using UPI this morning and the amount got deducted from my bank, but my prepaid balance still shows zero and I can't even browse. I tried restarting the app but nothing changed. Please look into this urgently, it's affecting my work.",2026-02-27T01:13:40.570627,Billing,High,Finance
TCK-v1.0-00810,Rohan Sharma,+919957432630,"I was looking at my latest bill and noticed an extra Rs. 500 charge labelled ""Premium Service"" that I never signed up for. Maybe it's a slip, but could you please check and let me know what’s happening? Thanks.",2026-06-17T17:36:07.008311,Billing,Low,Finance
TCK-v1.0-00883,Kavya Gupta,+917028234143,"Hi, I recently bought a new phone and tried to move my old number to the new SIM. The process seems stuck – I got a confirmation SMS but the new sim still shows “SIM not activated”. I called support, they said it’ll be done in 24 hrs but it’s already 48 hrs. Not super urgent as I can still use my old sim, but I’d like it sorted. Please check.",2026-02-28T03:38:58.530856,Account,Low,Account
TCK-v1.0-01727,Priya Malhotra,+919734578610,"Sir, my calls keep dropping after a few seconds, especially in the evenings. Not a big emergency but it's annoying. Kindly check the network.",2026-06-18T16:36:46.696182+00:00,Technical,Low,Technical
TCK-v1.0-00214,Karan Reddy,+919760932048,"I paid my June bill through UPI on 5th Aug, ₹749 got deducted from my account but the app still shows my bill as unpaid. I tried refreshing and even logged out and in, but nothing changed. Also, I noticed that my data pack got reset to 0GB even though I had bought the 1.5GB add‑on last week. Please check and credit back the amount, and fix the data pack. Thanks.",2026-03-20T22:12:07.782651,Billing,Medium,Finance
TCK-v1.0-01954,Sneha Desai,+918052809885,Hey I tried to recharge my prepaid number last night but the app says payment successful while my balance stayed same. Money got deducted from my bank yet I can't make calls. Also my 4G speed has been really slow these days. Please sort the recharge issue asap; the data slowdown can wait.,2026-03-01T08:30:25.129414+00:00,Billing,Medium,Finance
TCK-v1.0-00538,Isha Iyer,+919853966958,"Sir, my mobile data suddenly stopped working today. I tried turning airplane mode on/off, restarting the phone and even re‑inserting the SIM, but still no internet. I need it for work emails and can't afford to be offline. Please look into this urgently, it's getting really frustrating.",2026-02-21T09:25:17.088645,Technical,High,Technical
TCK-v1.0-01252,Divya Kapoor,+919800330923,"I have been trying to log into my accout for days, but every time I type my password it says invalid. I even tried the reset link but it never comes. Please sort this out soon, it’s getting frustrating.",2026-07-16T20:56:20.712784+00:00,Account,Medium,Account
TCK-v1.0-00258,Arjun Desai,+919749481260,"Hello, I tried to login to my account portal today but it keeps saying 'service unavailable'. I have tried on both phone and laptop, cleared cache, still nothing. Not urgent as I can wait a day, but please check when you can. Thanks.",2026-06-07T20:13:58.604548,Account,Low,Account
TCK-v1.0-00320,Ananya Gupta,+919032061632,"Hey, my phone keeps showing ""no service"" even though I'm at home and neighbours have full network. I tried restarting and re‑inserting the SIM but still nothing. Could be a registration issue or maybe something blocked on my account? Please look into it.",2026-03-18T08:16:38.831465,Technical,Medium,Technical
TCK-v1.0-TOPUP-00016,Isha Desai,+919667707122,I tried to recharge my prepaid using the app but the options shown are limited and some amounts not available. Also the discount codes not working. Can you please add more denominations? It's getting annoying.,2026-07-21T08:24:28.976962+00:00,General,Medium,Finance
TCK-v1.0-00058,Rahul Joshi,+919087769453,I am really confused about my latest bill. I am on the 499/month data plan but the invoice shows 799 and even adds charges for services I never subscribed to. I have been a loyal customer for 3 years and this mismatch is quite annoying. Please check and correct it ASAP.,2026-07-26T08:06:23.562801,Billing,High,Finance
TCK-v1.0-00961,Isha Rao,+919861713665,"Hi team, I saw that my latest bill shows two identical charges of Rs.499 for the same month. Looks like I got double billed. Could you please check and refund the extra amount? I have been using your service for 4 years and this is the first time this happened. Thanks",2026-03-08T02:42:05.570181,Billing,Medium,Finance
TCK-v1.0-00812,Arjun Reddy,+919938033968,"I have been trying to use mobile data on my phone since yesterday but it just shows ‘no internet’ even though I have good signal. I restarted the phone, toggled airplane mode, and even tried the SIM in another phone but still no data. Please check what’s wrong, it’s affecting my work. Thanks.",2026-05-27T11:36:09.460406,Technical,Medium,Technical
TCK-v1.0-TOPUP-00061,Rohan Desai,+919037559147,"Hey, I was trying to understand why my data plan shows extra charges even though I haven't used it beyond the limit. Could you please clarify the policy? I'm a bit confused and would appreciate quick clarification. Thanks.",2026-04-25T01:34:15.045028+00:00,General,Medium,Finance
TCK-v1.0-01971,Meera Joshi,+917067980793,"Hey, my 4G data has been down since yesterday evening. I tried toggling airplane mode, restarting the phone, even re‑inserting SIM but still no internet. It's affecting my work, so please fix ASAP.",2026-05-28T16:31:21.142778+00:00,Technical,High,Technical
TCK-v1.0-01980,Divya Nair,+919073597746,"Hey, my phone is not sending or getting any SMS since yesterday. I tried restarting, re‑inserting SIM, but still nothing. Sometimes I get a 'failed' notice. Can you check? It's not urgent but it's getting annoying.",2026-04-12T19:32:01.279402+00:00,Technical,Medium,Technical
TCK-v1.0-00954,Pooja Bhat,+919089552963,"Sir, my broadband keeps cutting off every few minutes for the past week, I have tried rebooting the router many times but the signal still drops. Also, I saw a small charge for a ""value added service"" on my latest bill that I never used, could you check that too? Thanks.",2026-03-28T04:41:55.811846,Technical,Medium,Technical
TCK-v1.0-01405,Ananya Mehta,+918032764835,"Hey, I just saw my latest bill and it shows I was charged extra for a plan I never upgraded. I’m not sure if it’s a mistake or some hidden fee, but it’s higher than usual and I can’t find any info in the app. Can you check what happened?",2026-08-04T20:16:47.526166+00:00,Billing,Medium,Finance
TCK-v1.0-01560,Kavya Bhat,+917012517785,"Hey, I tried updating my address on the app but it keeps showing old info. I called support and they said it would be fixed in 24 hrs but nothing changed. Please sort this out quickly, it's affecting my bills.",2026-07-17T10:26:12.539614+00:00,Account,Medium,Account
TCK-v1.0-00090,Rohan Joshi,+919069379237,"Mujhe bahut dikkat ho rahi hai, pichle do din se mere broadband ki speed bahut low hai, mera plan 100 Mbps ka hai par speed sirf 5-6 Mbps aati hai. Video call bhi kabhi bhi cut ho jati hai. Router ko theek se restart kar ke dekha, phir bhi koi farak nahi pada. Kripya isko turant theek karein, kyunki kaam bahut pending hai.",2026-03-07T08:07:30.787263,Technical,High,Technical
TCK-v1.0-00894,Rahul Desai,+919940903678,"Sir/Madam, I tried opening the account portal today but it just keeps loading forever. No error message, just blank screen. It's not super urgent as I can call support, but please look into it when you get time. Thanks!",2026-04-08T14:39:23.201417,Account,Low,Account
TCK-v1.0-00557,Divya Kapoor,+919623950410,"Yaar, my calls keep droppin every few seconds even when I'm on a simple chat, it's kaafi annoying and affecting my work. This started this morning and I need it fixed ASAP!",2026-07-06T02:26:08.689263,Technical,High,Technical
TCK-v1.0-00471,Aditya Desai,+918061228685,"I lodged a refund request for the extra data charges about two weeks back, but still nothing has hit my account. Every time I call they say it’s being processed, yet my bank shows no credit. This is getting really frustrating – please sort it out ASAP.",2026-03-02T11:22:28.572196,Refund,High,Refunds
TCK-v1.0-01687,Vikram Rao,+919091212775,I was shocked to see I was charged for a 5GB data pack even though my plan is only 2GB. This extra Rs.199 has been deducted from my account today. Please correct the bill and refund the amount ASAP. I need this fixed quickly.,2026-05-07T00:34:29.905017+00:00,Billing,High,Finance
TCK-v1.0-01462,Ananya Gupta,+919974989413,"Hey, my internet has been down for the past two days in my locality (Sector 5, Gurgaon). I keep getting 'No Service' on my phone and my broadband LED is flashing red. I called support but they said it's fine on their end. Please check the network, it's affecting my work. Need this fixed ASAP.",2026-06-04T20:20:11.425727+00:00,Technical,High,Technical
TCK-v1.0-01196,Karan Malhotra,+919917393638,"I tried to recharge my prepaid number yesterday but the amount got deducted twice from my wallet and the balance still shows zero. I called support and was told they'd check and get back. Please fix this soon, I need data for work. Not happy with the delay.",2026-05-27T18:57:01.170106+00:00,Billing,Medium,Finance
TCK-v1.0-01347,Sneha Rao,+917052058527,"My 4G connection keeps dropping every few minutes, I can't even finish a call. Also, the bill this month shows extra Rs.200 for data I never used. Please fix it ASAP!",2026-02-20T21:02:53.866106+00:00,Technical,Critical,Technical
TCK-v1.0-01750,Isha Reddy,+919900119721,"Hey, I am facing very weak signal on my phone in most parts of my house, especially the bedroom. Calls keep dropping and internet is super slow. I have tried restarting and resetting network settings but nothing helps. Please look into this soon.",2026-04-11T01:38:23.814884+00:00,Technical,Medium,Technical
TCK-v1.0-01651,Isha Iyer,+918077219034,"Hey, my broadband has been super sluggish for the past week – streaming videos buffers every few seconds and video calls freeze. I’m not sure if it’s a line issue or something at your end, but it’s affecting my work. Can someone check the speed and fix it soon?",2026-08-10T19:31:56.453423+00:00,Technical,Medium,Technical
TCK-v1.0-01496,Rahul Joshi,+919651370985,"Hi, I was checking my plan details on the app and it shows some extra services I never opted for. Could you please clarify if these are part of a new bundle or a mistake? I don't need them now, but just want to know what's going on. Thanks.",2026-03-15T20:22:13.349112+00:00,General,Low,General Support
TCK-v1.0-TOPUP-00064,Sneha Mehta,+919966846211,"I recently bought a new phone and tried to transfer my old SIM to it, but the portal keeps saying the SIM is still tied to my previous account. Can someone look into it? It's not urgent, just need it sorted soon.",2026-08-17T20:34:39.045846+00:00,Account,Low,Technical
TCK-v1.0-00541,Priya Patel,+919929022784,"Bhai, I just checked my latest bill and I'm being charged for the 5GB data plan even though I switched to the 2GB plan last week. This extra amount is not ok, please sort it out ASAP, I don't want to pay more than I should.",2026-05-09T21:25:28.287075,Billing,High,Finance
TCK-v1.0-01110,Karan Verma,+917021277997,"Hello, I need to change my address and email linked to my account. The portal won’t let me update the details and it keeps showing an error. Plaese help me fix it soon, I’m moving next week.",2026-02-24T09:50:59.922659+00:00,Account,Medium,Account
TCK-v1.0-00369,Meera Joshi,+919786693465,"Hi, I have a quick question – my data pack seems to get reset every month even though I haven't used it fully, and sometimes my calls drop for no clear reason. Could someone explain how this works?",2026-06-03T02:18:23.383704,General,Low,Technical
TCK-v1.0-00601,Rohan Gupta,+919611624112,"Hey, my sms is not getting delivered. I try to send messages to friends but they never receive them, and I also don't get incoming texts. I have restarted my phone and checked the network, but still same issue. Could you please look into it? It's not urgent as I can use calls, but would be nice to have it fixed.",2026-06-08T13:27:55.352531,Technical,Low,Technical
TCK-v1.0-00086,Aditya Patel,+917070262174,"I tried to top up my prepaid number using my credit card on 12th Aug but the payment got stuck and the amount was deducted from my bank, yet my balance didn't increase. I called the helpline and they said they'd check and get back in 48 hrs. Please process the refund soon, it's causing inconvenience.",2026-05-22T21:07:24.525554,Refund,Medium,Refunds
TCK-v1.0-TOPUP-00060,Sanjay Chauhan,+919603996402,"Hey team, can you please tell me what recharge plans are available for my postpaid number? I tried checking the app but it's confusing. Not a big hurry, just need the info when you get a chance. Thanks!",2026-04-28T18:34:07.845100+00:00,General,Low,Finance
TCK-v1.0-00484,Kavya Iyer,+919753559042,"I checked my latest bill and see I have been charged twice – Rs.1999 instead of the usual Rs.999. This duplicate billing is causing me trouble, please fix it ASAP!",2026-05-19T21:23:08.017984,Billing,High,Finance
TCK-v1.0-01329,Isha Mehta,+919907151820,"Hey, I just got my latest bill and it shows I’m charged for 2GB extra data even though my plan is only 1.5GB. I’ve never used that much. Please fix this ASAP, I don’t want to overpay.",2026-06-15T14:01:10.389382+00:00,Billing,Medium,Finance
TCK-v1.0-00007,Ananya Mehta,+918032764835,"Sir/Madam, I have a weird issue with my SMS – I cant send any msg and incoming texts are not receving at all. Tried restarting, toggling airplane mode and even changing the sim slot but still nothing. This is really hurting my work as I need to stay in touch with clients. Please look into this urgently and fix it ASAP.",2026-08-03T09:04:18.293741,Technical,Critical,Technical
TCK-v1.0-00629,Karan Joshi,+919925012495,"Hello, I am trying to log into my account on the app but it keeps saying 'invalid credentials' even though I am sure I typed the right password. I even tried resetting it but the reset link never arrives. Also, I noticed my data usage shows a few MB extra that I don't remember using. Could you please look into it when you get a chance? It's not urgent, just a bit confusing.",2026-05-19T11:29:00.285887,Account,Low,Account
TCK-v1.0-00878,Neha Reddy,+919628417722,"Hello, my internet connetion has been dropping a lot in our area, especially after evenings. I tried rebooting the router and checking cables but still no stable signal. Please send someone to check, it's getting annoying but not an emergency.",2026-05-18T17:38:52.129809,Technical,Medium,Technical
TCK-v1.0-00106,Priya Verma,+918068117758,"I paid my monthly bill on 5th Aug via net‑banking and got a confirmation, but the amount still shows as pending and I haven’t seen the reversal yet. I called care twice and was told it would be sorted in 3 days – it’s now been a week. Can you please check and credit the money back?",2026-03-19T13:07:51.563401,Refund,Medium,Finance
TCK-v1.0-01251,Aditya Reddy,+919764641708,"Hi, I keep losing internet for hours every evening for the past week. I’ve rebooted the router multiple times but the connection still drops. It's really affecting my work from home. Please look into this soon.",2026-08-05T00:56:18.986241+00:00,Technical,Medium,Technical
TCK-v1.0-01951,Suresh Mehta,+918056984789,"I see that Rs.500 was deducted from my account for the June data pack, but the extra data never showed up in my app. Also, the SMS alert about the charge didn't come, so I was surprised. Please fix the charge and update my balance. This is getting annoying.",2026-05-01T08:30:18.183673+00:00,Billing,High,Finance
TCK-v1.0-00374,Priya Reddy,+919071983863,"Hi team, I was looking at the new 1.5GB plan and the description says 30 days but the fine print mentions 28 days. Can u pls clear this up? I'm not in a rush, just want to know before I switch. Thanks!",2026-04-08T18:18:48.988259,General,Low,General Support
TCK-v1.0-01157,Isha Nair,+917001624565,"My calls keep dropping every few minutes, even on strong signal. I was on an important work call and it cut off again. This is getting really frustrating, please fix it ASAP!",2026-08-06T15:54:50.965943+00:00,Technical,High,Technical
TCK-v1.0-01420,Ananya Iyer,+919864746872,"I just checked my latest bill and there's an extra Rs. 1500 charge I never got. I asked customer care yesterday but they said they need my last 3 months statements which I already emailed. Also, my internet speed has been fluctuating a lot lately. Please sort the bill and let me know what to do about the data issue.",2026-07-01T18:17:53.497292+00:00,Billing,High,Finance
TCK-v1.0-01023,Neha Mehta,+919765648236,"I topped up my prepaid number 10 minutes ago but the amount didn't reflect. I tried calling support and was told the recharge failed, so I need the money back. Please process the refund soon, it's been a while and I can't use my phone.",2026-02-28T15:45:28.288339+00:00,Refund,Medium,Refunds
TCK-v1.0-00549,Suresh Reddy,+919809751971,"I did a recharge using my debit card yesterday and got a success message, but my balance is still showing zero. I checked my bank and the amount was deducted, so I'm stuck with no talktime. Please look into this ASAP, I need to make some important calls. This is quite frustrating.",2026-07-11T17:25:50.396116,Billing,High,Finance
TCK-v1.0-01589,Karan Rao,+919852742054,"I got my March bill and it shows ₹1,200 while I only used 300 minutes, and also my internet speed has been lagging for a week. Please fix the extra charge and let me know if the data issue is related. Thanks.",2026-03-26T06:28:13.659990+00:00,Billing,Medium,Finance
TCK-v1.0-01086,Sneha Kapoor,+919785064317,"Hey, I noticed I was charged twice for this month's data pack – Rs.599 appears two times in my bill. I called support yesterday and they said they'd fix it, but the amount is still there. Please sort this out quickly, I can’t keep paying extra.",2026-07-25T06:49:47.598447+00:00,Billing,High,Finance
TCK-v1.0-00121,Arjun Patel,+919876226838,"I tried logging into my MyJio app today, but after three wrong password attempts my account got locked and now I can't even see my data usage. I also tried the reset link but the OTP never came through. On top of that, there's a random Rs.29 charge on my last bill I don't get. Please unlock my account ASAP, this is really urgent!",2026-03-26T19:08:38.456285,Account,High,Account
TCK-v1.0-00419,Rohan Bhat,+919979611435,I logged into my account to update my address and email but the site just crashes every time I hit save. Now my recent bill went to my old address and I cant get the OTP to verify anything. This is really urgnt – if my contact details stay wrong I will lose service. Please fix this immediately.,2026-07-27T21:20:23.541119,Account,Critical,Technical
TCK-v1.0-00562,Sneha Kapoor,+919653443009,I cancelled my postpaid plan two weeks ago and was promised the refund of Rs.1200 within 5 working days. Still nothing has come through. I checked my bank and there is no credit. Can u please look into this? I understand delays happen but I need the money soon. Thanks.,2026-07-25T15:26:16.510626,Refund,Medium,Refunds
TCK-v1.0-00944,Sanjay Bhat,+919889319925,"I tried to top up my prepaid number yesterday but the payment got stuck. It shows as pending in my bank and my balance didn't change. I guess I can wait a bit, but if you could check and refund the amount when you can, that would be nice. No hurry.",2026-02-27T17:41:21.084395,Refund,Low,Refunds
TCK-v1.0-01696,Pooja Chauhan,+917075985642,"I recently got a new phone and wanted to switch my old SIM to it. The app says the SIM is still linked to my previous number and I can't transfer it. I called support but they said they'd look into it. Still waiting, not sure if it's my fault. Please help sort it out.",2026-08-12T17:34:44.872392+00:00,Account,Low,Account
TCK-v1.0-00220,Kavya Rao,+919911823398,"Namaste, I have been getting really poor signal strength on my connection at home in Delhi for about a week now. Calls get dropped after a few seconds and my internet is painfully slow – even simple web pages take forever to load. I have tried restarting the phone, switching to airplane mode and back, but nothing seems to help. Could you please look into the network issue and get it fixed? Thanks.",2026-06-14T05:12:37.463802,Technical,Medium,Technical
TCK-v1.0-01527,Meera Joshi,+917067980793,"I tried updating my address on the app but it keeps showing the old info. Called support, they said it will be fixed in 48 hrs but nothing changed yet. Please sort it out soon, I need the new address for billing.",2026-05-28T08:23:57.361844+00:00,Account,Medium,Account
TCK-v1.0-01667,Aditya Bhat,+919911219656,"I was billed for a 2GB data plan even though I am on the 500MB plan. Also, my SMS pack hasn't been activated since last week. Please fix the charge and let me know when the pack works. Thanks.",2026-05-30T23:33:16.976312+00:00,Billing,Medium,Finance
TCK-v1.0-00982,Karan Desai,+919817030376,"Hey, my network keeps dropping calls after just a few minutes. I was chatting with my sister and the call cut off mid‑sentence. Sometimes it works fine, other times I can’t even get a dial tone. I’ve tried restarting the phone and even swapping SIMs, but the issue persists. Please check it out soon.",2026-06-30T01:44:19.430417,Technical,Medium,Technical
TCK-v1.0-00093,Suresh Nair,+918040640909,"Hello, I noticed that my latest bill has charged me Rs. 799 for the 1.5GB plan, while I actually switched to the 500MB plan last month. I think the system didn't update my plan correctly. Also, I tried to use the data pack on my new phone and it kept saying 'network not available' for a few minutes, though I could call fine. Could you please correct the charge and let me know if there's anything I need to do for the data issue? Thanks.",2026-04-12T07:07:34.924909,Billing,Low,Finance
TCK-v1.0-00952,Ritu Iyer,+919837157660,"I topped up my number yesterday using my debit card but the amount still hasn't shown up in my balance. I tried calling support and they just said it's a system thing and to wait. This is messing up my data usage and I'm about to run out of credit. Please sort it quickly, I need the recharge to reflect asap.",2026-05-14T09:41:45.122495,Billing,High,Finance
TCK-v1.0-00967,Karan Desai,+919667694591,"Hey, I just got my new sim today and it keeps showing 'No Service' even after I tried re-inserting it and restarting my phone. The network registration OTP never comes through, so I can't even use data. Also, the MyTune app keeps crashing whenever I try to check my balance – it just freezes and closes. Please sort this out soon, it's getting pretty annoying.",2026-03-15T04:42:14.368375,Technical,Medium,Technical
TCK-v1.0-00233,Neha Chauhan,+919015437993,"Hey, I am facing a weird problem with my messages. For the last two days I can send SMS to my friends but they never get it, and I also don't receive any incoming texts. I tried restarting my phone, toggling network and even re‑inserting the SIM but nothing changed. I think maybe it’s a network issue or my phone, but I really need it fixed as I rely on OTPs for work. Please look into this ASAP.",2026-04-22T13:12:57.073338,Technical,High,Technical
TCK-v1.0-01162,Manoj Bhat,+917087947055,"Hey, I tried to top‑up my prepaid balance yesterday but the transaction got stuck and the amount was deducted twice. It finally showed as failed, yet I haven't got my money back. Could you please look into it when you get a chance? Thanks.",2026-02-27T00:55:04.437146+00:00,Refund,Low,Refunds
TCK-v1.0-00690,Kavya Kapoor,+919610857327,"I was shocked to see that I've been charged for the 1GB data plann while I'm actually on the 500MB one. This extra Rs.199 has already been debitd today and I need it fixed ASAP, otherwise I can't pay my other bills. Also, my internet speed has been dropping a lot in the evenings, but that's probably not the main issue. Please look into the billing error and adjust my next bill. Thank you.",2026-04-04T20:31:25.889524,Billing,High,Finance
TCK-v1.0-01035,Suresh Kapoor,+919816272046,"Hey, I noticed I got billed twice for this month’s data pack – Rs 499 appears two times in my statement. I’m sure it’s a mistake, can you please fix it? Also, my caller ID sometimes shows my old number, not a big deal but confusing. Let me know what info you need. Thanks.",2026-05-26T21:45:57.998667+00:00,Billing,Low,Finance
TCK-v1.0-00468,Rohan Sharma,+919971705865,"Hey, my broadband has been super slow these past few days – only about 2-3 Mbps and my video calls keep dropping. I also saw an extra charge for ‘value added services’ on my last bill that I never signed up for. Please look into the speed issue and let me know why that charge appeared.",2026-08-02T21:22:18.633568,Technical,Medium,Technical
TCK-v1.0-01847,Neha Bhat,+918095931034,I just got my latest bill and it's way higher than usual. I was charged Rs. 1500 extra for data I never used. Please check and refund the extra amount ASAP. This is unacceptable.,2026-07-30T04:24:38.202202+00:00,Billing,High,Refunds
TCK-v1.0-01394,Neha Desai,+919845933272,"I just got my latest bill and it's way higher than usual – looks like I was charged for extra data I never used. When I tried calling support they were busy, and the app also shows my last payment not reflected. Please sort this out, I need the correct amount and an explanation. Thanks.",2026-04-23T13:05:49.609241+00:00,Billing,Medium,Finance
TCK-v1.0-01683,Kavya Sharma,+919985050641,"My new SIM hasn't registered on any network since I activated it yesterday. Calls drop instantly and internet is dead. I've tried restarting the phone and re‑inserting the SIM, but nothing works. This is affecting my work, please fix ASAP!",2026-06-27T11:34:19.666725+00:00,Technical,Critical,Technical
TCK-v1.0-00031,Ananya Desai,+919686801128,"I noticed my latest bill has extra Rs.200 charged for a 2GB data plan I never switched to. I usually have the 1GB plan and my last payment was on time. Could you please check why this extra amount appears? I’m not sure if it’s a system glitch or a mistake on my end. Let me know what steps are needed to get it corrected, thanks!",2026-08-08T05:05:17.761735,Billing,Medium,Finance
TCK-v1.0-01371,Manoj Chauhan,+919939500479,"I asked for my prepaid pack refund two weeks ago and still nothing. My balance still shows the charge and I keep getting promos that I can't use. This is really frustrating, I need the money back now or I'll switch provider.",2026-03-03T15:04:17.383539+00:00,Refund,Critical,Refunds
TCK-v1.0-00094,Divya Joshi,+919053394210,"I just logged into my account and the name and address displayed are totally wrong. I tried updating my profile yesterday but it didn't save any of the changes. This is messing up my bills and I need it fixed ASAP, otherwise I might have to look for another provider.",2026-05-30T02:07:36.214116,Account,High,Account
TCK-v1.0-01573,Meera Kapoor,+917012165585,"Hello, I cancelled my prepaid plan on 12th March and was told the Rs.499 would be credited within 7 days, but still nothing is in my wallet. Also, my data balance kept showing 0 even after I topped up yesterday. Please sort the refund fast, I'm waiting and it's affecting my work. Thanks.",2026-07-13T21:27:14.623051+00:00,Refund,High,Refunds
TCK-v1.0-00871,Ritu Desai,+919860930685,"I cancelled my postpaid plan last week and was told I'd get the refund within 5 working days. It's already 10 days now and I still see nothing in my bank. Also I got a weird extra charge on my latest bill, not sure if it's related. Please check and let me know when I can expect the money back.",2026-06-15T17:38:29.812028,Refund,Medium,Refunds
TCK-v1.0-01341,Divya Sharma,+919715220472,"Hey team, I tried to recharge my prepaid number yesterday but the payment got stuck and my bank shows a pending amount. The amount hasn't been added to my balance and I need it back. Can you please look into it and process the refund? Thanks.",2026-02-18T21:02:16.963966+00:00,Refund,Medium,Refunds
TCK-v1.0-01650,Priya Bhat,+919707236887,"Hey, I bought a new phone and asked the shop to transfer my old SIM to my name, but now it's still showing the previous owner's details and I can't even recharge. I called support, they said they'll fix it, but two days later nothing changed. This is really affecting my work, please sort it out ASAP.",2026-05-06T06:31:55.218238+00:00,Account,Critical,Account
TCK-v1.0-01104,Neha Sharma,+919969003432,"Sir, I got charged twice for my last month's postpaid bill, Rs.1200 each, and still haven't received the revised invoice. Also, the broadband speed at my house has been slower than promised, but I think that's a separate thing. Please sort out the duplicate charge soon.",2026-06-13T18:50:46.696148+00:00,Billing,Medium,Finance
TCK-v1.0-01593,Neha Desai,+919845933272,"Hey, I want to know what recharge options are available for my prepaid number. The app only shows a few plans and I think there should be more data packs and talk time choices. Can you please share the full list? Thanks!",2026-04-24T04:28:18.620480+00:00,General,Low,General Support
TCK-v1.0-00547,Aditya Malhotra,+919096927868,"I tried logging into my account portal today but it just keeps showing 'Sorry, something went wrong'. I've cleared cache, tried on my phone and laptop, still no luck. Not sure if it's my side or your system, please look into it soon.",2026-04-24T04:25:48.005033,Account,Medium,Account
TCK-v1.0-01959,Rohan Desai,+917036675254,"Hey, I'm trying to send texts to my family but they never go through, and I also don't get any incoming msgs. Sometimes it works for a few minutes then stops. Restarted phone, checked network, still same. Not sure if it's my SIM or your service. Please look into it soon.",2026-05-27T17:30:51.146056+00:00,Technical,Medium,Technical
TCK-v1.0-00569,Isha Chauhan,+919661830671,"I was checking my latest bill and I see I have been charged twice for the same data pack. This is the second time this month and it's causing trouble with my budget. Please look into it asap, I need this fixed now.",2026-03-24T23:26:33.218236,Billing,High,Finance
TCK-v1.0-00488,Manoj Sharma,+919720439407,"Sir/Madam, I am really fed up with the constant network drops. For the past week my 4G keeps disconnecting every 10-15 mins, calls drop and streaming stops. I have tried restarting, SIM reinsert, even visited the nearest store, but nothing changes. This is affecting my work as I need stable internet for my job. Please fix it asap, I cannot keep paying for a service that doesn't work.",2026-03-03T16:23:11.941469,Technical,Critical,Technical
TCK-v1.0-01794,Neha Chauhan,+917012914283,"I checked my latest bill and I'm being charged Rs.1200 for a 499 plan. This is clearly a mistake and I need it fixed ASAP, otherwise I can't pay. Please correct the amount and refund the extra charge. This is urgent.",2026-06-12T04:41:03.817814+00:00,Billing,High,Refunds
TCK-v1.0-TOPUP-00052,Vikram Malhotra,+918066282953,"Hello, I was checking your website and saw some promotional offers for data packs. Could you tell me if these are still valid for existing postpaid customers? I'm not in a rush, just want to plan my next recharge. Thanks!",2026-02-20T14:32:29.953521+00:00,General,Low,Finance
TCK-v1.0-00929,Aarav Joshi,+919067904227,"I asked for a refund of Rs. 1200 for the double charge on my last bill, but it's still not in my account after a week. Also my internet keeps dropping for a few mins each evening, maybe you can check that too.",2026-07-27T20:40:53.570142,Refund,Medium,Refunds
TCK-v1.0-00117,Rohan Desai,+917036675254,"Sir/Madam, my mobile data has been acting up since yesterday – it connects for a few minutes then just drops. Not a huge emergency as I can use Wi‑Fi, but could you please look into it? Thanks.",2026-05-25T22:08:34.245747,Technical,Low,Technical
TCK-v1.0-00603,Aditya Desai,+918004310385,"Hello, I just saw my latest bill and it shows I was charged for a 2GB data pack while I'm actually on the 1GB plan. Not sure if it's a system glitch or if my plan got switched by mistake, but please look into it and correct the amount. Thanks!",2026-05-03T22:27:58.206472,Billing,Medium,Finance
TCK-v1.0-01613,Kavya Nair,+919935369378,"Hey, I was checking the app for recharge plans and got confused – there are many options and the descriptions aren't clear. Can someone explain which pack is best for light data users? Also, the UI flickers sometimes when I scroll. Not urgent, just need a quick clarification.",2026-03-04T06:29:48.730714+00:00,General,Low,General Support
TCK-v1.0-01848,Sneha Iyer,+919775255341,"Hey, I just got my new SIM but my phone keeps showing 'No Service' even after restarting. I tried re‑inserting the card and checking APN, nothing works. It's been 3 days and I can't make any calls. Please fix this ASAP, I'm losing work.",2026-03-16T15:24:39.425762+00:00,Technical,Critical,Technical
TCK-v1.0-00892,Isha Rao,+919982023684,"I tried logging into my account portal today but it keeps saying ""invalid credentials"" even though I'm sure my password is right. I even hit the reset link and the email never arrived, so I'm stuck. Also, I saw an extra charge on my last bill for data I never used, but I can't even check the details because I can't get into the portal. Please look into this when you get a chance.",2026-03-27T05:39:16.835191,Account,Low,Account
TCK-v1.0-01946,Karan Joshi,+919935290422,"Sir/Madam, my 4G keeps dropping even in my home office, I can't join any video call and it’s affecting my work. The signal is almost zero on the 3rd floor and even the street outside is bad. Please fix ASAP, this is really hurting my business.",2026-04-03T03:30:09.239992+00:00,Technical,Critical,Technical
TCK-v1.0-01702,Sneha Bhat,+917051569154,"I just got my latest bill and it's way higher than usual. I thought I was on the same plan, but there are extra charges I don't understand. Can someone check what's going on?",2026-05-28T23:35:10.695171+00:00,Billing,Medium,Finance
TCK-v1.0-00849,Ananya Malhotra,+919815720185,"Namaste, I was looking at the app for any new offers but couldn't find clear info. Can you tell me if there are any fresh data packs or combo deals this month? Thanks!",2026-03-19T03:37:48.126964,General,Medium,General Support
TCK-v1.0-00521,Isha Malhotra,+919602727857,"Hey, I noticed my latest bill has a charge for a 1GB data add‑on that I never asked for. I think maybe it's a mistake, but I'm not sure if it's because of some hidden plan upgrade or a system glitch. Can you please check why I was billed extra this month? Thanks.",2026-05-03T17:24:27.773428,Billing,Medium,Finance
TCK-v1.0-00986,Aarav Patel,+919938908386,"I paid my last month’s bill on the app but the amount is still showing as due and I haven’t got the reversal yet. I called support, they said it will be fixed, but it’s been days. Please sort this out quickly, I’m worried my connection will be cut.",2026-06-22T13:42:56.119700+00:00,Refund,High,Refunds
TCK-v1.0-01207,Priya Rao,+919764139537,I was looking at my latest bill and noticed I was charged extra Rs.200 for data I never used. Could you please check and correct it? It's probably a mistake. Thanks.,2026-05-08T15:53:19.185004+00:00,Billing,Low,Finance
TCK-v1.0-00777,Divya Iyer,+919946692548,"I got a new phone and asked the shop to transfer my old number to the new SIM, but even after 48 hours the number is still stuck on the old card. I cant receive OTPs and my work is suffering. I already paid the transfer fee, so please sort this out ASAP – this is really unacceptable!",2026-07-27T12:34:51.726645,Account,Critical,Account
TCK-v1.0-00953,Manoj Nair,+919744630600,"I just got my new sim today, but my phone still shows no service everywhere. Even after restarting, the network registration never completes. I need it for work tomorrow, plz fix ASAP!",2026-08-11T12:41:54.234601,Technical,Critical,Technical
TCK-v1.0-TOPUP-00028,Ritu Chauhan,+917075015374,"Hey, I tried to change my address in the app but it keeps showing the old one. I also noticed my data usage stats are off by a few GB, not sure if that’s related. Can you please update my registered info and look into the usage glitch? Thanks",2026-08-17T00:25:18.191025+00:00,Account,Low,Technical
TCK-v1.0-00801,Karan Desai,+919883708164,"Hello, I tried to top up my prepaid number yesterday but the payment got declined and the amount was still deducted from my bank. The app shows a failed transection and I haven't got my money back yet. Please look into this and process the refund soon, thanks.",2026-04-26T15:35:48.447866,Refund,Medium,Refunds
TCK-v1.0-00674,Kavya Verma,+919620443973,"I paid on 12th March for my prepaid pack and was told the double charge would be reversed, but the money is still gone from my bank. Also my 4G keeps dropping whenever I open WhatsApp, which is pretty annoying. Please sort out the refund soon. Thanks!",2026-05-14T22:30:47.112302,Refund,Medium,Refunds
TCK-v1.0-01203,Sanjay Patel,+919759407816,"Hey, I noticed Rs500 was deducted from my bank this morning for my monthly bill but my account still shows unpaid. Could you please update it? Not a big hurry, just want it sorted. Thanks.",2026-07-28T18:53:10.384278+00:00,Billing,Low,Finance
TCK-v1.0-01373,Priya Joshi,+917035841687,"I checked my profile on your app and it still shows my old address and wrong email, even after I updated it yesterday. This is causing my bills to go to the wrong place. Please fix it asap, I'm getting worried.",2026-03-31T04:04:20.766028+00:00,Account,High,Account
TCK-v1.0-00739,Sanjay Patel,+919705786170,"Maine aaj prepaid recharge kiya Rs.399 ka netbanking se, paisa bank se cut gaya lekin mera balance abhi tak update nahi hua, data bhi nahi chal raha. Kripya dekh kar jaldi se credit kar dein.",2026-05-04T20:33:26.804082,Billing,Medium,Finance
TCK-v1.0-01362,Suresh Verma,+919026801824,"Sir, I got a new SIM but it's still showing my old number in the app and my wife can't use the transferred line. I tried contacting support but the call dropped, and I also noticed a small extra charge of ₹45 on my last bill. Please fix the SIM ownership issue asap and clarify the charge. This is really hurting our daily work.",2026-07-07T07:03:33.545238+00:00,Account,High,Account
TCK-v1.0-00410,Rohan Gupta,+919662103886,I recharged my number 5 days ago for ₹499 but the amount got deducted twice. I have already contacted support but they said they'd get back in 48 hrs which is already passed. Please process a refund for the extra amount immediately. This is causing trouble with my budget.,2026-07-09T21:20:04.923202,Refund,High,Finance
TCK-v1.0-00103,Karan Kapoor,+918090053293,"Mujhe kal rechrage kiya tha Rs 500 ka, lekin balance mein dikha nahi. Abhi tak refund nahi aaya, thoda help karein, please. Thank you.",2026-07-30T23:07:47.808456,Refund,Medium,Refunds
TCK-v1.0-00301,Pooja Malhotra,+917005992937,"Sir/Madam, since morning my 4G keeps dropping in our colony near Sadar Bazar. I try to load anything – even WhatsApp messages – and it just shows 'No network'. I have checked SIM in other phone and it's fine, so must be your tower. Please sort this asap, it's affecting my work. Thanks.",2026-04-01T07:15:48.305285,Technical,High,Technical
TCK-v1.0-01717,Sanjay Malhotra,+919008989921,"I topped up my account yesterday and saw the amount deducted, but the balance still shows the old amount. I was told the reversal would happen today, yet nothing changed. Please check and process the refund soon, as I need the credit for my data pack.",2026-04-26T22:35:57.650874+00:00,Refund,Medium,Refunds
TCK-v1.0-01448,Isha Sharma,+919656272980,"I got my bill for March and it's showing the same amount twice – two separate lines for the same plan. I called earlier but they said it will be fixed, yet my account still shows double charge. Please sort this out fast, I can’t afford to pay extra for something I didn’t use.",2026-05-10T09:19:35.259111+00:00,Billing,High,Finance
TCK-v1.0-00190,Suresh Joshi,+919854788728,I was checking my latest bill and i see an extra Rs. 799 charge that i never used. I'm not sure wht it's for – maybe a data pack? pls clarify and adjust if its a mistake. thx.,2026-04-20T08:11:27.451049,Billing,Medium,Finance
TCK-v1.0-00788,Karan Chauhan,+919859741218,"Hey team, can you tell me what recharge options are there for my prepaid number? Like any combo packs, auto‑recharge or e‑wallet discounts? Just need the details, thanks.",2026-07-03T15:35:15.167368,General,Low,General Support
TCK-v1.0-00643,Sanjay Chauhan,+919019788977,"I cancelled my postpaid plan last week and was promised the Rs.5000 refund within 7 days, but till now nothing has come. I even tried calling the helpline and got a busy tone, and the network in my area keeps dropping calls which makes it even harder to reach you. Please sort out my refund soon.",2026-03-27T11:29:24.412472,Refund,Medium,Refunds
TCK-v1.0-01602,Kavya Joshi,+919003311907,"I was billed Rs. 799 for my 299 plan this month! This is clearly a mistake. Please adjust it immediatly. Also, my data speed is laggin after the last network update, but that’s not the main issue. I need this fixed asap.",2026-03-18T06:29:06.299274+00:00,Billing,High,Finance
TCK-v1.0-01334,Ananya Gupta,+919773322141,"I got charged twice for my July data pack, amount shows as Rs. 599 twice. I tried calling support but got a busy tone, and they said they'll call back which never happened. Also, my caller ID is still showing my old number even after I updated it last week. Please fix the double charge asap!",2026-04-10T19:01:47.313784+00:00,Billing,High,Finance
TCK-v1.0-00260,Rahul Kapoor,+919667116845,"Hey, I was trying to topup my number but the app only shows a few recharge packs with weird amounts. Can you tell me what other options are available? Also, some promos disappear as soon as I open the app – not sure if it’s a bug or just limited choices. Plz help.",2026-04-23T01:14:03.185692,General,Medium,General Support
TCK-v1.0-00945,Arjun Sharma,+919972751648,"I was checking my latest bill and noticed I was charged twice for the same data pack. The first charge was on 5th Aug and again on 7th Aug for the same amount. I called earlier but they said it was a system glitch and promised a fix, yet the duplicate still shows. Please sort this out quickly, I cannot afford to pay extra. Thanks.",2026-08-17T02:41:22.206300,Billing,High,Finance
TCK-v1.0-01624,Pooja Sharma,+919863159996,"Hi, I was checking your website for any new offers and couldn't find the updated data packs. Can you tell me if there's any promotion for 1GB/month? Not urgent, just need info. Thanks!",2026-05-28T03:30:36.924392+00:00,General,Low,Technical
TCK-v1.0-01625,Rahul Rao,+919673586629,"Hey, I topped up Rs.500 yesterday but my balance still shows zero. I called support and they said they'd process a refund, but it's been 48 hours and nothing. I need that money back ASAP for my daughter's school fees. This is really causing stress, please sort it out immediately!",2026-03-02T15:30:42.249606+00:00,Refund,Critical,Refunds
TCK-v1.0-00099,Rohan Kapoor,+919074612004,"Sir, my data keeps dropping after a few mins even though I am in a 4G area. I tried restarting the phone, toggling airplane mode and even reinstalling the app but nothing helps. Could you please check if there is any network problem on your side? I need data for work, but it’s not working properly.",2026-04-13T13:07:41.803834,Technical,Medium,Technical
TCK-v1.0-01045,Divya Desai,+919678377701,"Hey, my messages are not going out and I also can't receive any SMS on my phone. It started yesterday after I swapped SIM. I tried restarting, but still nothing. Please fix it soon, it's affecting my work.",2026-06-03T20:46:38.406775+00:00,Technical,Medium,Technical
TCK-v1.0-01997,Ananya Sharma,+919997021355,"I topped up my mobile last night, but the amount didn't show up in my balance. I checked the transaction and it's cleared from my bank, so I think there is some glitch. Please process the refund soon, I need the money for my daily expenses. Thanks.",2026-05-12T17:32:54.723340+00:00,Refund,Medium,Refunds
TCK-v1.0-01601,Ritu Iyer,+917063375243,"I tried updating my address in the app yesterday but it still shows my old one. Every time I call, I'm told it's fixed but nothing changes. This is affecting my bills and I can't get important messages. Please sort this out ASAP!",2026-07-22T02:29:03.343865+00:00,Account,High,Account
TCK-v1.0-01846,Sanjay Patel,+919759407816,"My internet has been crawling for the last two days, even simple browsing takes ages. I tried rebooting the router and checking my data usage, but nothing changed. This is affecting my work from home. Please look into it ASAP.",2026-07-29T18:24:37.140358+00:00,Technical,High,Technical
TCK-v1.0-01494,Manoj Mehta,+919724745171,"My 4G keeps dropping calls every few minutes, it's driving me crazy, especially during my work calls. Also, I noticed a small extra charge of Rs. 20 on my latest bill which I don't understand. Please fix the network and clarify the charge ASAP",2026-07-13T20:21:52.859391+00:00,Technical,High,Technical
TCK-v1.0-00028,Aditya Bhat,+917049808412,"Hey, I have been facing no network at all in my locality (Sector 12, Gurgaon) since yesterday evening. Calls drop instantly, even WhatsApp messages won't send. I tried restarting, SIM swap, but nothing works. This is affecting my work as I need to attend client calls. Please sort this out ASAP, this is getting unbearable!",2026-06-11T13:05:14.647620,Technical,Critical,Technical
TCK-v1.0-01580,Ritu Reddy,+918078652785,"Hey, my SMS are totally dead! I try sending to my family and nothing goes through, and I don't get any incoming messages either. It's been 5 hours and I'm missing important work updates. Please fix this ASAP, it's killing my productivity!",2026-04-01T16:28:03.073442+00:00,Technical,Critical,Technical
TCK-v1.0-01071,Sanjay Kapoor,+919858657809,"Mujhe abhi abhi apna account lock ho gaya after 3 wrong PIN attempts, ab login nahi ho raha. I tried resetting but the OTP never comes, and on top of that my last bill still shows extra Rs.200 that I never used. Please fix it ASAP!",2026-07-31T20:48:44.093006+00:00,Account,Critical,Account
TCK-v1.0-00054,Sneha Joshi,+919974529912,"I toppedup my prepaid number yesterday with Rs.500 and the amount got deducted, but the recharge never reflected. I raised a ticket on the app and still see no reversal. Please process the refund soon, it's causing inconvenience.",2026-05-30T13:06:16.126762,Refund,Medium,Refunds
TCK-v1.0-TOPUP-00044,Meera Patel,+919923064542,I cancelled my prepaid pack last week and was told I'd get the Rs.200 refund within 7 days. It's now 10 days and still nothing. Please check and process when you can. No big hurry.,2026-05-15T19:30:36.487966+00:00,Refund,Low,Finance
TCK-v1.0-00151,Rahul Patel,+919056676527,"Hi, my internet keeps dropping intermitently for the past few days. It's not a total outage, just keeps cutting out while I'm watching videos or on calls. Not urgent but would appreciate if you could look into it. Thanks.",2026-02-21T01:09:47.172394,Technical,Low,Technical
TCK-v1.0-00977,Pooja Joshi,+919803002156,"I tried to recharge my prepaid number today and the payment got stuck. I entered my card details, got the OTP, but after confirming it says transaction failed while the amount was deducted from my bank. Please look into it and credit back my balance soon, I need the data pack for work.",2026-06-21T11:42:46.688018,Billing,Medium,Finance
TCK-v1.0-00906,Rohan Gupta,+919979724572,"I topped up my prepaid account two days ago and the amount got deducted, but I still don't see the balance. I raised a request for reversal but it's still pending. Please sort this out soon.",2026-06-16T15:39:55.030696,Refund,Medium,Refunds
TCK-v1.0-01790,Suresh Bhat,+919887814141,"Hello, I topped up my prepaid account yesterday and the amount was deducted from my bank, but I still see zero balance. Maybe the credit will come through soon? Please check and let me know. Thanks.",2026-06-29T04:40:57.899316+00:00,Billing,Low,Refunds
TCK-v1.0-01069,Arjun Desai,+919666270289,"I tried to log into my account today and it just keeps saying 'invalid credentials' even though I’m sure I’m typing the right password. I even reset it twice, but still locked out. I need to check my data usage ASAP, please fix this quickly!",2026-05-26T00:48:41.745038+00:00,Account,Critical,Account
TCK-v1.0-01608,Divya Nair,+919951751830,I topped up my prepaid number yesterday but the amount never showed up. The app says pending and I’ve tried contacting support but got generic replies. I’d appreciate if the recharge amount is returned soon – it’s affecting my daily calls. Not a huge emergency but I need it fixed.,2026-06-11T15:29:35.737296+00:00,Refund,Medium,Refunds
TCK-v1.0-00570,Pooja Reddy,+918046015851,"I tried to log into my account today but it keeps saying wrong password even though I'm sure it's correct. I even reset it, but still stuck. Can you please help? Thanks.",2026-04-22T07:26:38.427493,Account,Medium,Account
TCK-v1.0-00236,Isha Joshi,+919035646519,"Hey, my SMS are not sending or receiving properly. I try to send a msg to friends and it says sent but they never get it, and I also miss incoming texts. It's been a few days and I'm losing important info. Please check this soon.",2026-06-26T22:13:00.892995,Technical,Medium,Technical
TCK-v1.0-00733,Meera Mehta,+917009837801,"I tried to recharge my prepaid number this morning but the payment got declined even though my card has enough balance. I checked the transaction and it shows pending, but I still can't use my data. Please sort this out soon.",2026-03-01T23:33:07.647188,Billing,Medium,Finance
TCK-v1.0-01928,Aditya Patel,+917070262174,"I have been trying to log into my MyVodafone app for the past 3 days and it just says 'invalid credentials' even though I reset the password. Meanwhile my latest bill shows an extra Rs.500 charge that I never made. Please fix the login ASAP, I need to check my data usage and this extra charge is worrying me.",2026-05-24T16:29:02.092871+00:00,Account,Critical,Account
TCK-v1.0-01985,Aditya Joshi,+919810432898,"Hello, I noticed that Rs.500 was taken from my bank today for my monthly recharge, but my account still shows zero balance. I checked the app and it still says unpaid. Could you please look into it? It's not urgent, just want to make sure it gets cleared soon. Thanks.",2026-05-03T08:32:19.206101+00:00,Billing,Low,Finance
TCK-v1.0-00580,Rohan Desai,+918094672324,"Mujhe aaj bill mein do baar ₹699 ka charge dikh rha hai, ek hi month ke liye. Maine customer care ko call kiya, unhone bola ki system glitch ho sakta hai, lekin abhi tak refund nahi mila. Ye bahut hi serious issue hai, turant resolve karein warna main connection bandh kar dunga.",2026-04-06T02:27:02.613029,Billing,Critical,Finance
TCK-v1.0-01870,Aditya Bhat,+917049808412,"Hey, I am trying to login to my account on your portal but it keeps saying 'invalid credentials' even though I haven't changed my password. Could you please look into it? No big hurry, just need access soon. Thanks.",2026-06-13T08:26:08.858386+00:00,Account,Low,Account
TCK-v1.0-00263,Priya Patel,+918070127706,"I have been getting really weak signal on my phone for the past week, especially when I’m on the bus or at my aunt’s house. Calls keep dropping and I have to move around to get even a sliver of reception. Not a huge emergency but it’s getting annoying, please check the towers in my area.",2026-06-26T18:14:09.395144,Technical,Low,Technical
TCK-v1.0-01328,Meera Joshi,+917067980793,"Hey, I need some clarity on your recharge options. The website shows a few plans but when I try to select one, it either disappears or shows a weird error. I’m not sure if it’s a bug or just me missing something. Can you guide me on the proper way to recharge? Thanks.",2026-05-27T17:01:09.230149+00:00,General,Medium,General Support
TCK-v1.0-01908,Isha Patel,+919009477752,"Hey, I just got my latest bill and it's way higher than usual—₹2,500 instead of around ₹1,200. I didn't add any extra services. Can someone check why I'm being overcharged? Please revert the extra amount or explain it. Thanks.",2026-08-06T03:28:01.439321+00:00,Billing,Medium,Finance
TCK-v1.0-00949,Aditya Iyer,+919728928664,"I tried updating my address in the app but it still shows the old one. I called the helpline and was told to email, but I haven't heard back yet. Please sort this out soon so my future bills go to the right place.",2026-03-01T18:41:33.091073,Account,Medium,Account
TCK-v1.0-00073,Suresh Malhotra,+919771746488,"Sir/Madam, my mobile keeps dropping calls every few minutes. I was on an important conference call today and the line just cut off, then again when I tried to call my mom. It's been happening since yesterday, and it's driving me crazy. Please fix it ASAP, I can't work like this.",2026-04-13T02:06:40.685158,Technical,High,Technical
TCK-v1.0-01679,Pooja Iyer,+919920863536,"I recharged my prepaid number 5 minutes ago but the amount got deducted and the balance is still zero. I need the money back ASAP, this is causing me a lot of inconvenience. Please process the refund immediately!",2026-05-29T19:33:47.653372+00:00,Refund,High,Refunds
TCK-v1.0-00017,Suresh Gupta,+919810310518,I am extremely frustrated! I tried logging into my account for the past 2 hours and it just keeps saying 'invalid credentials' even though I'm sure I'm using the right password. I cannot check my bill or recharge and it's affecting my work. Please fix this ASAP!,2026-06-18T08:04:30.323108,Account,Critical,Account
TCK-v1.0-01708,Sanjay Patel,+919079327104,"Hi, can you tell me what the current recharge offers are? I saw some promos on social media but not sure if they're still valid. Please share details. Thanks!",2026-08-13T17:35:40.404043+00:00,General,Low,General Support
TCK-v1.0-00477,Rohan Desai,+919772791940,"Mujhe aaj ke bill mein premium data plan ka charge dikh raha hai jabki main sirf basic 1GB plan pe hoon. Maine customer care ko call kiya lekin unhone koi solution nahi diya. Kripya is galti ko turant sudharein, varna mera salary ka hisaab bigad jayega.",2026-03-23T04:22:56.729773,Billing,High,Finance
TCK-v1.0-00991,Ananya Mehta,+918032764835,"Hey, I noticed I'm being charged twice for last month’s postpaid bill. The amount shows 2,199 instead of 1,099. Please correct the duplicate billing and adjust my account. Thanks.",2026-08-03T20:43:21.424888+00:00,Billing,Medium,Finance
TCK-v1.0-00591,Aditya Nair,+919863356939,"Sir/Ma'am, I recharged my SIM on 12th April for Rs.599 and the money got deducted from my bank, but still my balance shows zero. I was told the amount will be credited back if there is any issue, but I haven't seen anything yet. Kindly look into this and process the reversal soon. Thanks",2026-07-09T22:27:20.534257,Refund,Medium,Refunds
TCK-v1.0-01789,Kavya Malhotra,+918082223943,"Hey, I need to change the registered address and email on my account. The app keeps showing an error when I try to edit the details. It's not urgent, just want it updated correctly when I get a chance. Please guide me through the steps.",2026-07-20T22:40:46.323082+00:00,Account,Low,Account
TCK-v1.0-00988,Sanjay Patel,+919759407816,"Sir, my calls keep dropping after a few seconds, even on 4G, and it's ruining my work. I also tried to check my data usage but the app shows 'N/A' – maybe my account details missing? Please fix the call drop and sort the app bug ASAP.",2026-07-28T10:43:11.013455+00:00,Technical,High,Technical
TCK-v1.0-00222,Priya Patel,+919666870021,"Hello, my account got locked after I entered wrong password a few times. I tried to reset it but the OTP never arrived on my registered mobile, so I'm stuck. Also, I noticed that my last data usage statement is not showing up in the app, but it's not urgent. Please help me unlock the account when you can. Thanks.",2026-04-12T03:12:42.072286,Account,Low,Account
TCK-v1.0-01488,Rohan Joshi,+919069379237,"I tried to log in to my account portal today but it just keeps showing a blank page. I think maybe my password is okay, but I'm not sure what's wrong. Could you check when you get a chance? Not a big deal, just want to see my usage.",2026-03-08T19:21:46.818316+00:00,Account,Low,Account
TCK-v1.0-01006,Ananya Iyer,+919864746872,"Sir, I have been trying to login to my MyTel account for the past two days, but each time it says 'invalid credentials' even though I’m sure I’m using the right password. I even tried resetting it, but the link never arrives. This is really hurting my service usage, please fix asap.",2026-06-30T18:43:59.859157+00:00,Account,High,Account
TCK-v1.0-00609,Aarav Desai,+917085474929,"Sir/Ma'am, I had asked for a payment reversal on my last bill but it's still showing as paid. I made the request two weeks ago and even got a reference number, yet the amount is not credited back to my account. Please check and process the refund soon, otherwise I might have to stop using the service. Thank you.",2026-04-26T06:28:12.295998,Refund,Medium,Refunds
TCK-v1.0-01796,Rahul Mehta,+917072563942,"Hey, my internet keeps dropping every few minutes for the past week. I tried restarting the router, but it still flickers. Support said they'd check, yet nothing changed. It's getting frustrating, but I can manage for now. Please look into it soon.",2026-04-22T11:41:06.535157+00:00,Technical,Medium,Technical
TCK-v1.0-01022,Kavya Sharma,+917083561595,"Hey, I need to change my address and email on my account but the app keeps giving error. I've called support twice and they just reset my password. Please fix it soon, I'm moving next week and need the bills sent to the right place.",2026-03-02T00:45:26.799644+00:00,Account,Medium,Account
TCK-v1.0-00809,Divya Mehta,+917003091436,"Hey, I got a new SIM a week back but my phone often fails to register on the network. It works after a quick restart, yet most of the day I see ‘No Service’ even in my usual area. Not a big emergency but it’s kinda annoying. Could you please look into why the registration is flaky?",2026-06-15T21:36:05.877115,Technical,Low,Technical
TCK-v1.0-01824,Karan Sharma,+917080500978,I cancelled my prepaid plan last week and was told the money would be refunded in 3 days. Still no credit and I keep getting billing alerts. Can you please look into it?,2026-04-06T00:34:31.032197+00:00,Refund,Medium,Refunds
TCK-v1.0-00951,Meera Malhotra,+917017890463,"I recently got a used phone and the SIM still has the previous owner's name on it. I tried changing the details in the app but it says I can't update the name. Can you please help me transfer the SIM to my own name? It's not super urgent, I can wait a few days for it to be sorted out.",2026-06-21T02:41:39.823706,Account,Low,Account
TCK-v1.0-00051,Suresh Kapoor,+919816272046,"Bhai, can you tell me the recharge options for my prepaid number? I also noticed my data usage shows a wrong amount after I switched to the new plan, but it's not urgent.",2026-05-26T10:05:40.388335,General,Low,General Support
TCK-v1.0-00623,Suresh Reddy,+919020284576,"I topped up my prepaid number a couple of days ago, but the amount still hasn't shown up in my balance. I thought the money would be credited instantly, and now I'm worried because I need to use data for work. I even tried contacting support, but they said they'd look into it. Please sort this out quickly, I don't want to be charged again.",2026-05-22T11:28:38.894835,Refund,High,Refunds
TCK-v1.0-01956,Vikram Kapoor,+919631585149,"I tried logging into the MyAirtel portal today but it keeps saying 'invalid credentials' even though I never changed my password. Also, I noticed my last bill shows extra charges for international calls I never made. Please help me reset my login and explain the charges.",2026-06-22T22:30:32.840999+00:00,Account,Medium,Account
TCK-v1.0-00201,Vikram Rao,+918065676618,"Hey, I'm really stuck! After just a few wrong PIN tries my account got locked and I can't even login to check my data balance. I've been a subscriber for years, but now I can't make calls or recharge. Please unlock it ASAP, this is causing a huge hassle!",2026-07-13T20:11:48.452788,Account,Critical,Account
TCK-v1.0-00697,Meera Desai,+919649956412,"Sir/Madam, I just got my latest bill and it shows I was charged for the 5GB data pack even though I'm on the 2GB plann. This is the third time this month and I need it fixed ASAP, otherwise I can't pay and my service will be cut. Please look into this mismatch and adjust the invoice, I'm really upset.",2026-07-14T16:31:44.495273,Billing,Critical,Finance
TCK-v1.0-01008,Priya Mehta,+919821913619,"Hey, my SMS service suddenly stopped working. I can't send any messages and incoming texts never show up, even after restarting phone. This is affecting my work as I need to receive OTPs urgently. Please fix ASAP!",2026-06-15T09:44:12.878108+00:00,Technical,Critical,Technical
TCK-v1.0-00767,Aditya Malhotra,+919007303379,"Sir/Madam, I have a question about the new data rollover plan you advertised. I tried to check the details on the app but it just shows a blank screen after I tap on 'Plan Benefits'. Also, my last bill still shows an extra Rs. 150 for a service I never used. Can you please clarify the rollover rules and correct the bill? Thanks.",2026-06-24T09:34:34.208060,General,Medium,General Support
TCK-v1.0-01735,Suresh Bhat,+919953875842,"Hey team, I noticed some new data packs advertised on the app but when I try to buy them they are not showing up for my number. Not sure if it's a glitch or if the offers are just for new customers. Can you please check and let me know? Thanks.",2026-03-03T10:37:14.279083+00:00,General,Low,General Support
TCK-v1.0-01866,Priya Mehta,+919821913619,"I got a new phone and asked the shop to transfer my old SIM to it, but now my number shows up as 'inactive' on the app and I can't make calls. They told me it's a paperwork thing, but it's been 3 days and I'm missing important calls. Please sort this out quickly, I need my line active ASAP.",2026-06-16T17:25:37.701495+00:00,Account,High,Account
TCK-v1.0-01645,Suresh Patel,+919082553714,"Sir/Madam, our 4G signal has been missing in our colony for a few days. It’s not a huge issue but we’d appreciate if you could check the tower, thanks.",2026-02-28T12:31:39.663272+00:00,Technical,Low,Technical
TCK-v1.0-00279,Suresh Kapoor,+919877850792,"Hey, I was wondering if there's any way to check my data balance without using the app, maybe via USSD? I tryed *123# but it just shows some random numbers. Not urgent, just curious if there's a simpler method.",2026-05-15T11:14:54.515977,General,Low,General Support
TCK-v1.0-01929,Sanjay Kapoor,+919858657809,"Hey, I just got my new SIM and even after 2 days it's still not registering on the network. Calls drop instantly and data says 'No Service' everywhere. I tried restarting, re-inserting, but nothing. Please sort this ASAP, it's affecting my work.",2026-08-02T04:29:03.553178+00:00,Technical,High,Technical
TCK-v1.0-00658,Ritu Verma,+918007001594,"Hey, I recharged my number 5 days ago for Rs. 599 but the amount was deducted twice from my bank. I contacted support and they said they'd process a refund, but I haven't seen any credit yet. Also, my data speed has been lagging a bit since then, though it's not a big deal. Please sort out the double charge refund soon.",2026-08-01T03:30:08.127778,Refund,Medium,Refunds
TCK-v1.0-00375,Neha Desai,+918006665800,"Hi, I was checking the app and saw some new combo offers. Could you tell me more about the benefits and if they are available for my current plan? Also, is there any extra charge if I switch now? Thanks.",2026-06-14T10:18:50.079090,General,Low,General Support
